pair,periods_selected,n_trades,gross_pnl,total_costs,net_pnl,periods_profitable
UAL/VZ,2,3,50988.13789422188,510.40291446797266,50477.73497975391,2
FCX/WYNN,2,6,30996.23129262246,1733.4547138376745,29262.776578784786,2
CZR/TOL,3,5,27734.41855554818,959.0180073296218,26775.40054821856,3
KBH/WYNN,4,4,25026.580843239706,960.8580145889258,24065.72282865078,3
MGM/TMUS,3,4,21442.790135786807,592.9085135873759,20849.881622199435,3
NEM/TXN,2,4,19869.828731669277,531.1834186382705,19338.645313031004,2
AAL/SPG,2,3,18702.675170344533,505.62270170049436,18197.052468644044,2
CZR/UNP,2,3,17845.42442781351,449.93828144108954,17395.48614637242,2
FCX/MRK,1,4,17866.749201979954,808.9385421017214,17057.810659878232,1
KGC/SO,2,5,18241.401020109573,1448.347569402365,16793.053450707208,2
INTC/SO,2,2,16153.13290178889,240.4916902526327,15912.641211536255,2
CZR/JPM,2,3,16210.071365238322,430.7397291107052,15779.331636127612,2
MA/MOH,1,1,14437.054525199914,108.70338901439978,14328.351136185513,1
ELV/NUE,2,4,14232.856630595898,467.576642624938,13765.279987970956,2
CNC/ED,2,2,13273.980287228578,301.21743237021667,12972.76285485836,2
C/TOL,2,3,12655.627016686807,496.6096299294444,12159.017386757358,1
CZR/TMUS,2,3,12495.1743743546,498.16607102243694,11997.00830333217,2
DAL/HUM,2,3,12208.754709236233,399.1249939755953,11809.629715260642,1
GOLD/PEP,2,2,12102.429407139749,332.5798510483253,11769.849556091423,1
TXN/VZ,1,1,11297.554609599712,110.3407975456572,11187.213812054055,1
INTC/KGC,1,1,11089.57840241304,152.76636692857926,10936.81203548446,1
MGM/T,2,6,11215.777030939858,987.68625539228,10228.09077554758,1
AAL/PGR,2,2,10509.534656669688,368.07886640459697,10141.455790265092,2
MGM/PFE,1,3,9595.188708184927,612.9717826414847,8982.216925543442,1
AMD/CSX,1,3,9344.471690000137,364.95073587752984,8979.520954122607,1
C/CZR,2,7,9527.380495797193,922.0551315527929,8605.3253642444,1
EMN/HII,2,4,9254.957921767482,725.3915819295074,8529.566339837971,1
NOC/PLD,1,1,8637.163536726946,124.17019162617595,8512.993345100771,1
DAL/O,2,3,8902.007936762497,470.1418190595188,8431.866117702979,1
AAL/ELV,1,1,8484.438757388001,106.82109255742182,8377.617664830579,1
NEM/RIO,2,2,8728.00777166077,431.8220825674674,8296.185689093298,1
MA/NUE,2,2,8187.968401813301,171.08671907674713,8016.881682736557,2
GDX/MA,1,1,8009.599325472684,139.97271835436254,7869.62660711832,1
MA/UNH,2,2,8050.666685178191,223.70661762100235,7826.960067557188,2
LUV/PGR,1,1,7846.015598883035,107.54585115110837,7738.469747731926,1
MA/TECK,2,2,7779.359216883962,228.41295045255274,7550.946266431408,2
KBH/UAL,1,1,7559.066152197784,175.1249284604203,7383.941223737364,1
UAL/UNH,1,1,6909.688446681749,154.44699510524157,6755.241451576508,1
NVR/SPG,2,6,7596.094523367221,861.0286591735273,6735.0658641936925,1
GOLD/PFE,1,1,6879.599384307858,147.88517501004443,6731.714209297813,1
NEM/SO,1,1,6927.886469590946,227.66790026614626,6700.218569324796,1
AVGO/DD,1,2,6841.876415923933,210.8776690380851,6630.998746885847,1
SCCO/V,1,1,6546.963409859327,110.33838111009659,6436.625028749231,1
PCAR/WFC,2,5,7140.671345653843,744.8074527042897,6395.863892949553,1
CBOE/GIS,1,1,6520.628962931176,128.09142616722949,6392.537536763946,1
PHM/QCOM,1,1,6257.829141248549,169.36469173524495,6088.464449513304,1
AAL/INTC,1,3,6420.571392914006,426.24937057233404,5994.322022341671,1
DD/TOL,1,6,6533.4981675615,756.2044120108015,5777.2937555507,1
AAL/TXN,1,1,5705.139876849362,139.43204010108377,5565.707836748277,1
MRK/USB,2,6,5914.2414120870635,622.202545022393,5292.038867064668,1
ELV/HLT,1,1,5081.955027887306,173.3515954180906,4908.603432469215,1
GDX/ICE,2,4,5292.164252722634,493.1446625785105,4799.019590144123,1
AEM/PLD,1,1,4821.674235481978,150.0664656320484,4671.607769849929,1
CE/SCCO,1,4,5420.5874631781,759.4239793923174,4661.163483785782,1
MDLZ/RTX,1,1,4452.0784033573855,106.82330023787233,4345.2551031195135,1
MGM/UAL,1,2,4331.825992884014,289.52211123399815,4042.3038816500157,1
HUM/ICE,1,4,4471.4263123423225,435.8847732099908,4035.5415391323295,1
UNH/XEL,1,3,4392.721313418892,378.7046457946467,4014.0166676242443,1
CZR/ICE,1,2,4137.964775097698,238.0994543565624,3899.865320741136,1
C/NOC,1,1,3907.0310874345964,88.69498102005781,3818.3361064145383,1
EXC/WM,1,1,3865.312081522251,202.1921155120313,3663.119966010221,1
CZR/UPS,1,3,4102.928636074967,451.04881318052253,3651.8798228944424,1
ICE/MGM,2,4,4098.402316696965,600.396303997763,3498.006012699201,1
NUE/NVDA,1,1,3631.812591354205,224.51607474935565,3407.2965166048502,1
DAL/NOC,1,2,3704.521104046239,315.0391390716769,3389.481964974563,1
ALL/KBH,1,3,3896.4073123637454,508.14958106773054,3388.2577312960166,1
ELV/KO,1,1,3541.529712771684,169.39127570103255,3372.1384370706523,1
EXC/TECK,2,5,4162.757086761922,881.1017058779722,3281.65538088395,1
FCX/MGM,1,1,3324.436882552428,133.33397713562363,3191.102905416804,1
MAR/TECK,1,1,3301.846421229742,111.50486358146222,3190.34155764828,1
ELV/T,1,1,3286.0478370194423,186.96033108671233,3099.087505932731,1
PNC/RIO,1,2,3042.012551793312,292.27151012067543,2749.741041672636,1
AAL/MOH,1,2,2960.600666727301,296.1584125700952,2664.442254157203,1
EXC/GD,1,1,2859.6747015740693,207.55507159099508,2652.119629983076,1
CE/NOC,1,4,3601.41343923794,989.3664593448748,2612.046979893068,1
BAC/NVDA,1,1,2630.1672006181334,117.89803092204767,2512.269169696085,1
BHP/PGR,1,2,2834.9121567306865,332.56781566732303,2502.3443410633645,1
AMD/MGM,2,2,2846.9116174428846,361.15791321989707,2485.753704222988,1
MGM/STLD,2,2,2581.207285708774,292.11327009010955,2289.0940156186643,1
ELV/WM,1,1,2097.8277555802924,176.1038647102624,1921.7238908700301,1
DD/FCX,1,2,2090.4312613688285,286.8167089770158,1803.6145523918137,1
HUM/LLY,2,3,2203.605029743623,451.09910098795547,1752.5059287556696,1
CMI/DHI,1,2,1700.2875938792272,242.75773189531992,1457.5298619839075,1
AAL/UAL,2,2,1578.4685589808469,252.90021791990438,1325.5683410609436,1
AEM/CAT,1,1,1353.61193606012,156.8929270732848,1196.7190089868357,1
MGM/UPS,1,2,1290.476634040464,277.7894581509556,1012.6871758895086,1
KBH/UNP,1,1,1145.0522952340957,165.75272939328917,979.2995658408064,1
GDX/GIS,1,1,1109.9735449709392,141.76894265967059,968.2046023112684,1
AEM/AEP,1,2,1041.039867417715,229.2444437846252,811.795423633092,1
AAL/MGM,1,2,804.6236948954461,367.58747243373557,437.03622246171085,1
KGC/TMUS,1,1,687.6808868516255,257.03250190134725,430.64838495027846,1
GDX/MOH,1,2,574.2679667515115,270.19932711216967,304.0686396393389,1
AIG/EXC,1,2,557.9719748926191,259.5970047852707,298.3749701073473,1
NVR/WYNN,1,1,222.71773840211893,214.0441619323505,8.673576469767,1
DD/TMUS,1,0,0.0,0.0,0.0,0
ELV/WYNN,1,0,0.0,0.0,0.0,0
DE/RIO,1,0,0.0,0.0,0.0,0
DD/RSG,1,0,0.0,0.0,0.0,0
DD/MRK,1,0,0.0,0.0,0.0,0
CZR/PGR,1,0,0.0,0.0,0.0,0
CB/TECK,1,0,0.0,0.0,0.0,0
CZR/WFC,1,0,0.0,0.0,0.0,0
CZR/NDAQ,1,0,0.0,0.0,0.0,0
MGM/TECK,1,0,0.0,0.0,0.0,0
PNC/TXN,1,0,0.0,0.0,0.0,0
NVDA/TFC,1,0,0.0,0.0,0.0,0
PHM/RSG,1,0,0.0,0.0,0.0,0
QCOM/TECK,1,0,0.0,0.0,0.0,0
KHC/PYPL,1,0,0.0,0.0,0.0,0
LMT/WYNN,1,0,0.0,0.0,0.0,0
KGC/STLD,1,0,0.0,0.0,0.0,0
IHG/WYNN,1,0,0.0,0.0,0.0,0
HUM/NSC,1,0,0.0,0.0,0.0,0
INTC/PLD,1,0,0.0,0.0,0.0,0
GPN/HII,1,0,0.0,0.0,0.0,0
QCOM/TOL,1,0,0.0,0.0,0.0,0
RTX/TECK,1,0,0.0,0.0,0.0,0
AEM/O,1,0,0.0,0.0,0.0,0
AEM/STLD,1,0,0.0,0.0,0.0,0
LVS/TOL,1,0,0.0,0.0,0.0,0
MA/RTX,1,0,0.0,0.0,0.0,0
NEM/O,1,0,0.0,0.0,0.0,0
MGM/V,1,0,0.0,0.0,0.0,0
KGC/TECK,1,0,0.0,0.0,0.0,0
UAL/WM,1,0,0.0,0.0,0.0,0
UAL/USB,1,0,0.0,0.0,0.0,0
EXC/RSG,1,1,183.77586156259895,210.3437461744179,-26.567884611818954,0
CZR/HLT,1,3,340.4796243467732,521.5511048095474,-181.07148046277433,0
MDLZ/WM,1,2,-550.5940225321738,218.35344569058887,-768.9474682227619,0
CZR/UNH,1,2,-507.23478608373716,316.4012665093925,-823.6360525931267,0
EXC/WFC,1,1,-865.3908965408427,210.0494642895825,-1075.440360830426,0
EXC/HLT,1,1,-976.6696487423078,142.89027726411294,-1119.55992600642,0
HUM/JPM,1,3,-1130.6010871211274,369.4466890297259,-1500.047776150849,0
CBOE/DD,1,4,-1116.0640756530013,414.9720260137987,-1531.0361016667991,0
GDX/SCCO,1,1,-1589.3321684177727,124.17376081340743,-1713.5059292311798,0
GDX/LYB,1,3,-1372.3339723608572,371.247029943124,-1743.581002303979,0
GDX/IHG,1,1,-1618.7460874122921,126.8596507375664,-1745.605738149858,0
GOLD/GPN,1,1,1262.052374335955,3030.169493329683,-1768.117118993729,0
NUE/TECK,1,2,-1539.8471444826619,374.38827003626994,-1914.2354145189324,0
MDLZ/RSG,1,2,-1721.1184925271273,218.30207962937357,-1939.4205721565004,0
HUM/SCCO,1,1,-1966.533121637391,133.21536494450177,-2099.748486581893,0
DAL/UNH,1,2,-2087.860544321787,306.8752240864567,-2394.735768408242,0
CME/CMI,1,2,-2658.101782441065,208.22691835027246,-2866.3287007913373,0
LLY/VZ,1,2,-2649.8147984875786,291.7533020677153,-2941.5681005552933,0
HII/INTC,1,2,-2601.2422254760404,382.35909266174536,-2983.601318137785,0
FCX/LMT,1,1,-3061.034678424521,98.16503128654423,-3159.199709711065,0
AAL/ED,1,1,-3063.325198002919,153.4876852204733,-3216.812883223391,0
AAL/FIS,1,5,-2597.591070534196,708.0415412008937,-3305.6326117350995,0
CNC/GPN,1,5,-2748.5019573845398,705.3665877023645,-3453.8685450869043,0
CE/TXN,1,3,-3044.1452241838347,430.00988551924763,-3474.155109703084,0
LLY/UPS,1,1,-3281.262931464143,197.92872577813844,-3479.1916572422824,0
EXC/HII,2,4,-2837.5980988882675,656.828999160821,-3494.4270980490855,1
PFE/V,1,1,-3354.880549774357,209.1342076350715,-3564.014757409429,0
LYB/XEL,1,3,-3653.972791346282,414.61570125835846,-4068.5884926046347,0
HUM/T,1,4,-3844.8062469000797,518.0965957929611,-4362.902842693043,0
KHC/TECK,1,2,-4220.388781150968,219.65408924961568,-4440.042870400583,0
CMI/KBH,1,1,-4288.254164480946,158.3150821033181,-4446.569246584266,0
GPN/NEM,1,1,-4392.735123109864,167.4117524108976,-4560.1468755207625,0
HLT/ICE,1,1,-4487.002135346553,150.4594963493988,-4637.46163169595,0
LMT/TFC,1,3,-4479.521870095434,423.31584886352766,-4902.837718958963,0
LMT/MGM,1,3,-4502.252744246702,427.9127888187333,-4930.165533065435,0
C/H,1,2,-4670.2262077425285,343.32645577191965,-5013.552663514446,0
GIS/TMUS,1,1,-4995.334614214921,150.7887891185169,-5146.123403333439,0
CNC/KBH,2,2,-4939.662195193044,450.4626545415614,-5390.124849734604,1
KHC/NEM,2,8,-4458.384164736379,950.8220369422753,-5409.206201678655,1
O/SCCO,1,3,-4874.594431659201,617.6973608360518,-5492.291792495252,0
AAL/UNH,2,9,-4505.547242353699,1087.1524769991584,-5592.69971935286,1
AVGO/EXC,2,4,-5052.975892061063,685.6795866525397,-5738.655478713603,1
GDX/TXN,1,1,-5651.519530947444,154.53404801850886,-5806.053578965953,0
KBH/LMT,2,3,-5186.322913984497,669.3071906309048,-5855.630104615403,1
GPN/LVS,1,2,-5698.521930202065,348.1033701686156,-6046.625300370679,0
CME/NVDA,1,3,-6459.06879263356,352.0967935697594,-6811.16558620332,0
AEM/AVGO,1,1,-6691.9154127449765,188.38974628945306,-6880.305159034435,0
UNH/V,1,3,-6699.16822782204,376.01477936681397,-7075.183007188857,0
H/LUV,1,1,-7185.697929060996,251.47888841947162,-7437.176817480466,0
ELV/KBH,1,2,-7222.998708729881,372.5302956479869,-7595.529004377866,0
PCAR/SCCO,1,4,-7165.707290352024,641.5340911478493,-7807.241381499874,0
KGC/UPS,1,1,-8238.644915491424,168.28077047838002,-8406.925685969805,0
GOLD/LVS,1,1,-5871.950468831857,2746.9167639562106,-8618.867232788067,0
GD/LLY,2,4,-8225.939163521609,622.3019916218483,-8848.241155143456,1
TOL/TXN,1,3,-8693.79666322178,305.6450962029079,-8999.441759424688,0
ALL/CBOE,1,2,-8773.055143574627,234.3754713003307,-9007.430614874958,0
CSX/SCCO,1,1,-9187.104738314598,245.08655658157016,-9432.191294896169,0
CAT/LEN,1,1,-9501.931621277019,180.46022266195948,-9682.391843938978,0
RIO/WM,1,1,-9556.213542379212,187.84890664328566,-9744.062449022498,0
LYB/NVDA,1,6,-8265.893960912319,1569.3902555185548,-9835.284216430868,0
MOH/PYPL,1,1,-9777.49605830531,141.13588510948864,-9918.631943414799,0
MRK/UPS,1,2,-9704.288725309703,216.04465013201548,-9920.33337544172,0
RIO/RSG,1,1,-10105.718542725714,196.78894733179317,-10302.507490057507,0
CZR/KGC,1,3,-9872.103727253405,627.3467541129066,-10499.450481366313,0
KBH/PYPL,2,4,-9658.103708000323,958.7881615014039,-10616.891869501727,1
CB/NVDA,1,4,-10234.555718336836,448.7593158998367,-10683.315034236672,0
CE/HII,1,1,-10658.72313276991,156.24935207447245,-10814.97248484438,0
MRK/QCOM,1,2,-11273.434847441302,221.34298109214882,-11494.77782853345,0
C/PGR,1,1,-11427.685066133101,138.97640087465783,-11566.66146700776,0
HUM/PGR,1,3,-11338.13977834503,330.03560864604964,-11668.175386991077,0
DE/KHC,1,3,-11366.008076219918,372.2271159119476,-11738.235192131864,0
MRK/SPG,1,2,-11763.488093213462,226.49507542773685,-11989.983168641198,0
ELV/NVDA,1,2,-11910.258772385425,324.19831614871987,-12234.457088534147,0
MAR/USB,1,2,-11902.85912484616,378.31239346661914,-12281.171518312778,0
H/USB,1,4,-11737.431805371907,694.0484815767979,-12431.480286948705,0
MRK/WFC,1,3,-12285.286125972165,299.88824201514467,-12585.17436798731,0
O/RTX,1,5,-11794.034919034826,820.3156997855875,-12614.350618820414,0
DAL/NSC,1,2,-12461.064297581037,255.98980808383567,-12717.054105664874,0
RIO/TRV,1,2,-12642.47104926758,285.8971501291527,-12928.368199396733,0
FIS/PCAR,1,3,-12723.753384980571,333.6128925560414,-13057.36627753661,0
EMN/HUM,1,8,-13090.11729536348,1073.628140001709,-14163.74543536519,0
AEM/AMD,1,2,-13704.162996934654,499.0499981005216,-14203.212995035177,0
EMN/LUV,1,5,-13891.527182946424,626.1109338039137,-14517.638116750335,0
CZR/JNJ,1,5,-13984.898012264703,647.574864204823,-14632.472876469525,0
INTC/PGR,1,1,-15035.095580108009,197.91169359539157,-15233.0072737034,0
CZR/LYB,1,1,-15477.262280372637,204.2435144316328,-15681.50579480427,0
FIS/RIO,1,6,-15516.283110175826,671.5890774678559,-16187.872187643683,0
FIS/NVDA,1,3,-16284.568217407443,363.40313103778385,-16647.97134844523,0
STLD/UPS,1,3,-16272.741420384362,430.1355757268924,-16702.87699611126,0
GDX/UPS,1,2,-17258.43473209754,262.1163181951074,-17520.551050292645,0
DAL/RIO,2,3,-18715.549282491833,442.62340973475114,-19158.172692226584,1
LYB/NEM,1,2,-19107.650853564064,378.0529631893212,-19485.70381675338,0
DAL/XEL,1,3,-19687.388130612384,366.51207045880386,-20053.90020107119,0
AAL/NEM,1,2,-19912.465658344954,454.1507813772298,-20366.616439722176,0
MOH/STLD,1,3,-19705.369461787763,905.7599232364972,-20611.12938502425,0
DAL/PGR,1,6,-19931.337172357693,802.759671363159,-20734.09684372085,0
DAL/PYPL,3,7,-20344.41756890522,878.2751328569182,-21222.692701762142,1
LUV/LYB,1,4,-21149.422842680808,734.5559010514268,-21883.978743732237,0
INTC/PYPL,1,2,-26043.269109800873,201.0631587920157,-26244.33226859289,0
AAL/MRK,2,8,-29646.17899977269,1101.5440115475428,-30747.723011320213,1
DAL/QCOM,2,5,-30496.64902344092,576.0871718976966,-31072.736195338617,1
BHP/T,1,6,-33721.502067078676,979.850119854951,-34701.35218693362,0
AAL/LLY,1,4,-38753.93006205769,606.5152778726515,-39360.445339930346,0
INTC/NEM,1,2,-43606.31684460798,374.71823210263176,-43981.0350767106,0
AAL/AMD,2,7,-44861.41458796939,1211.3495847852437,-46072.76417275463,1
