period,screen_id,window_start,window_end,days,pool_size,n_selected,selected_pairs,sel_net_pnl,sel_return_pct,all_net_pnl,all_return_pct,sel_hit_rate,unsel_hit_rate,sel_avg_formation_pnl,sel_avg_next_pnl,unsel_avg_next_pnl,formation_vs_next_rank_corr
0,0,2017-07-05,2018-01-02,126,50,15,"AEM/O, CNC/KBH, LYB/NEM, CMI/KBH, LLY/UPS, ICE/MGM, CME/NVDA, MGM/TMUS, AMD/MGM, MGM/STLD, LLY/VZ, KHC/TECK, CME/CMI, NEM/O, KHC/NEM",-14015.749981403655,-0.9343833320935769,-101025.8114972734,-2.020516229945468,0.4,0.45714285714285713,5129.817463853551,-934.383332093577,-2486.001757596279,-0.015734211771321737
1,0,2018-01-03,2018-07-03,126,50,15,"MDLZ/WM, MDLZ/RSG, CNC/KBH, HUM/SCCO, CB/NVDA, ICE/MGM, MGM/TMUS, AMD/MGM, CE/SCCO, MGM/STLD, CZR/UNH, EMN/LUV, CSX/SCCO, AVGO/DD, KHC/NEM",-51775.23083302506,-3.451682055535004,10408.115893375969,0.20816231786751938,0.2,0.5142857142857142,5814.114387978162,-3451.682055535004,1776.6670493257438,-0.36226421634440475
2,1,2018-07-05,2019-01-03,126,50,15,"HUM/NSC, ELV/NVDA, GOLD/LVS, O/RTX, DAL/O, KGC/SO, CNC/GPN, GOLD/GPN, KBH/WYNN, DD/TOL, O/SCCO, CBOE/DD, CZR/UNP, PCAR/WFC, NVR/WYNN",2438.406223074885,0.16256041487165898,179219.18897290737,3.5843837794581472,0.4666666666666667,0.7428571428571429,8346.244958223137,162.560414871659,5050.879507138072,-0.31614594268752955
3,1,2019-01-04,2019-07-05,126,50,15,"AEM/STLD, AEM/AMD, AEM/CAT, KGC/TMUS, DAL/O, GDX/IHG, AAL/MGM, GDX/SCCO, PNC/RIO, KBH/WYNN, CZR/ICE, KGC/TECK, KGC/STLD, CZR/UNP, PCAR/WFC",-3472.1861478374885,-0.23147907652249924,-208776.99453271957,-4.175539890654392,0.4666666666666667,0.2,12649.390972387522,-231.47907652249924,-5865.8516681394885,0.15882112773960347
4,2,2019-07-08,2020-01-03,126,50,15,"FCX/WYNN, AAL/AMD, DD/MRK, MGM/UAL, AAL/MOH, AAL/UAL, AAL/MRK, DD/TMUS, DAL/QCOM, DAL/PYPL, DAL/RIO, NUE/NVDA, NUE/TECK, AVGO/EXC, DD/RSG",83088.91330551272,5.539260887034181,-54716.49216326598,-1.0943298432653197,0.7333333333333333,0.3142857142857143,14382.454457175272,5539.260887034181,-3937.2972991079623,0.5687957471398046
5,2,2020-01-06,2020-07-06,126,50,15,"FCX/WYNN, AAL/AMD, AAL/UAL, AAL/FIS, AAL/MRK, MGM/PFE, DAL/NSC, LYB/NVDA, DAL/QCOM, DAL/PYPL, CE/NOC, DAL/RIO, FCX/MRK, DAL/PGR, AVGO/EXC",-202176.55642028016,-13.478437094685344,-215728.77390423082,-4.314575478084616,0.26666666666666666,0.42857142857142855,8579.930380564641,-13478.437094685343,-387.2062138271605,-0.006247749416219104
6,3,2020-07-07,2021-01-04,126,50,15,"C/TOL, MOH/STLD, CNC/ED, ELV/HLT, ELV/WM, ELV/T, AEM/PLD, ELV/KO, GDX/ICE, AAL/SPG, GD/LLY, ALL/KBH, GDX/GIS, INTC/SO, CAT/LEN",48076.61053351981,3.2051073689013205,-97030.25101696204,-1.9406050203392409,0.8666666666666667,0.4,25640.20030994102,3205.1073689013206,-4145.910330013767,0.31239193984415
7,3,2021-01-05,2021-07-06,126,50,15,"C/TOL, CNC/ED, CZR/TOL, INTC/KGC, GDX/MA, GDX/ICE, AAL/SPG, GD/LLY, AEM/AVGO, AAL/LLY, IHG/WYNN, LVS/TOL, INTC/SO, INTC/PLD, GDX/TXN",-22236.615680703253,-1.4824410453802168,-205404.7014651716,-4.108094029303431,0.4,0.22857142857142856,10992.146072319243,-1482.4410453802168,-5233.3738795562385,0.24065267513039773
8,4,2021-07-07,2022-01-03,126,50,15,"FIS/NVDA, FIS/PCAR, GDX/MOH, CZR/TOL, FIS/RIO, AIG/EXC, MOH/PYPL, CMI/DHI, MRK/USB, KBH/UNP, EXC/HLT, ELV/NUE, GIS/TMUS, EXC/TECK, MGM/TECK",-18285.815877801484,-1.2190543918534322,-76591.0380259767,-1.531820760519534,0.5333333333333333,0.45714285714285713,9709.156651895935,-1219.0543918534322,-1665.8634899478632,-0.04769074064931772
9,4,2022-01-04,2022-07-06,126,50,15,"C/H, CZR/TOL, CB/TECK, SCCO/V, CZR/LYB, LMT/TFC, MRK/WFC, MRK/USB, MRK/SPG, ELV/NUE, MRK/QCOM, MRK/UPS, LMT/MGM, MA/MOH, EXC/TECK",-59243.42146339243,-3.949561430892828,-162025.65879641994,-3.240513175928399,0.26666666666666666,0.34285714285714286,10734.38174165614,-3949.5614308928284,-2936.635352372216,0.04214929075395417
10,5,2022-07-07,2023-01-04,126,50,15,"MA/NUE, MA/UNH, MA/TECK, MAR/TECK, KBH/PYPL, HUM/LLY, NVR/SPG, PCAR/SCCO, CE/TXN, GDX/LYB, FCX/MGM, KBH/LMT, MDLZ/RTX, KBH/WYNN, PNC/TXN",70919.95618328784,4.727997078885855,102063.4426656034,2.041268853312068,0.7333333333333333,0.4857142857142857,13344.630751709004,4727.997078885856,889.8138994947308,0.39831476458122783
11,5,2023-01-05,2023-07-07,126,50,15,"MA/NUE, MA/UNH, MA/RTX, MA/TECK, GPN/LVS, KBH/PYPL, AAL/TXN, HUM/LLY, NVR/SPG, RTX/TECK, KGC/SO, KBH/LMT, KBH/WYNN, TOL/TXN, KBH/UAL",-34664.37776318543,-2.3109585175456955,-148999.16619972693,-2.9799833239945386,0.4,0.2857142857142857,9930.186465737339,-2310.9585175456955,-3266.708241044042,0.02732171824012737
12,6,2023-07-10,2024-01-05,126,50,15,"MAR/USB, AAL/PGR, CE/HII, AAL/ELV, AAL/INTC, EMN/HII, C/PGR, UAL/VZ, LUV/PGR, CZR/PGR, ALL/CBOE, HII/INTC, C/NOC, HLT/ICE, INTC/PGR",18263.066161163086,1.217537744077539,87385.13455417304,1.7477026910834608,0.4666666666666667,0.42857142857142855,7784.60250193869,1217.537744077539,1974.9162398002843,-0.20191623315969198
13,6,2024-01-08,2024-07-09,126,50,15,"DAL/HUM, AAL/ED, DAL/UNH, AAL/PGR, DAL/NOC, UAL/UNH, EMN/HII, UAL/VZ, UAL/USB, UAL/WM, DE/RIO, H/USB, ELV/KBH, KHC/PYPL, H/LUV",-12640.881162452017,-0.8427254108301345,-105304.70210524662,-2.106094042104932,0.26666666666666666,0.2857142857142857,16338.375718197505,-842.7254108301345,-2647.5377412227026,0.13359322189674758
14,7,2024-07-10,2025-01-07,126,50,15,"CZR/TMUS, EXC/WM, EXC/HII, EXC/GD, EXC/WFC, EXC/RSG, NEM/TXN, NEM/RIO, NEM/SO, DD/FCX, GOLD/PEP, UNH/V, UNH/XEL, DAL/XEL, AAL/UNH",51760.93430039869,3.4507289533599126,132768.22795018944,2.6553645590037886,0.7333333333333333,0.6285714285714286,11648.456122400677,3450.7289533599123,2314.494104279736,0.08826198856316525
15,7,2025-01-08,2025-07-11,126,50,15,"CZR/KGC, CZR/TMUS, CZR/HLT, CZR/JNJ, EXC/HII, NEM/TXN, NEM/RIO, GOLD/PEP, LMT/WYNN, EMN/HUM, AAL/UNH, TXN/VZ, NOC/PLD, BHP/PGR, DAL/HUM",-24308.93338480586,-1.6205955589870575,44527.32158970883,0.8905464317941766,0.4,0.5428571428571428,11904.213279165571,-1620.5955589870573,1966.750142128991,-0.15033874170690983
16,8,2025-07-14,2026-01-09,126,50,15,"MGM/UPS, GDX/UPS, KGC/UPS, DAL/PYPL, RIO/TRV, STLD/UPS, MGM/V, RIO/WM, C/CZR, HUM/JPM, RIO/RSG, AAL/NEM, INTC/NEM, FCX/LMT, MGM/T",-134248.35983721894,-8.949890655814597,-163991.57720113013,-3.2798315440226027,0.2,0.45714285714285713,23465.77297428786,-8949.890655814595,-849.8062103974622,-0.3934438789470023
17,8,2026-01-12,2026-07-14,126,50,15,"CZR/UPS, BHP/T, HUM/ICE, LUV/LYB, CZR/JPM, INTC/PYPL, C/CZR, HUM/PGR, AMD/CSX, HUM/T, AEM/AEP, PHM/QCOM, MGM/T, PFE/V, LYB/XEL",-71801.62213522545,-4.78677480901503,-286257.50373216014,-5.725150074643203,0.4,0.4857142857142857,10422.627329672303,-4786.77480901503,-6127.310902769563,0.1342781802811192
18,9,2026-07-15,2026-09-15,44,50,15,"CBOE/GIS, CZR/WFC, QCOM/TECK, QCOM/TOL, GOLD/PFE, MGM/TMUS, GPN/NEM, CZR/JPM, PHM/RSG, GPN/HII, BAC/NVDA, ELV/WYNN, NVDA/TFC, DE/KHC, CZR/NDAQ",10069.360562165477,0.6712907041443652,46903.143713944155,0.9380628742788831,0.3333333333333333,0.3142857142857143,16265.962850081034,671.2907041443651,1052.3938043365335,-0.09240836357743942
