ticker,group
AAL,airlines
DAL,airlines
LUV,airlines
UAL,airlines
AEM,gold_precious
GOLD,gold_precious
KGC,gold_precious
NEM,gold_precious
GDX,gold_precious
GLD,gold_precious
BHP,base_metals_mining
RIO,base_metals_mining
FCX,base_metals_mining
SCCO,base_metals_mining
TECK,base_metals_mining
NUE,steel
STLD,steel
CE,chemicals
DD,chemicals
EMN,chemicals
LYB,chemicals
DHI,homebuilders
KBH,homebuilders
LEN,homebuilders
NVR,homebuilders
PHM,homebuilders
TOL,homebuilders
H,lodging
HLT,lodging
IHG,lodging
MAR,lodging
CZR,casinos
LVS,casinos
MGM,casinos
WYNN,casinos
CBOE,exchanges
CME,exchanges
ICE,exchanges
NDAQ,exchanges
FIS,payments
GPN,payments
MA,payments
PYPL,payments
V,payments
BAC,banks
C,banks
JPM,banks
PNC,banks
TFC,banks
USB,banks
WFC,banks
AIG,p&c_insurance
ALL,p&c_insurance
CB,p&c_insurance
PGR,p&c_insurance
TRV,p&c_insurance
CNC,managed_care
ELV,managed_care
HUM,managed_care
MOH,managed_care
UNH,managed_care
ABBV,pharma
BMY,pharma
JNJ,pharma
LLY,pharma
MRK,pharma
PFE,pharma
GD,defense
HII,defense
LMT,defense
NOC,defense
RTX,defense
CSX,railroads
NSC,railroads
UNP,railroads
FDX,parcel_logistics
UPS,parcel_logistics
CAT,trucks_machinery
CMI,trucks_machinery
DE,trucks_machinery
PCAR,trucks_machinery
AEP,utilities
DUK,utilities
ED,utilities
EXC,utilities
SO,utilities
XEL,utilities
O,reits
PLD,reits
PSA,reits
SPG,reits
AMD,semiconductors
AVGO,semiconductors
INTC,semiconductors
NVDA,semiconductors
QCOM,semiconductors
TXN,semiconductors
T,telecom
TMUS,telecom
VZ,telecom
GIS,food_beverage
KHC,food_beverage
KO,food_beverage
MDLZ,food_beverage
PEP,food_beverage
RSG,waste
WM,waste
