period,window_start,window_end,n_eligible,k,actual_net_pnl,random_mean,random_p5,random_p95,actual_percentile,bottomK_net_pnl
0,2022-03-18,2022-09-16,32,15,26678.132888822453,6745.979390184769,-22865.11208942601,37307.59431435246,86.28,-27587.83302869075
1,2022-09-19,2023-03-20,37,15,-5772.6585777098535,-15930.494590411949,-54308.51481121912,22172.6777603983,66.5,-2046.7617928940085
2,2023-03-21,2023-09-19,40,15,-30493.526580664104,3740.047095334531,-38158.09239898169,43059.366534797795,8.66,28844.456651897537
3,2023-09-20,2024-03-20,34,15,22014.135171631235,-41755.115481853834,-88310.43167030484,3425.7155947217325,99.28,-102447.81456824821
4,2024-03-21,2024-09-19,37,15,29471.085135184265,20222.117640255387,-12125.22081971529,53567.82100409188,67.25999999999999,34087.78154911007
5,2024-09-20,2025-03-24,37,15,15030.721957406064,11396.328967247262,-24486.795003263353,46795.29063859018,56.32,19926.163310665597
6,2025-03-25,2025-09-23,33,15,-27328.627267473064,-42701.51250977963,-96172.50786399932,10018.688674626455,66.9,-49710.2651496537
7,2025-09-24,2026-03-25,32,15,11896.211888919755,44332.63249232786,-29312.039586843293,116456.70328720956,23.580000000000002,83730.76349096347
8,2026-03-26,2026-09-15,30,15,56167.99080894276,34280.277058607266,-5374.924151171991,73482.57478656284,81.67999999999999,11468.653185423227
