Ticker A,Ticker B,coint_pvalue_train,pvalue_bonferroni_train,pvalue_fdr_bh_train,beta_train,entry_z_used,exit_z_used,half_life_days,coint_stability,gross_sharpe,net_sharpe,sortino,annualized_vol,total_return,gross_total_return,max_drawdown,max_drawdown_days,cost_pct_of_abs_gross,completed_trades,test_trade_sufficient,open_trades,win_rate,avg_win,avg_loss,profit_factor,expectancy,avg_holding_days,max_trade_loss,n_entries,n_exits,transaction_cost,carry_cost,capital_exhausted,sharpe_bootstrap_low,sharpe_bootstrap_high
CZR,ELV,0.00037359137318998016,1.0,0.5267074010134799,0.2610044018413065,2.0,0.5,40.359369745317125,0.0,0.8627483191004442,0.8320757441460263,0.509296054078799,0.07622283928557162,0.37022020429894037,0.38386557902122515,-0.0899080880548705,153,0.03554727349369946,22,True,1,0.8181818181818182,2398.571953376484,-1340.8359627258558,8.049883871142118,1718.6796049942407,17.954545454545453,-1415.8266138959368,23,22,1364.5374722284791,0.0,False,,
KBH,NVR,0.0015549248138660191,1.0,0.5267074010134799,0.007884499309707275,2.0,0.5,26.808588358034527,0.0,0.7771396002846533,0.7163394289018408,0.423413110798082,0.07936665812141568,0.33187083055075434,0.3596669956589272,-0.10035806236416878,180,0.07728305750503743,18,True,0,0.7222222222222222,3833.292592029686,-3074.5482216468126,3.241634224210938,1914.4479215639922,22.666666666666668,-8248.231360166703,18,18,2779.616510817292,0.0,False,,
KBH,NOC,0.0019586389363995004,1.0,0.5267074010134799,0.10242594445246425,2.0,0.5,40.78351611388566,0.0,0.5209282004486874,0.4852624996555634,0.3127743650276784,0.11829619254775296,0.33508858200960057,0.35983614158689275,-0.15857568877958628,451,0.06877452461599443,24,True,0,0.75,3687.9919360321696,-5320.897258206208,2.0793440036890356,1435.7696374725754,22.041666666666668,-12600.916431583068,24,24,2474.7559577292213,0.0,False,,
IHG,MAR,0.0013803678766483264,1.0,0.5267074010134799,0.3489454968317005,2.0,0.5,20.35322518361908,0.0,0.5383580617174087,0.4587121434679192,0.25448394060003515,0.1010550526190237,0.2705891645977962,0.3172799796842362,-0.21333508055970207,230,0.14715966362865907,21,True,0,0.7142857142857143,3418.3070474645206,-3661.821743679964,2.33374757616497,1395.4131071375245,18.047619047619047,-12491.344675446204,21,21,4669.081508643998,0.0,False,,
NUE,TECK,8.914486877562632e-05,0.5055405508265769,0.5055405508265769,1.1146681665883376,2.0,0.5,24.145690778526117,0.25,0.3686028797153977,0.33339033587246103,0.19110693382906516,0.30035923721613833,0.5845290925574133,0.6461728044465331,-0.4830174168209934,547,0.09539818368233499,19,True,1,0.6842105263157895,8355.579339389311,-12650.868644347387,1.431028630862637,1721.9641866303537,20.157894736842106,-30288.63271138665,20,19,6164.3711889119895,0.0,False,,
IHG,TFC,0.0019423425316185202,1.0,0.5267074010134799,1.5462187950589883,2.0,0.5,26.71689015064484,0.0,0.24881158294086317,0.19262344528978795,0.11452234589807833,0.11932983048356947,0.13417459778275045,0.17305623987427315,-0.2860261216324328,811,0.22467633712468624,24,True,0,0.625,3900.7513056313687,-4807.8291232598485,1.3522219715754462,635.0336447971621,19.5,-13409.511000198438,24,24,3888.1642091522767,0.0,False,,
LEN,SPG,0.0012115161469057152,1.0,0.5267074010134799,-0.20315502232780389,2.0,0.5,43.22129302755683,0.0,0.15825347741066056,0.11242261519435634,0.05961210680877046,0.12685862311697224,0.08325030035395113,0.11726578935048092,-0.19965915867084072,472,0.2900717181450526,21,True,0,0.6190476190476191,3407.419531881797,-4318.910029370901,1.2820495684450404,464.05588949981745,17.761904761904763,-6613.348208693573,21,21,3401.548899652981,0.0,False,,
ICE,PLD,0.0016246519015383184,1.0,0.5267074010134799,0.9688159105570232,2.0,0.5,19.21600985745142,0.5,0.13141702097734775,0.08457024895647332,0.046536258447074236,0.12821181973359808,0.06329330956802522,0.09836857660969767,-0.29635796509145207,1150,0.35656983409287907,18,True,0,0.7222222222222222,3682.9997183207456,-7994.656760401379,1.197774908244238,439.20625200904436,23.5,-14595.952815851842,18,18,3507.526704167256,0.0,False,,
CZR,PFE,0.0014165632069001969,1.0,0.5267074010134799,4.330629708728514,2.0,0.5,43.042911234710644,0.0,0.03744484987753834,0.01396849229498983,0.008545762703720358,0.07486719963773134,0.006104544352354569,0.016373900428446532,-0.16467020342266747,1318,0.6271783635773718,17,True,0,0.6470588235294118,1706.6314119699198,-2964.50360548005,1.0554293978574965,57.99552345816561,28.941176470588236,-10344.736084156144,17,17,1026.9356076091922,0.0,False,,
LEN,PCAR,0.0016978962863339949,1.0,0.5267074010134799,1.0454352555002124,2.0,0.5,40.02774368496226,0.25,0.05342974764031845,0.013730602762022683,0.00871077817602442,0.14633806030860824,0.011728947139352436,0.045645672843947924,-0.3524444908586173,579,0.7430436138064813,20,True,0,0.7,4251.18409429409,-9482.610492047874,1.0460652751340276,131.04571839150012,25.05,-14999.787851700888,20,20,3391.6725704595433,0.0,False,,
DUK,RSG,0.0003139406893188846,1.0,0.5267074010134799,0.4496355588150597,2.0,0.5,28.158825360969665,0.0,0.07519246544094595,0.008902756390252098,0.00549706308490497,0.08409664342444965,0.004370340589321113,0.03695588748094039,-0.234792350997982,784,0.8817416956479506,18,True,1,0.7222222222222222,2755.4556213675187,-5634.707159376389,1.2714386769211323,424.85484893865515,26.666666666666668,-14165.413310098553,19,18,3258.554689161925,0.0,False,,
LEN,UPS,0.0006873091241682013,1.0,0.5267074010134799,0.4673991415147108,2.0,0.5,37.217884933567106,0.25,-0.02256834981999088,-0.05281868992968309,-0.03765403020444512,0.14356518767851967,-0.044263820913431624,-0.018909196329534608,-0.28182517384945693,1395,1.340862093874141,16,True,1,0.5,5701.825874059492,-6528.442403945361,0.8733822742487065,-413.3082649429339,32.5,-16042.725092355919,17,16,2535.4624583896993,0.0,False,,
ICE,RSG,0.0012219301228666615,1.0,0.5267074010134799,0.9772736724889797,2.0,0.5,25.485715751021313,0.25,-0.02462459329471818,-0.08313739664032307,-0.03909594609618778,0.09200109510299169,-0.04464795272964095,-0.013220372229240402,-0.2299802072924947,1135,2.3772084443197476,14,True,0,0.35714285714285715,5182.586417615785,-3216.703646016173,0.8950823555098297,-216.95719471904536,24.285714285714285,-9470.812235604402,14,14,3142.7580500400572,0.0,False,,
DUK,WM,0.000387744738457883,1.0,0.5267074010134799,0.35050344193755567,2.0,0.5,26.960345090600857,0.0,-0.05156830113314321,-0.11215661470766904,-0.07023976513599406,0.09421226546354057,-0.061680015093273116,-0.028353522706736786,-0.24763836840583997,1263,1.1753915988230288,18,True,1,0.6111111111111112,2547.8570855296475,-4242.065484686482,0.9438268773952989,-92.66835844329164,30.055555555555557,-13355.536798670188,19,18,3332.64923865364,0.0,False,,
PEP,XEL,0.001026147376174148,1.0,0.5267074010134799,1.426048056559318,2.0,0.5,18.72310641876175,0.25,-0.16661920566011698,-0.2119451785247721,-0.12707793702983328,0.1168926461809804,-0.14461817061294682,-0.1137513642080955,-0.2989986645889914,1377,0.2713532854725499,15,True,0,0.4666666666666667,3571.839810917564,-4767.881642033585,0.6555028142896282,-876.0116306563822,35.0,-9275.319549582198,15,15,3086.6806404851336,0.0,False,,
LVS,PNC,0.0019218900627046224,1.0,0.5267074010134799,0.4310335734040947,2.0,0.5,26.468955418700222,0.25,-0.20537303354729666,-0.23413007935850993,-0.14328164233039184,0.06784855646311543,-0.09272780005651306,-0.08133275257124152,-0.27074935024048796,956,0.14010404326707548,15,True,0,0.6,2536.5687673428033,-5274.168600040121,0.7214128784175122,-587.7261796103664,32.13333333333333,-17801.133919157655,15,15,1139.5047485271568,0.0,False,,
RIO,UNP,0.0012552614276783182,1.0,0.5267074010134799,0.22283752774228785,2.0,0.5,25.61031763810549,0.0,-0.3248235360711173,-0.36827179807810884,-0.24016114437800154,0.16828573425488608,-0.3617661234484494,-0.31922047359503775,-0.6225900832487106,1236,0.1332798281208767,18,True,0,0.5555555555555556,3964.563060640856,-9252.340803108727,0.5356162220198358,-1909.6164343589599,32.388888888888886,-23602.68563236086,18,18,4254.564985341149,0.0,False,,
PHM,RIO,0.0012200992966370078,1.0,0.5267074010134799,0.9248194892262042,2.0,0.5,46.86816102348666,0.25,-0.3851852171642907,-0.41681918211750146,-0.24955915210681576,0.2193182128190775,-0.533622984251782,-0.49254922393700096,-0.7053004230946457,544,0.08339016349771927,19,True,0,0.5263157894736842,4292.436109895849,-10511.052757527754,0.45374840802926486,-2719.742827304805,26.68421052631579,-25873.366681891006,19,19,4107.376031478125,0.0,False,,
LEN,NVDA,0.0017833054052852472,1.0,0.5267074010134799,2.016616966100522,2.0,0.5,41.03743186728123,0.0,-0.4056228123135189,-0.43136070415649286,-0.22512301709010216,0.13174514620983915,-0.33173197565597007,-0.3118649217773179,-0.4637304329637115,1382,0.06370403495664038,16,True,0,0.5,3245.423444288501,-7284.133645729948,0.44554693833644987,-2019.3551007207234,26.5625,-24294.20254278832,16,16,1986.7053878652177,0.0,False,,
PCAR,PHM,0.0019110666539908436,1.0,0.5267074010134799,0.7187827690946601,2.0,0.5,33.43820948022381,0.0,-0.5216793213004896,-0.5573441887822544,-0.3463890964138312,0.188000815028829,-0.6116392417596481,-0.5720624353725988,-0.8099214603556187,650,0.06918266947780301,20,True,0,0.5,3965.4444954110577,-9899.807624577721,0.40055773261353705,-2967.181564583331,28.9,-32829.44007634974,20,20,3957.6806387049546,0.0,False,,
