Date,equity
2021-06-08,1.0
2021-06-09,1.0
2021-06-10,1.0
2021-06-11,1.0
2021-06-14,1.0
2021-06-15,1.0
2021-06-16,1.0
2021-06-17,1.0
2021-06-18,1.0
2021-06-21,1.0
2021-06-22,1.0
2021-06-23,1.0
2021-06-24,1.0
2021-06-25,1.0
2021-06-28,1.0
2021-06-29,1.0
2021-06-30,1.0
2021-07-01,1.0
2021-07-02,1.0
2021-07-06,1.0
2021-07-07,1.0
2021-07-08,1.0
2021-07-09,1.0
2021-07-12,1.0
2021-07-13,1.0
2021-07-14,1.0
2021-07-15,1.0
2021-07-16,1.0
2021-07-19,1.0
2021-07-20,1.0
2021-07-21,1.0
2021-07-22,1.0
2021-07-23,1.0
2021-07-26,1.0
2021-07-27,1.0
2021-07-28,1.0
2021-07-29,1.0
2021-07-30,1.0
2021-08-02,1.0
2021-08-03,1.0
2021-08-04,1.0
2021-08-05,1.0
2021-08-06,1.0
2021-08-09,1.0
2021-08-10,1.0
2021-08-11,1.0
2021-08-12,1.0
2021-08-13,1.0
2021-08-16,1.0
2021-08-17,1.0
2021-08-18,1.0
2021-08-19,1.0
2021-08-20,1.0
2021-08-23,1.0
2021-08-24,1.0
2021-08-25,1.0
2021-08-26,1.0
2021-08-27,1.0
2021-08-30,1.0
2021-08-31,1.0
2021-09-01,1.0
2021-09-02,1.0
2021-09-03,1.0
2021-09-07,1.001371981823099
2021-09-08,0.998457504487032
2021-09-09,0.9932249518563212
2021-09-10,0.9920445701033872
2021-09-13,0.9854318684352465
2021-09-14,0.9833940865043023
2021-09-15,0.9888764421912791
2021-09-16,0.9907431679699352
2021-09-17,0.9891089999704997
2021-09-20,0.9900571352751344
2021-09-21,0.9851577461034251
2021-09-22,0.9871294563220366
2021-09-23,0.9878916619699545
2021-09-24,0.9881609063753612
2021-09-27,0.9864925345755396
2021-09-28,0.985913239340471
2021-09-29,0.9841108721873605
2021-09-30,0.9838890038237063
2021-10-01,0.9833461493086307
2021-10-04,0.9846670728526524
2021-10-05,0.9870362988554385
2021-10-06,0.9850598269426932
2021-10-07,0.9832091881716456
2021-10-08,0.9795469632100742
2021-10-11,0.9795888520697998
2021-10-12,0.980037728162561
2021-10-13,0.981434156027852
2021-10-14,0.9779880821381168
2021-10-15,0.978667223336891
2021-10-18,0.9811564072255907
2021-10-19,0.9803330828010275
2021-10-20,0.9753423678947839
2021-10-21,0.9713734827328648
2021-10-22,0.9721582179970691
2021-10-25,0.9730080452211212
2021-10-26,0.9717767980286515
2021-10-27,0.9688902992306878
2021-10-28,0.9675976665198424
2021-10-29,0.9690011058352588
2021-11-01,0.9663450860321063
2021-11-02,0.9671947519826982
2021-11-03,0.9642581012796927
2021-11-04,0.9657438415768052
2021-11-05,0.967575564839204
2021-11-08,0.9670521856884736
2021-11-09,0.9647043695191005
2021-11-10,0.968403613874173
2021-11-11,0.9681613968018882
2021-11-12,0.9668450666861457
2021-11-15,0.9655930523822501
2021-11-16,0.9670598067528481
2021-11-17,0.9674902352491916
2021-11-18,0.9689835236021244
2021-11-19,0.9685195319960852
2021-11-22,0.9695855450235379
2021-11-23,0.9704240920335349
2021-11-24,0.9731592912683444
2021-11-26,0.9740592476768705
2021-11-29,0.9762405746483124
2021-11-30,0.9756705851491982
2021-12-01,0.9781592512906891
2021-12-02,0.9789720270807278
2021-12-03,0.9811868545409089
2021-12-06,0.98057776830532
2021-12-07,0.9800110441433177
2021-12-08,0.9793098066259116
2021-12-09,0.9781989636843929
2021-12-10,0.979791759256292
2021-12-13,0.9812456777067099
2021-12-14,0.9787222305561144
2021-12-15,0.979485229486675
2021-12-16,0.9831253256688104
2021-12-17,0.9839594727427234
2021-12-20,0.985092878203253
2021-12-21,0.9857175073577343
2021-12-22,0.9858289546568912
2021-12-23,0.9853564293619343
2021-12-27,0.9838515826799925
2021-12-28,0.9824088567924617
2021-12-29,0.9833294460493373
2021-12-30,0.9827057317041341
2021-12-31,0.9854405851863325
2022-01-03,0.9848190682058063
2022-01-04,0.9848066116764588
2022-08-08,0.9848066116764588
2022-08-09,0.9848066116764588
2022-08-10,0.9848066116764588
2022-08-11,0.9848066116764588
2022-08-12,0.9848066116764588
2022-08-15,0.9848066116764588
2022-08-16,0.9848066116764588
2022-08-17,0.9848066116764588
2022-08-18,0.9848066116764588
2022-08-19,0.9848066116764588
2022-08-22,0.9848066116764588
2022-08-23,0.9848066116764588
2022-08-24,0.9848066116764588
2022-08-25,0.9848066116764588
2022-08-26,0.9848066116764588
2022-08-29,0.9848066116764588
2022-08-30,0.9848066116764588
2022-08-31,0.9848066116764588
2022-09-01,0.9848066116764588
2022-09-02,0.9848066116764588
2022-09-06,0.9848066116764588
2022-09-07,0.9848066116764588
2022-09-08,0.9848066116764588
2022-09-09,0.9848066116764588
2022-09-12,0.9848066116764588
2022-09-13,0.9848066116764588
2022-09-14,0.9848066116764588
2022-09-15,0.9848066116764588
2022-09-16,0.9848066116764588
2022-09-19,0.9848066116764588
2022-09-20,0.9848066116764588
2022-09-21,0.9848066116764588
2022-09-22,0.9848066116764588
2022-09-23,0.9848066116764588
2022-09-26,0.9848066116764588
2022-09-27,0.9848066116764588
2022-09-28,0.9848066116764588
2022-09-29,0.9848066116764588
2022-09-30,0.9848066116764588
2022-10-03,0.9848066116764588
2022-10-04,0.9848066116764588
2022-10-05,0.9848066116764588
2022-10-06,0.9848066116764588
2022-10-07,0.9848066116764588
2022-10-10,0.9848066116764588
2022-10-11,0.9848066116764588
2022-10-12,0.9848066116764588
2022-10-13,0.9848066116764588
2022-10-14,0.9848066116764588
2022-10-17,0.9848066116764588
2022-10-18,0.9848066116764588
2022-10-19,0.9848066116764588
2022-10-20,0.9848066116764588
2022-10-21,0.9848066116764588
2022-10-24,0.9848066116764588
2022-10-25,0.9848066116764588
2022-10-26,0.9848066116764588
2022-10-27,0.9848066116764588
2022-10-28,0.9848066116764588
2022-10-31,0.9848066116764588
2022-11-01,0.9848066116764588
2022-11-02,0.9852678654939807
2022-11-03,0.9881394726169394
2022-11-04,0.9883781018132386
2022-11-07,0.9884289052597265
2022-11-08,0.9877019470363771
2022-11-09,0.9804822993700273
2022-11-10,0.9820572921749989
2022-11-11,0.9842293727448191
2022-11-14,0.9831545903076518
2022-11-15,0.9820872966472375
2022-11-16,0.9826446087679782
2022-11-17,0.9825753658282266
2022-11-18,0.9828716082042311
2022-11-21,0.9806707111023718
2022-11-22,0.9800275297786171
2022-11-23,0.9807482706266484
2022-11-25,0.9824524238586223
2022-11-28,0.9820258201053067
2022-11-29,0.9801545980457517
2022-11-30,0.9793388969934874
2022-12-01,0.980219772860511
2022-12-02,0.9829667358184935
2022-12-05,0.9835886349138706
2022-12-06,0.9813905261387444
2022-12-07,0.9819310879236629
2022-12-08,0.9844637718855717
2022-12-09,0.9821943094227165
2022-12-12,0.9818191331930102
2022-12-13,0.9816422655523193
2022-12-14,0.9806370759328383
2022-12-15,0.9815822318868848
2022-12-16,0.9836337971111215
2022-12-19,0.9833725538654229
2022-12-20,0.9819275621710102
2022-12-21,0.9801798039764436
2022-12-22,0.9809869905622491
2022-12-23,0.9807411812580852
2022-12-27,0.9812194962600421
2022-12-28,0.9805886145958297
2022-12-29,0.9803594785665114
2022-12-30,0.9779125865149046
2023-01-03,0.9761514430556334
2023-01-04,0.9739088320653271
2023-01-05,0.97661233002924
2023-01-06,0.9769546747040287
2023-01-09,0.9745581559535279
2023-01-10,0.9725079608061722
2023-01-11,0.9719121485659689
2023-01-12,0.9723425248869954
2023-01-13,0.9714833383364218
2023-01-17,0.9701980167589193
2023-01-18,0.9716695883284576
2023-01-19,0.9724509683856948
2023-01-20,0.9739060116523984
2023-01-23,0.972559361762402
2023-01-24,0.9724267158074137
2023-01-25,0.9713224947437276
2023-01-26,0.970113719569919
2023-01-27,0.9714155387221813
2023-01-30,0.965349256543764
2023-01-31,0.9638475746667375
2023-02-01,0.9552465430168565
2023-02-02,0.9590766243854821
2023-02-03,0.9605401341823882
2023-02-06,0.961032486413075
2023-02-07,0.9639462820628996
2023-02-08,0.9666284214366495
2023-02-09,0.9650489327314629
2023-02-10,0.9630724667841372
2023-02-13,0.9646703999628062
2023-02-14,0.9673628104697765
2023-02-15,0.9679362138560181
2023-02-16,0.9694083447794117
2023-02-17,0.9707893768649599
2023-02-21,0.9695753925964319
2023-02-22,0.9694976073677246
2023-02-23,0.9684881399536875
2023-02-24,0.9689881146645812
2023-02-27,0.9688261537790286
2023-02-28,0.9702395511537442
2023-03-01,0.9708570785345175
2023-03-02,0.9708411333177244
2023-03-03,0.9701195593870393
2023-03-06,0.9696618648475256
2023-03-07,0.970488545335979
2023-03-08,0.9704884977880772
2023-10-09,0.9704884977880772
2023-10-10,0.9704884977880772
2023-10-11,0.9704884977880772
2023-10-12,0.9704884977880772
2023-10-13,0.9704884977880772
2023-10-16,0.9704884977880772
2023-10-17,0.9704884977880772
2023-10-18,0.9704884977880772
2023-10-19,0.9704884977880772
2023-10-20,0.9704884977880772
2023-10-23,0.9704884977880772
2023-10-24,0.9704884977880772
2023-10-25,0.9704884977880772
2023-10-26,0.9704884977880772
2023-10-27,0.9704884977880772
2023-10-30,0.9704884977880772
2023-10-31,0.9704884977880772
2023-11-01,0.9704884977880772
2023-11-02,0.9704884977880772
2023-11-03,0.9704884977880772
2023-11-06,0.9704884977880772
2023-11-07,0.9704884977880772
2023-11-08,0.9704884977880772
2023-11-09,0.9704884977880772
2023-11-10,0.9704884977880772
2023-11-13,0.9704884977880772
2023-11-14,0.9704884977880772
2023-11-15,0.9704884977880772
2023-11-16,0.9704884977880772
2023-11-17,0.9704884977880772
2023-11-20,0.9704884977880772
2023-11-21,0.9704884977880772
2023-11-22,0.9704884977880772
2023-11-24,0.9704884977880772
2023-11-27,0.9704884977880772
2023-11-28,0.9704884977880772
2023-11-29,0.9704884977880772
2023-11-30,0.9704884977880772
2023-12-01,0.9704884977880772
2023-12-04,0.9704884977880772
2023-12-05,0.9704884977880772
2023-12-06,0.9704884977880772
2023-12-07,0.9704884977880772
2023-12-08,0.9704884977880772
2023-12-11,0.9704884977880772
2023-12-12,0.9704884977880772
2023-12-13,0.9704884977880772
2023-12-14,0.9704884977880772
2023-12-15,0.9704884977880772
2023-12-18,0.9704884977880772
2023-12-19,0.9704884977880772
2023-12-20,0.9704884977880772
2023-12-21,0.9704884977880772
2023-12-22,0.9704884977880772
2023-12-26,0.9704884977880772
2023-12-27,0.9704884977880772
2023-12-28,0.9704884977880772
2023-12-29,0.9704884977880772
2024-01-02,0.9704884977880772
2024-01-03,0.9704884977880772
2024-01-04,0.9704884977880772
2024-01-05,0.9698793983810429
2024-01-08,0.9697686181674471
2024-01-09,0.9695112319706781
2024-01-10,0.9721647816525804
2024-01-11,0.9723391832253635
2024-01-12,0.9727165683832463
2024-01-16,0.973415295302029
2024-01-17,0.9746921537156679
2024-01-18,0.9740821799593704
2024-01-19,0.9734729566989673
2024-01-22,0.9739534242999182
2024-01-23,0.9741092575698972
2024-01-24,0.9743680856913577
2024-01-25,0.9750720210866287
2024-01-26,0.9753461476755919
2024-01-29,0.9751647332139067
2024-01-30,0.9752014953396763
2024-01-31,0.9753785214049672
2024-02-01,0.974410965255492
2024-02-02,0.9741441466524807
2024-02-05,0.9745696889386776
2024-02-06,0.9745678384739679
2024-02-07,0.9734708580694488
2024-02-08,0.9735891196420294
2024-02-09,0.9743309459545247
2024-02-12,0.9731693600181839
2024-02-13,0.9720323385884966
2024-02-14,0.9742815973241652
2024-02-15,0.9740761863528199
2024-02-16,0.9730798839557908
2024-02-20,0.9738650172227526
2024-02-21,0.9731894663480746
2024-02-22,0.9744969838029932
2024-02-23,0.9715504316864182
2024-02-26,0.9720156302814017
2024-02-27,0.9711247668648572
2024-02-28,0.972940657673836
2024-02-29,0.9710834655085455
2024-03-01,0.9736075948169256
2024-03-04,0.9736828726238279
2024-03-05,0.9755321900433593
2024-03-06,0.9765655665826379
2024-03-07,0.976723909925685
2024-03-08,0.977455317538853
2024-03-11,0.976916088850476
2024-03-12,0.9790897741802026
2024-03-13,0.9775899718472872
2024-03-14,0.978278354818144
2024-03-15,0.9795524868689345
2024-03-18,0.9816692975190495
2024-03-19,0.9817401234875939
2024-03-20,0.9815050584046985
2024-03-21,0.9813005284322612
2024-03-22,0.9820203190202524
2024-03-25,0.9834316931886525
2024-03-26,0.9828097213752912
2024-03-27,0.982975981813296
2024-03-28,0.9827076592437003
2024-04-01,0.982772334842654
2024-04-02,0.9826183726704851
2024-04-03,0.9816880897185548
2024-04-04,0.9838758202141092
2024-04-05,0.9786313950192363
2024-04-08,0.9766983607715821
2024-04-09,0.9736712051779725
2024-04-10,0.9741823506436753
2024-04-11,0.9763258804044244
2024-04-12,0.9742885449900952
2024-04-15,0.9709748527270634
2024-04-16,0.9702658035764371
2024-04-17,0.9706295063958847
2024-04-18,0.9720201592736842
2024-04-19,0.971784481589843
2024-04-22,0.9764335752906116
2024-04-23,0.9711881636053463
2024-04-24,0.9687193016228302
2024-04-25,0.9706035116355513
2024-04-26,0.9699057632289912
2024-04-29,0.9666855646676301
2024-04-30,0.9676969830535748
2024-05-01,0.9699659835043727
2024-05-02,0.9712271510394048
2024-05-03,0.9713125997072967
2024-05-06,0.968106551707739
2024-05-07,0.964705110365924
2024-05-08,0.9646602011424812
2024-12-09,0.9646602011424812
2024-12-10,0.9646602011424812
2024-12-11,0.9646602011424812
2024-12-12,0.9646602011424812
2024-12-13,0.9646602011424812
2024-12-16,0.9646602011424812
2024-12-17,0.9646602011424812
2024-12-18,0.9646602011424812
2024-12-19,0.9646602011424812
2024-12-20,0.9646602011424812
2024-12-23,0.9646602011424812
2024-12-24,0.9646602011424812
2024-12-26,0.9646602011424812
2024-12-27,0.9646602011424812
2024-12-30,0.9646602011424812
2024-12-31,0.9646602011424812
2025-01-02,0.9646602011424812
2025-01-03,0.9646602011424812
2025-01-06,0.9646602011424812
2025-01-07,0.9646602011424812
2025-01-08,0.9646602011424812
2025-01-10,0.9646602011424812
2025-01-13,0.9646602011424812
2025-01-14,0.9646602011424812
2025-01-15,0.9646602011424812
2025-01-16,0.9646602011424812
2025-01-17,0.9646602011424812
2025-01-21,0.9646602011424812
2025-01-22,0.9646602011424812
2025-01-23,0.9646602011424812
2025-01-24,0.9646602011424812
2025-01-27,0.9646602011424812
2025-01-28,0.9646602011424812
2025-01-29,0.9646602011424812
2025-01-30,0.9646602011424812
2025-01-31,0.9646602011424812
2025-02-03,0.9646602011424812
2025-02-04,0.9646602011424812
2025-02-05,0.9646602011424812
2025-02-06,0.9646602011424812
2025-02-07,0.9646602011424812
2025-02-10,0.9646602011424812
2025-02-11,0.9646602011424812
2025-02-12,0.9646602011424812
2025-02-13,0.9646602011424812
2025-02-14,0.9646602011424812
2025-02-18,0.9646602011424812
2025-02-19,0.9646602011424812
2025-02-20,0.9646602011424812
2025-02-21,0.9646602011424812
2025-02-24,0.9646602011424812
2025-02-25,0.9646602011424812
2025-02-26,0.9646602011424812
2025-02-27,0.9646602011424812
2025-02-28,0.9646602011424812
2025-03-03,0.9646602011424812
2025-03-04,0.9646602011424812
2025-03-05,0.9646602011424812
2025-03-06,0.9646602011424812
2025-03-07,0.9646602011424812
2025-03-10,0.9646602011424812
2025-03-11,0.9693312295499623
2025-03-12,0.9683727646306186
2025-03-13,0.9675546617857507
2025-03-14,0.9679188822878753
2025-03-17,0.9672506454997052
2025-03-18,0.9666257490094264
2025-03-19,0.9652386019242261
2025-03-20,0.964694886799053
2025-03-21,0.9649991341225114
2025-03-24,0.9663133751918962
2025-03-25,0.9656848162153939
2025-03-26,0.9644338823320213
2025-03-27,0.9649382395431596
2025-03-28,0.9646640238816891
2025-03-31,0.9693134619618002
2025-04-01,0.9685270390960568
2025-04-02,0.9655479074321488
2025-04-03,0.9648843325416067
2025-04-04,0.9667369514921273
2025-04-07,0.9656095650866678
2025-04-08,0.9735352377168489
2025-04-09,0.9698907730348523
2025-04-10,0.9703725999836471
2025-04-11,0.970296028941535
2025-04-14,0.9704872183681718
2025-04-15,0.9701525263900921
2025-04-16,0.9701728682412728
2025-04-17,0.9704723068289044
2025-04-21,0.9694486112444914
2025-04-22,0.9698353281262508
2025-04-23,0.9712175973719487
2025-04-24,0.972971568467588
2025-04-25,0.9733650451969539
2025-04-28,0.9716635972189266
2025-04-29,0.9713064074572573
2025-04-30,0.9717487093068817
2025-05-01,0.973561899140908
2025-05-02,0.974330659601551
2025-05-05,0.9750113215675805
2025-05-06,0.9740278398879805
2025-05-07,0.9762506083723714
2025-05-08,0.9762226168324943
2025-05-09,0.9755765695870672
2025-05-12,0.9748339790167059
2025-05-13,0.9745490221563
2025-05-14,0.9779363143553962
2025-05-15,0.9794052583763269
2025-05-16,0.9800158672417497
2025-05-19,0.9809012355027324
2025-05-20,0.9800294402423655
2025-05-21,0.9792663113894603
2025-05-22,0.9794069528927215
2025-05-23,0.978824040630853
2025-05-27,0.9775442768642982
2025-05-28,0.978178069665709
2025-05-29,0.9797051417977326
2025-05-30,0.9790222367773351
2025-06-02,0.9795084123040647
2025-06-03,0.9788326251335332
2025-06-04,0.9778093397223513
2025-06-05,0.9771252872617838
2025-06-06,0.9771003509689925
2025-06-09,0.9773381642392485
2025-06-10,0.9779551707170936
2025-06-11,0.9787380860160697
2025-06-12,0.9790290408523172
2025-06-13,0.9780229740711534
2025-06-16,0.9780723929418194
2025-06-17,0.9787474369228366
2025-06-18,0.9799266914106081
2025-06-20,0.9811411807836699
2025-06-23,0.9810431044556065
2025-06-24,0.9803249426229292
2025-06-25,0.981222497680228
2025-06-26,0.98142187194494
2025-06-27,0.983261696866462
2025-06-30,0.9839119323612858
2025-07-01,0.9820814253843936
2025-07-02,0.9833100296639788
2025-07-03,0.9831138084212833
2025-07-07,0.9817830257773258
2025-07-08,0.9810645807737846
2025-07-09,0.9821687848365291
2025-07-10,0.9817605514205581
2025-07-11,0.9821846050853851
2025-07-14,0.9821814979493502
2026-02-12,0.9821814979493502
2026-02-13,0.9821814979493502
2026-02-17,0.9821814979493502
2026-02-18,0.9821814979493502
2026-02-19,0.9821814979493502
2026-02-20,0.9821814979493502
2026-02-23,0.9821814979493502
2026-02-24,0.9821814979493502
2026-02-25,0.9821814979493502
2026-02-26,0.9821814979493502
2026-02-27,0.9821814979493502
2026-03-02,0.9821814979493502
2026-03-03,0.9821814979493502
2026-03-04,0.9821814979493502
2026-03-05,0.9821814979493502
2026-03-06,0.9821814979493502
2026-03-09,0.9821814979493502
2026-03-10,0.9821814979493502
2026-03-11,0.9821814979493502
2026-03-12,0.9821814979493502
2026-03-13,0.9821814979493502
2026-03-16,0.9821814979493502
2026-03-17,0.9821814979493502
2026-03-18,0.9821814979493502
2026-03-19,0.9821814979493502
2026-03-20,0.9821814979493502
2026-03-23,0.9821814979493502
2026-03-24,0.9821814979493502
2026-03-25,0.9821814979493502
2026-03-26,0.9821814979493502
2026-03-27,0.9821814979493502
2026-03-30,0.9821814979493502
2026-03-31,0.9821814979493502
2026-04-01,0.9821814979493502
2026-04-02,0.9821814979493502
2026-04-06,0.9821814979493502
2026-04-07,0.9821814979493502
2026-04-08,0.9821814979493502
2026-04-09,0.9821814979493502
2026-04-10,0.9821814979493502
2026-04-13,0.9821814979493502
2026-04-14,0.9821814979493502
2026-04-15,0.9821814979493502
2026-04-16,0.9821814979493502
2026-04-17,0.9821814979493502
2026-04-20,0.9821814979493502
2026-04-21,0.9821814979493502
2026-04-22,0.9821814979493502
2026-04-23,0.9821814979493502
2026-04-24,0.9821814979493502
2026-04-27,0.9821814979493502
2026-04-28,0.9821814979493502
2026-04-29,0.9821814979493502
2026-04-30,0.9821814979493502
2026-05-01,0.9821814979493502
2026-05-04,0.9821814979493502
2026-05-05,0.9821814979493502
2026-05-06,0.9821814979493502
2026-05-07,0.9821814979493502
2026-05-08,0.9821814979493502
2026-05-11,0.9821814979493502
2026-05-12,0.9803610738273452
2026-05-13,0.9835001525885929
2026-05-14,0.9812349677854915
2026-05-15,0.9847227829002555
2026-05-18,0.9858841031926583
2026-05-19,0.9862133666571293
2026-05-20,0.9886186286251085
2026-05-21,0.9894171506740613
2026-05-22,0.9901238402791354
2026-05-26,0.9891729069875822
2026-05-27,0.9875234495007389
2026-05-28,0.9881270236189146
2026-05-29,0.9836387271255591
2026-06-01,0.9882669504902994
2026-06-02,0.9893555120550359
2026-06-03,0.9926855529611851
2026-06-04,0.9937916752364161
2026-06-05,0.9918505316954502
2026-06-08,0.9933792726821304
2026-06-09,0.9942915432208913
2026-06-10,0.992935424999563
2026-06-11,0.9945792588836591
2026-06-12,0.9963536911947309
2026-06-15,0.9955546928975108
2026-06-16,0.9915967517621652
2026-06-17,0.9912394167013288
2026-06-18,0.992880489038913
2026-06-22,0.9906992574314183
2026-06-23,0.9845552929141834
2026-06-24,0.9878246285828048
2026-06-25,0.9864464518849887
2026-06-26,0.9836292862559057
2026-06-29,0.9861208190091619
2026-06-30,0.9871043554154569
2026-07-01,0.9874753497514389
2026-07-02,0.9846805533004706
2026-07-06,0.9818702189441001
2026-07-07,0.9834977474087258
2026-07-08,0.9846877265123873
2026-07-09,0.9838508775746432
2026-07-10,0.9825085040984866
2026-07-13,0.9875621661155638
2026-07-14,0.9887977280548084
2026-07-15,0.9760721457267032
2026-07-16,0.973354992495582
2026-07-17,0.977849961205859
2026-07-20,0.9829012008428705
2026-07-21,0.9831066128201169
2026-07-22,0.9774477743101377
2026-07-23,0.9752636642908572
2026-07-24,0.9754239428289878
2026-07-27,0.9733151555139329
2026-07-28,0.9787672656124399
2026-07-29,0.9839222296302165
2026-07-30,0.9832290143808077
2026-07-31,0.983211095238389
2026-08-03,0.982911355358382
2026-08-04,0.9831795068603238
2026-08-05,0.9831370298751223
2026-08-06,0.9859313542638964
2026-08-07,0.9806289430287247
2026-08-10,0.9804312611885659
2026-08-11,0.9804584151356058
2026-08-12,0.9818167331471377
2026-08-13,0.9808960763017682
2026-08-14,0.9812809552900669
2026-08-17,0.9789627600562486
2026-08-18,0.9773763691128172
2026-08-19,0.9827255683726737
2026-08-20,0.983007136622693
2026-08-21,0.9841082178553444
2026-08-24,0.9815191905440932
2026-08-25,0.9851424831150477
2026-08-26,0.9837121074202381
2026-08-27,0.9836875121489692
2026-08-28,0.9823089439560673
2026-08-31,0.9815209685131251
2026-09-01,0.9839958124118395
2026-09-02,0.9835562246709078
2026-09-03,0.981723260858517
2026-09-04,0.9812620045653759
2026-09-08,0.9798150097731402
2026-09-09,0.9780518191880133
2026-09-10,0.9780750080100704
2026-09-11,0.9735863903745987
2026-09-14,0.9713829445659188
2026-09-15,0.9713389264075476
