trade_id,entry_date,direction,holding_days,gross_pnl,transaction_cost,carry_cost,net_pnl,stopped,exit_date,stopped_open_at_end,total_cost
1,2021-02-08,Short spread,6,4983.533825110226,54.67554201882841,0.0,4928.858283091397,False,2021-02-17,False,54.67554201882841
2,2021-03-08,Short spread,28,-1313.6846442694784,76.96122650645566,0.0,-1390.645870775934,False,2021-04-16,False,76.96122650645566
3,2021-06-03,Long spread,24,-3393.0570158124565,89.98107174861437,0.0,-3483.038087561071,False,2021-07-08,False,89.98107174861437
4,2021-12-07,Short spread,8,2866.223734355159,45.50731440497101,0.0,2820.716419950188,False,2021-12-17,False,45.50731440497101
5,2022-02-07,Long spread,46,-4813.172579178522,49.54652960422804,0.0,-4862.7191087827505,False,2022-04-13,False,49.54652960422804
6,2022-11-11,Short spread,7,1448.890119465917,34.02042957402922,0.0,1414.8696898918877,False,2022-11-22,False,34.02042957402922
7,2022-12-16,Short spread,23,-81.76941539793711,42.57109921181062,0.0,-124.34051460974773,False,2023-01-23,False,42.57109921181062
8,2023-02-09,Long spread,42,-3023.9458728020672,66.80047853348152,0.0,-3090.7463513355488,False,2023-04-12,False,66.80047853348152
9,2023-05-26,Long spread,7,4340.017593506355,56.285274523563594,0.0,4283.732318982792,False,2023-06-07,False,56.285274523563594
10,2023-08-22,Long spread,14,80.55771953854105,58.65383887280262,0.0,21.903880665738427,False,2023-09-12,False,58.65383887280262
11,2023-12-04,Short spread,24,1061.0703175808321,96.57457454043958,0.0,964.4957430403925,False,2024-01-09,False,96.57457454043958
12,2024-07-15,Short spread,62,-9847.750301282347,67.25958622613061,0.0,-9915.009887508479,False,2024-10-10,False,67.25958622613061
13,2024-12-13,Long spread,62,-24167.801757955887,126.40078483243289,0.0,-24294.20254278832,False,2025-03-18,False,126.40078483243289
14,2025-08-14,Short spread,27,4385.720985449445,63.15608185366019,0.0,4322.564903595785,False,2025-09-23,False,63.15608185366019
15,2025-12-22,Long spread,13,7282.342902359167,76.09658726934059,0.0,7206.246315089827,False,2026-01-12,False,76.09658726934059
16,2026-03-12,Long spread,32,-10993.667788398734,118.69901407899611,0.0,-11112.36680247773,False,2026-04-28,False,118.69901407899611
