fold,Ticker A,Ticker B,weight,train_coint_pvalue,train_fdr_pvalue,half_life_days,chosen_entry_z,chosen_exit_z,pair_test_sharpe,pair_test_return,pair_test_max_dd,completed_trades,trade_sufficient
0,NUE,TECK,0.0660249237064469,8.914486877562632e-05,0.5055405508265769,24.145690778526117,1.5,0.75,-1.6490018250421719,-0.22702248517940954,-0.3434665782115236,1,False
0,DUK,RSG,0.07243216193833354,0.0003139406893188846,0.5267074010134799,28.158825360969665,1.5,0.5,-0.7661174962809735,-0.02417503436945191,-0.05169692584973795,1,False
0,CZR,ELV,0.037794787247780105,0.00037359137318998016,0.5267074010134799,40.359369745317125,1.5,0.75,-0.39992121270550235,-0.026101498276538126,-0.11171221605838944,3,True
0,DUK,WM,0.07116470978356532,0.000387744738457883,0.5267074010134799,26.960345090600857,1.5,0.25,-0.601002500662908,-0.02007041247048473,-0.0540077926760103,1,False
0,LEN,UPS,0.04800947629231021,0.0006873091241682013,0.5267074010134799,37.217884933567106,2.5,0.25,2.03412886371813,0.06155006250676767,-0.01599499206478605,1,False
0,PEP,XEL,0.05862016094030832,0.001026147376174148,0.5267074010134799,18.72310641876175,1.5,1.0,1.1632533244461816,0.03368162683964727,-0.02556205902890374,3,True
0,LEN,SPG,0.03972001093959056,0.0012115161469057152,0.5267074010134799,43.22129302755683,2.5,0.25,-0.1503776784310732,-0.005863412910934054,-0.05413170829333935,1,False
0,PHM,RIO,0.0818236822788745,0.0012200992966370078,0.5267074010134799,46.86816102348666,1.5,1.0,0.823214943686511,0.03496403763697307,-0.02778431079223842,2,True
0,RIO,UNP,0.10595962251704076,0.0012552614276783182,0.5267074010134799,25.61031763810549,2.0,1.0,-2.25291995104621,-0.15650996892258226,-0.1979489276904025,1,False
0,CZR,PFE,0.03137952091566568,0.0014165632069001969,0.5267074010134799,43.042911234710644,2.0,0.75,,0.0,0.0,0,False
0,LEN,PCAR,0.052778988465029326,0.0016978962863339949,0.5267074010134799,40.02774368496226,2.0,0.5,1.3630999644919575,0.06036928127949012,-0.052055638889558664,1,False
0,LEN,NVDA,0.05037235376136143,0.0017833054052852472,0.5267074010134799,41.03743186728123,2.0,1.0,0.4032946335628383,0.019521010503629366,-0.04678492846383597,3,True
0,PCAR,PHM,0.09407618675089718,0.0019110666539908436,0.5267074010134799,33.43820948022381,1.5,0.25,0.4807312543673112,0.02041393844260547,-0.054049269973223124,2,True
0,LVS,PNC,0.05187100441391482,0.0019218900627046224,0.5267074010134799,26.468955418700222,1.5,0.5,2.114561227814363,0.05661913468776246,-0.010662328462976656,3,True
0,IHG,TFC,0.06026911226296766,0.0019423425316185202,0.5267074010134799,26.71689015064484,2.0,0.75,2.198160460685677,0.050269865073252436,-0.011720825281277603,2,True
0,KBH,NOC,0.07770329778591371,0.0019586389363995004,0.5267074010134799,40.78351611388566,2.5,1.0,0.7007421229538777,0.013049960635528123,-0.015909801341977725,1,False
1,DUK,WM,0.07458717872604317,7.582228480000763e-05,0.1474174316000189,25.52179768223422,1.5,0.5,-0.19728122389706076,-0.010018190244753615,-0.0668860059802675,1,False
1,LEN,UPS,0.04018665281341735,8.465210016741337e-05,0.1474174316000189,28.11072083062816,1.5,0.5,0.4059183049543395,0.017273942893892624,-0.06871896964608915,2,True
1,AEP,MRK,0.056352242117150605,0.00010205580234926435,0.1474174316000189,30.034879776747786,1.5,0.75,,0.0,0.0,0,False
1,DUK,RSG,0.07482378211624995,0.0002017882858881653,0.19100254805933056,28.895564307643703,2.0,0.75,,0.0,0.0,0,False
1,PHM,TXN,0.07604291957877939,0.0002020834576540263,0.19100254805933056,30.077532088867994,2.0,0.5,-1.0872055382513182,-0.047882675139021676,-0.07712304560626715,0,False
1,KBH,PCAR,0.07049642735806926,0.00031363348412842004,0.2540879269274672,26.666307360492798,2.0,0.75,-2.502420850783545,-0.12773860569510634,-0.1277386056951063,1,False
1,DUK,ICE,0.06653978239508349,0.0008061566122103218,0.5411868742465622,32.88492210086816,3.0,0.75,,0.0,0.0,0,False
1,PCAR,PHM,0.08793625548173162,0.0010269078074851825,0.5788075414592835,30.09686104858553,1.5,1.0,-0.1491770252039201,-0.0064502857039083344,-0.0553931217630762,2,True
1,PGR,V,0.05213455745612741,0.001146612493044291,0.5788075414592835,22.613549381459272,2.5,0.25,,0.0,0.0,0,False
1,KBH,RIO,0.0729710433413716,0.0012247734962989598,0.5788075414592835,37.44388468420349,1.5,0.25,-0.06665033875419724,-0.003266461309903835,-0.07990129223122289,1,False
1,DHI,UPS,0.041378200521402606,0.0013580267340615438,0.5924130468356165,34.96866910258159,2.0,0.5,,0.0,0.0,0,False
1,PHM,RIO,0.0700499145004896,0.0016773537165035298,0.633306258940711,37.703888628778024,2.5,0.5,-0.9801632956988495,-0.05972024421219929,-0.11464299831668845,2,True
1,DUK,KO,0.07283943787121365,0.0017354081244731895,0.633306258940711,27.624256267733205,1.5,0.5,1.358290647594233,0.036185083417335784,-0.01790737854842339,1,False
1,DUK,JNJ,0.06591489395631366,0.002276812897094427,0.633306258940711,33.92673094851199,1.5,0.25,,0.0,0.0,0,False
1,KBH,TXN,0.07774671176655669,0.0023207173756556775,0.633306258940711,29.268705773290996,1.5,0.75,0.6152114764731891,0.00755212976175909,-0.007829030450253738,1,False
2,DUK,RSG,0.07095565060654928,9.380748558471484e-05,0.3857255390497886,31.40647270416106,1.5,0.25,1.5129551727026251,0.04586642620137726,-0.01825754299673632,2,True
2,DUK,WM,0.0708968718973144,0.00013603439924168175,0.3857255390497886,29.371849100500302,1.5,1.0,-1.3093073414159544,-0.0005447517094946367,-0.0005447517094946397,0,False
2,MA,V,0.025302032706769936,0.00023527334800031144,0.4447450521699221,23.950840427115022,1.5,0.5,0.3839077658272803,0.011995526455905901,-0.01787636384537994,2,True
2,PHM,TXN,0.07315587455992265,0.0003715877579525429,0.4616082167218786,33.158435858476885,1.5,0.5,-0.5060076831988353,-0.05418995866212684,-0.13246574024876412,0,False
2,PHM,RIO,0.062370780849258095,0.00040699013994170214,0.4616082167218786,33.25711185713329,2.5,1.0,0.030927103841931303,0.0022138708621003236,-0.11336616001582289,1,False
2,DUK,KO,0.06981724164078928,0.0008718752754234754,0.5125261207761279,29.80653642609314,1.5,0.75,0.9036607105398221,0.024403499988725527,-0.029934037674480773,3,True
2,ICE,PHM,0.03351545776165722,0.0009223223867279529,0.5125261207761279,44.42417604953,1.5,1.0,-0.22695590957659037,-0.007004197235551888,-0.04113938270277162,1,False
2,LEN,UPS,0.038721244007048065,0.0009714457218128369,0.5125261207761279,35.12350375180602,1.5,1.0,1.167396590401127,0.03464122653478724,-0.02496771156033395,1,False
2,DUK,JNJ,0.06275950934218634,0.0009917672973611808,0.5125261207761279,35.02636659647338,1.5,0.25,-1.3139999707985148,-0.04052908228989766,-0.062094797135858415,1,False
2,RIO,TXN,0.0702816401037313,0.0009967675915644367,0.5125261207761279,37.26153550637671,1.5,0.75,-0.7367989557771554,-0.025023318318108848,-0.05091148192832062,1,False
2,ALL,JNJ,0.03763987981413375,0.000999997538070503,0.5125261207761279,34.03411738021091,1.5,0.5,-1.5248058852337074,-0.099144271848575,-0.12382460217388036,2,True
2,DUK,UNH,0.06387258925686283,0.001370899267915959,0.5125261207761279,41.624946147846146,1.5,0.25,1.914523517552473,0.02707998039094951,-0.0053682095076986736,1,False
2,ED,NOC,0.062120799190422016,0.0013807004403571046,0.5125261207761279,36.55978940971446,2.0,0.25,0.8358349407927708,0.015503628783398928,-0.012836588956968042,1,False
2,KO,SO,0.123370761315197,0.001583380594612759,0.5125261207761279,31.303787955836558,2.0,0.25,,0.0,0.0,0,False
2,DUK,MOH,0.05768998341551902,0.001659946008396658,0.5125261207761279,48.67252690553172,1.5,0.25,-0.28745436296688054,-0.00572586636405094,-0.027637812325703837,1,False
2,MA,XEL,0.009629665521513302,0.0018046844176401232,0.5125261207761279,36.569866460114945,1.5,1.0,0.5755335214222643,0.02040015469981076,-0.03958015207121468,1,False
2,CE,CZR,0.02818362849277155,0.002031587757462088,0.5125261207761279,44.536406715337655,2.0,0.25,0.7521590815346627,0.01992850718821602,-0.022867455062027364,0,False
2,H,RTX,0.0397163895183541,0.0020469986920251576,0.5125261207761279,32.604272307667266,2.0,1.0,-1.589304585513355,-0.08782072376147518,-0.10650581432282114,1,False
3,MA,V,0.027399837415108323,2.2785842900302134e-05,0.1292185150876134,22.35443326758999,2.0,0.5,0.634389318053698,0.017223451830673336,-0.03103735449918954,4,True
3,ICE,UNP,0.046725909815926975,0.00014704714526553292,0.3340906728459178,34.7500840786278,2.0,0.75,,0.0,0.0,0,False
3,LEN,SCCO,0.03460081306889088,0.00030671572386670615,0.3340906728459178,42.131998775743725,2.0,1.0,1.4198585053796713,0.04299286668723119,-0.027148896900076047,1,False
3,CAT,SCCO,0.018553005033577184,0.00031478093901225187,0.3340906728459178,38.18032283091406,2.0,1.0,0.8024457752996248,0.0425004372767817,-0.03485729514787017,1,False
3,PCAR,PHM,0.07124730610208961,0.00034023169491814937,0.3340906728459178,34.489601653277944,1.5,0.75,-0.3415592922085943,-0.01884209349184261,-0.07329264444021522,2,True
3,ED,NOC,0.06735622023241047,0.0003534727626654041,0.3340906728459178,34.916107629519,2.5,0.75,1.7791680630600126,0.05387245737711491,-0.009077400818844894,1,False
3,KO,SO,0.13596313114765948,0.00042807288022950294,0.3468001862545016,28.83586476213195,3.0,0.5,,0.0,0.0,0,False
3,DHI,SCCO,0.03262292403013856,0.0006113723405194301,0.38163816511561144,48.789012314893405,1.5,0.75,0.32995247167826713,0.010180350657349863,-0.03405753931722566,2,True
3,PEP,SO,0.04398084618350297,0.0006501129000870019,0.38163816511561144,38.81810335258434,1.5,1.0,1.82874472816706,0.06388302637257542,-0.01891509760159671,2,True
3,ELV,KO,0.009318324168706612,0.0010058653775509353,0.4468236355142831,36.04461960886531,1.5,0.25,-1.1557924186208106,-0.007364739372938678,-0.010578243650378405,0,False
3,DUK,KO,0.0791013510702624,0.001022343648509409,0.4468236355142831,38.84249415468846,1.5,0.25,,0.0,0.0,0,False
3,ED,LMT,0.06909540903324206,0.0010529046887650182,0.4468236355142831,39.12547592312208,1.5,0.5,-0.5588190262023378,-0.03213810289361301,-0.08766926281539622,1,False
3,DUK,UNP,0.065053482808336,0.0011818646680857427,0.4468236355142831,40.42858199738836,1.5,0.5,0.7415103800041151,0.035840759553061895,-0.043145103690917064,1,False
3,BHP,ELV,0.07708187715329265,0.0013361564568989094,0.4735839541921072,43.35284244017787,1.5,0.5,1.0040676814938199,0.03491086243958177,-0.01958162565211541,2,True
3,AVGO,LLY,0.05312032364705538,0.0017258446603429791,0.5437369482669464,38.58743380263552,2.5,0.5,,0.0,0.0,0,False
3,MDLZ,SO,0.10001182303264751,0.002128127830921135,0.6190800810040105,43.416914088591966,2.0,1.0,1.2503241139030326,0.03398092098314386,-0.0015202137796744841,1,False
3,DUK,JNJ,0.06876741605715309,0.0022795088905775826,0.6190800810040105,38.77250976247277,1.5,0.25,1.0035928629944748,0.05529433492172934,-0.03053021403538725,1,False
4,CBOE,MAR,0.02898141454310334,3.348724617231266e-05,0.14661121883281966,32.2107211021887,1.5,1.0,0.17637057720928917,0.02530928893497781,-0.19158318130106078,2,True
4,CMI,TMUS,0.02094008075288133,5.170559648485969e-05,0.14661121883281966,36.54462825516502,1.5,1.0,1.385686395706229,0.1451731263244784,-0.07887699986128038,3,True
4,DUK,KO,0.09222986720217427,0.00015170671081086868,0.21508218925210906,37.419335688809056,3.0,0.25,0.25382513789210776,0.012248989813681102,-0.046065521493354744,1,False
4,AEM,KGC,0.0983076845525922,0.0003225832425868173,0.2536817434145462,38.1944527138008,1.5,0.5,-1.0202052503408323,-0.0814496581890091,-0.11350855570460183,0,False
4,RIO,UNP,0.08907618352912462,0.0003268354615407903,0.2536817434145462,39.488006262069035,2.5,0.75,-0.6107623583735045,-0.06005343331041929,-0.15275508154377027,1,False
4,DHI,SCCO,0.03244414551033759,0.00041723302019922075,0.2536817434145462,40.602431998435016,1.5,1.0,0.09256566739137095,0.0034479294564076436,-0.05955192962438838,3,True
4,JNJ,RIO,0.043387222453074276,0.0004861991577139315,0.2536817434145462,45.127738620134004,2.5,0.25,-0.6811974432628758,-0.07524507190524855,-0.1467304539759403,0,False
4,H,SCCO,0.03914567761517856,0.0005440897509504716,0.2536817434145462,44.37262724067414,1.5,0.5,-1.2904384426967297,-0.08837075811922332,-0.11467175063776713,1,False
4,BHP,MDLZ,0.08593405193969653,0.0005655181682845172,0.2536817434145462,47.14035406295378,2.0,1.0,,0.0,0.0,0,False
4,ALL,HLT,0.04096431627642722,0.0005833736172120672,0.2536817434145462,34.709853178608476,2.0,0.25,0.38225139376800105,0.022695521696053683,-0.07225857827800097,3,True
4,HLT,RSG,0.033582523994362276,0.00063254502138027,0.2536817434145462,41.35568354443492,1.5,0.5,1.8428536645796774,0.10121506659622338,-0.023327366240534997,2,True
4,DUK,NDAQ,0.07783830374204591,0.0006367979829989096,0.2536817434145462,42.3044849811777,2.5,0.5,,0.0,0.0,0,False
4,PCAR,PHM,0.07381031134904936,0.0006816666925565793,0.2536817434145462,47.30858496330603,1.5,1.0,-0.6030723209210564,-0.038335856416162994,-0.08830396529324436,3,True
4,ED,NOC,0.07593557087340157,0.0007945772574955139,0.2536817434145462,38.6269281944762,1.5,0.75,-0.2814458326649099,-0.010348329799738697,-0.029755950862106917,2,True
4,DUK,WM,0.08826972965703411,0.0008226933234800569,0.2536817434145462,45.99774936297324,2.5,0.25,-0.196080763598462,-0.012604907531324766,-0.05767813170720526,0,False
4,PCAR,SCCO,0.06046021368557333,0.0008383713058898976,0.2536817434145462,43.68876147518178,1.5,0.25,0.27761162396147115,0.02333566440263445,-0.125355044568777,2,True
4,CAT,SCCO,0.018692702323943655,0.0008851278805087825,0.2536817434145462,34.22694619326606,2.0,1.0,1.0790737480642882,0.1775084396501758,-0.09247804299622742,1,False
