Date,CBOE/IHG,CBOE/HLT,LLY/PCAR,ED/LMT
2024-09-17,0.0,0.0,0.0,0.0
2024-09-18,0.0,0.0,0.0,0.0
2024-09-19,0.0,0.0,0.0,0.0
2024-09-20,0.0,0.0,0.0,0.0
2024-09-23,0.0,0.0,0.0,0.0
2024-09-24,0.0,0.0,0.0,0.0
2024-09-25,0.0,0.0,0.0,0.0
2024-09-26,0.0,0.0,0.0,0.0
2024-09-27,0.0,0.0,0.0,0.0
2024-09-30,0.0,0.0,0.0,0.0
2024-10-01,0.0,0.0,0.0,0.0
2024-10-02,0.0,0.0,0.0,0.0
2024-10-03,0.0,0.0,0.0,0.0
2024-10-04,0.0,0.0,0.0,0.0
2024-10-07,0.0,0.0,0.0,0.0
2024-10-08,0.0,0.0,0.0,-12.5
2024-10-09,0.0,0.0,0.0,84.50053244034655
2024-10-10,0.0,0.0,0.0,-8.825541073625587
2024-10-11,0.0,0.0,0.0,15.121683213067243
2024-10-14,0.0,0.0,0.0,11.719340380397625
2024-10-15,0.0,0.0,0.0,463.0189523880296
2024-10-16,0.0,0.0,0.0,-22.730457388953205
2024-10-17,0.0,0.0,0.0,0.0
2024-10-18,0.0,0.0,0.0,0.0
2024-10-21,0.0,0.0,0.0,0.0
2024-10-22,0.0,0.0,0.0,0.0
2024-10-23,0.0,0.0,0.0,0.0
2024-10-24,0.0,0.0,0.0,-12.5
2024-10-25,0.0,0.0,0.0,325.48657799731876
2024-10-28,0.0,0.0,0.0,-146.1171908482815
2024-10-29,0.0,0.0,0.0,147.10499903065994
2024-10-30,0.0,0.0,0.0,14.340779666809109
2024-10-31,0.0,0.0,0.0,156.24902454597924
2024-11-01,0.0,0.0,0.0,238.23414617654515
2024-11-04,0.0,0.0,0.0,89.93248730195614
2024-11-05,0.0,0.0,-12.5,-52.426019627773144
2024-11-06,0.0,0.0,-1426.2518846536163,0.0
2024-11-07,0.0,0.0,712.8746260203675,0.0
2024-11-08,0.0,0.0,261.7719111694457,0.0
2024-11-11,0.0,0.0,-249.24444443576178,0.0
2024-11-12,0.0,0.0,-234.6769161027879,0.0
2024-11-13,0.0,0.0,-137.65567964734845,-12.5
2024-11-14,0.0,0.0,-132.72668792319263,277.68761269848136
2024-11-15,0.0,0.0,-180.66110126248958,267.81820747234406
2024-11-18,0.0,0.0,-215.82229604080192,64.85523183065541
2024-11-19,0.0,0.0,227.23119988038576,49.06446829015523
2024-11-20,0.0,0.0,379.537531366433,127.57821619633519
2024-11-21,0.0,0.0,-568.3088944259877,5.07170286010936
2024-11-22,0.0,0.0,-116.19264378683536,0.0
2024-11-25,0.0,0.0,-131.84670123577519,0.0
2024-11-26,0.0,0.0,569.8811201344905,0.0
2024-11-27,0.0,0.0,-61.81321345383938,-12.5
2024-11-29,0.0,0.0,-5.309034976544339,218.97079679512217
2024-12-02,0.0,0.0,159.2305777888047,234.12205948759689
2024-12-03,0.0,0.0,110.24138103467637,97.42995006007213
2024-12-04,0.0,0.0,30.11128493843549,153.0379929272793
2024-12-05,0.0,0.0,42.38729647353596,18.72572682705609
2024-12-06,0.0,0.0,237.91512063658098,179.50200351335238
2024-12-09,-12.500000000000002,0.0,-187.5428356797553,0.0
2024-12-10,184.26646945150966,0.0,-124.80260140657012,0.0
2024-12-11,-178.9008619484125,0.0,-110.85880696094804,0.0
2024-12-12,-182.80088587315737,0.0,200.01734650009567,0.0
2024-12-13,140.5288305420916,-12.5,67.35395330083668,0.0
2024-12-16,-471.43475842014294,-438.974970091057,-53.81514660438212,0.0
2024-12-17,210.3356837042835,290.96815831219266,80.47741384570018,0.0
2024-12-18,344.0915887131566,429.06967844521137,303.07041975306095,0.0
2024-12-19,-547.888481457424,-618.221655240254,-65.23897999012368,0.0
2024-12-20,-236.6317986398109,-304.1563938816544,35.59056507186247,0.0
2024-12-23,70.85500053343057,75.6772116181316,478.62576296191975,0.0
2024-12-24,112.44520659760339,17.460813977011597,-71.70268115289474,0.0
2024-12-26,170.0755086997015,224.90196488129538,-54.21558246615091,0.0
2024-12-27,84.35643448725381,118.0284378037544,-39.445573642539955,0.0
2024-12-30,-85.88801107253028,-44.73117725632655,-3.4507573891255845,0.0
2024-12-31,25.27389345048264,-6.774634412018912,-79.60233995096033,0.0
2025-01-02,155.53822548426285,154.74116099041552,163.5024037873747,0.0
2025-01-03,-28.6638203467096,-145.48432434317903,-140.4732302426897,0.0
2025-01-06,-279.8778314754774,-178.23817723749912,-543.1028729619442,0.0
2025-01-07,-85.71625046519772,0.880934127335081,-191.51310476611803,0.0
2025-01-08,236.5129392191069,107.16691037344486,333.48214328446096,0.0
2025-01-10,-215.3108151459495,-75.17075276842192,429.33718157541205,0.0
2025-01-13,105.3259766357135,116.7864951393561,-241.7489401464855,0.0
2025-01-14,34.25867544946922,-68.79488867957537,-1000.3825817137335,0.0
2025-01-15,-81.3318138238876,-41.17345431665373,100.53512588810098,0.0
2025-01-16,-32.96045646460806,27.38164627226901,170.91530558810916,0.0
2025-01-17,18.323580730581327,70.87211501619915,-555.6834058666374,0.0
2025-01-21,5.040094924080336,162.26079244651564,260.44862578687264,0.0
2025-01-22,5.531198789001685,27.91858999866822,197.44055195237615,0.0
2025-01-23,181.37484944339064,240.36392445538246,146.6908745302272,0.0
2025-01-24,-15.683010078221912,-33.04891059253194,282.8913842981696,0.0
2025-01-27,434.08601465100674,356.0278114102829,315.4874041817537,0.0
2025-01-28,-306.5708304879065,-282.81148071543373,306.0245421625989,0.0
2025-01-29,-4.14210847049236,22.152619545282867,-492.0056258399322,0.0
2025-01-30,77.19408621248307,53.5787752909594,53.22071919079039,0.0
2025-01-31,-88.6518107555421,-102.70746891268664,45.530512626790625,0.0
2025-02-03,466.767425303859,414.8400325960633,221.4052406373484,0.0
2025-02-04,-9.436087746725093,-127.63899356339388,303.2946648922853,-12.5
2025-02-05,-73.30251940015133,0.0,407.54705731156986,-292.4892688579464
2025-02-06,-272.0261838476166,0.0,0.0,105.4797168868806
2025-02-07,339.9823597665985,0.0,0.0,-192.71952970563916
2025-02-10,-86.3608704879553,0.0,0.0,-31.85084866329565
2025-02-11,-40.961005160512286,0.0,0.0,88.7135569549701
2025-02-12,217.229778947461,0.0,0.0,154.38239194829882
2025-02-13,-228.9262434875011,0.0,0.0,-326.58341211716856
2025-02-14,-406.4069562201172,0.0,0.0,-96.63641066516048
2025-02-18,598.1661750820849,0.0,0.0,-40.039671011828545
2025-02-19,322.0612993582703,0.0,0.0,24.97914266950535
2025-02-20,-65.4035280423608,0.0,0.0,-21.587638877941743
2025-02-21,0.0,0.0,0.0,-345.3789909295364
2025-02-24,0.0,0.0,0.0,-253.5713244794329
2025-02-25,0.0,0.0,0.0,-63.969835799210756
2025-02-26,0.0,0.0,0.0,39.48686013227223
2025-02-27,0.0,0.0,0.0,102.87482406216787
2025-02-28,0.0,0.0,0.0,-200.24321435067017
2025-03-03,0.0,0.0,0.0,-336.16704169270304
2025-03-04,0.0,0.0,-12.5,261.6412695070924
2025-03-05,0.0,0.0,-198.90617513293853,562.3825573067334
2025-03-06,0.0,0.0,643.6025010226514,-101.3814622698763
2025-03-07,0.0,0.0,1041.0015298209084,-233.91437408359758
2025-03-10,0.0,0.0,747.3488387021023,-413.16864817862427
2025-03-11,-12.5,-12.5,-411.7615235035057,297.76655849121323
2025-03-12,173.04192773539523,112.02049515145379,-170.856516633575,50.99780744924732
2025-03-13,-718.9782464264392,-763.8936183261942,13.933300908585636,-207.46945261432214
2025-03-14,223.79409114332225,340.8252327889708,-139.67021101862957,-351.5971945749076
2025-03-17,-124.78014809126212,7.074620125902129,-27.288035431642214,-180.58541393649782
2025-03-18,-456.1461366060104,-556.9278001952792,-44.490040827628754,-0.20807460165198677
2025-03-19,201.3689958383184,343.47971397010235,-310.5678517306422,79.93770796917372
2025-03-20,-152.6228197074316,-168.19856148900078,-209.6672390903591,-244.98705008276443
2025-03-21,245.54991647605533,304.97505198912023,-17.84528575756424,-409.8390258296105
2025-03-24,226.6677181072841,254.00076597667703,-348.5654034080691,75.25860364596306
2025-03-25,-80.60171412150106,-37.554103949416444,274.3653100674844,358.92781435325526
2025-03-26,-344.17853221685186,-304.6931310042687,477.5292004475291,-268.93036609873553
2025-03-27,-164.99021251436034,-283.07272217745634,-27.663616921731787,-130.4830131606078
2025-03-28,-346.87993489462303,-403.3601020122066,-127.15970281654575,-167.14817549476354
2025-03-31,-313.1964470910556,-241.97275229977834,-19.700288692147723,-212.08546526504773
2025-04-01,104.48832269909629,95.5155072214004,446.0694734650428,129.01579777339518
2025-04-02,153.00076548449107,177.6562407069187,-159.28390769466398,165.22734687197922
2025-04-03,-436.5255563701599,-557.2987600401117,-75.94097800887391,-504.2311413440029
2025-04-04,824.946187875188,619.7475864195426,768.9965228665876,145.16385081030262
2025-04-07,478.33960967399526,501.0253387026017,5.113233041605062,650.0389127143799
2025-04-08,-148.0708934874993,-163.0335312648785,-12.5,132.359912213599
2025-04-09,688.4563917008907,748.2925146696193,1160.0615265331908,416.31999140216044
2025-04-10,-461.77111856456236,-629.6924543937175,-1192.3892577032118,-407.8130461790291
2025-04-11,-395.4845159807958,-342.84450777309706,412.57121674972956,-47.23524623070574
2025-04-14,-200.18000177236502,-244.47536346199547,577.6394029651885,-407.00371196838853
2025-04-15,-50.49481775915123,-28.629931138629736,43.74853248559594,-36.408078143001305
2025-04-16,-185.17991683152314,-72.91774394235033,-734.728699150855,210.001477185845
2025-04-17,125.72718062999749,118.4360180758834,3056.11958979439,-367.22385990726457
2025-04-21,163.86730297393981,36.04482195725595,-682.035074769712,84.4963098047907
2025-04-22,173.44986237703463,219.9667619062362,0.0,-330.41176236161124
2025-04-23,301.8717305901851,371.598130864102,0.0,163.16241602324828
2025-04-24,-32.66214166730762,22.831417729627546,0.0,275.6484771706538
2025-04-25,-36.594915002675954,-67.51022195131378,0.0,355.9616517029194
2025-04-28,168.25577468098825,179.90413365624087,0.0,-143.5753476702359
2025-04-29,-433.73569599476394,-251.2200318282038,0.0,-180.43302814215537
2025-04-30,-366.62078649529076,-425.4569730104471,0.0,-70.4590583265023
2025-05-01,222.08333370755457,324.25832019135566,0.0,32.177983229115405
2025-05-02,-314.06657817846775,-213.97511023596888,0.0,326.2718441036863
2025-05-05,-435.43461659094015,-501.88430371239576,0.0,0.0
2025-05-06,-176.30135154397107,-213.19636099347102,0.0,0.0
2025-05-07,23.608821616048502,85.86197851237043,0.0,0.0
2025-05-08,653.3440628607763,556.2677819641088,0.0,0.0
2025-05-09,-386.0433893196376,-302.8646991789482,0.0,0.0
2025-05-12,1201.5268250432523,1182.9662181804856,0.0,0.0
2025-05-13,229.16104046069887,176.35891567732466,0.0,0.0
2025-05-14,638.4171294473232,474.5276408598488,0.0,0.0
2025-05-15,-602.6597216920334,-496.8501119358413,0.0,0.0
2025-05-16,0.0,0.0,0.0,0.0
2025-05-19,0.0,0.0,0.0,0.0
2025-05-20,0.0,0.0,0.0,0.0
2025-05-21,0.0,0.0,0.0,0.0
2025-05-22,0.0,0.0,0.0,0.0
2025-05-23,0.0,0.0,0.0,0.0
2025-05-27,0.0,0.0,0.0,0.0
2025-05-28,0.0,0.0,0.0,0.0
2025-05-29,0.0,0.0,0.0,0.0
2025-05-30,0.0,0.0,0.0,0.0
2025-06-02,0.0,0.0,0.0,0.0
2025-06-03,0.0,0.0,0.0,0.0
2025-06-04,0.0,0.0,0.0,0.0
2025-06-05,0.0,0.0,0.0,0.0
2025-06-06,0.0,0.0,0.0,0.0
2025-06-09,0.0,0.0,0.0,0.0
2025-06-10,0.0,0.0,0.0,0.0
2025-06-11,0.0,0.0,0.0,0.0
2025-06-12,0.0,0.0,0.0,0.0
2025-06-13,0.0,0.0,0.0,0.0
2025-06-16,0.0,0.0,0.0,0.0
2025-06-17,0.0,0.0,0.0,0.0
2025-06-18,0.0,0.0,0.0,0.0
2025-06-20,0.0,0.0,0.0,0.0
2025-06-23,0.0,0.0,0.0,0.0
2025-06-24,0.0,0.0,0.0,0.0
2025-06-25,0.0,0.0,0.0,0.0
2025-06-26,0.0,0.0,0.0,0.0
2025-06-27,0.0,0.0,0.0,0.0
2025-06-30,0.0,0.0,0.0,0.0
2025-07-01,0.0,0.0,0.0,0.0
2025-07-02,0.0,0.0,0.0,0.0
2025-07-03,0.0,0.0,0.0,0.0
2025-07-07,0.0,0.0,0.0,0.0
2025-07-08,0.0,0.0,0.0,0.0
2025-07-09,0.0,0.0,0.0,0.0
2025-07-10,0.0,0.0,0.0,0.0
2025-07-11,0.0,0.0,0.0,0.0
2025-07-14,0.0,0.0,0.0,0.0
2025-07-15,0.0,0.0,0.0,0.0
2025-07-16,0.0,0.0,0.0,0.0
2025-07-17,0.0,0.0,0.0,0.0
2025-07-18,0.0,0.0,0.0,0.0
2025-07-21,0.0,0.0,0.0,0.0
2025-07-22,0.0,0.0,0.0,0.0
2025-07-23,0.0,0.0,0.0,0.0
2025-07-24,0.0,0.0,0.0,0.0
2025-07-25,-12.500000000000002,0.0,0.0,0.0
2025-07-28,304.36479388870947,0.0,0.0,0.0
2025-07-29,90.4493191920698,0.0,0.0,0.0
2025-07-30,-50.051557492761475,0.0,0.0,0.0
2025-07-31,-92.86752770812012,0.0,0.0,0.0
2025-08-01,-573.1553413064288,0.0,0.0,0.0
2025-08-04,-174.9135083631225,0.0,0.0,0.0
2025-08-05,143.55265229146167,0.0,0.0,0.0
2025-08-06,124.04352090782152,0.0,0.0,0.0
2025-08-07,365.7651941298893,0.0,0.0,0.0
2025-08-08,-495.9258577619713,0.0,-12.500000000000002,0.0
2025-08-11,-174.78425499847958,0.0,348.533082191609,0.0
2025-08-12,547.7937059071829,-12.5,191.32057031254683,0.0
2025-08-13,273.7085836137388,337.525055300199,809.9255515176593,0.0
2025-08-14,31.42060346497756,15.06047066861754,868.5250575004412,0.0
2025-08-15,-221.6899784529362,-335.43795265337474,645.5406572679507,0.0
2025-08-18,141.2523570764513,154.0400776902059,-114.10853784851797,0.0
2025-08-19,28.719249226679054,82.7992772832085,212.26674471740833,0.0
2025-08-20,-477.8210026981117,-422.8749391788091,56.384689681192185,0.0
2025-08-21,126.19138884523852,139.17136665935388,148.67701748942417,0.0
2025-08-22,410.1249970105555,473.81266236516336,148.77507537335106,0.0
2025-08-25,-299.128081074625,-286.9671582072822,-623.366401319336,0.0
2025-08-26,437.54502595835606,434.61321287776474,1496.6132548682563,0.0
2025-08-27,443.20884546442244,321.84116133686797,-44.55759023379882,0.0
2025-08-28,218.11415308047827,0.0,-96.93041579705579,0.0
2025-08-29,-74.61344468386876,0.0,8.711925620108723,0.0
2025-09-02,0.0,0.0,73.64756363657578,0.0
2025-09-03,0.0,0.0,43.993249016142705,0.0
2025-09-04,0.0,0.0,227.72691793415555,0.0
2025-09-05,0.0,0.0,-562.34594788178,0.0
2025-09-08,0.0,0.0,405.58855441506023,0.0
2025-09-09,0.0,0.0,427.13424389870676,0.0
2025-09-10,0.0,0.0,170.83917620481725,0.0
2025-09-11,0.0,0.0,109.01214216665421,0.0
2025-09-12,0.0,0.0,0.0,0.0
2025-09-15,0.0,0.0,0.0,0.0
2025-09-16,0.0,0.0,0.0,0.0
2025-09-17,0.0,0.0,0.0,-12.5
2025-09-18,0.0,0.0,0.0,-13.323098924029992
2025-09-19,0.0,0.0,0.0,-4.1019452350099215
2025-09-22,0.0,0.0,0.0,62.845007997374246
2025-09-23,0.0,0.0,0.0,478.57098407001985
2025-09-24,0.0,0.0,0.0,66.23129305807662
2025-09-25,0.0,0.0,0.0,-113.48669554673344
2025-09-26,0.0,0.0,0.0,316.35584459041456
2025-09-29,0.0,0.0,0.0,-18.952069975198775
2025-09-30,0.0,0.0,0.0,229.79741804848928
2025-10-01,0.0,0.0,0.0,-593.0755315098762
2025-10-02,0.0,0.0,0.0,-134.3253085477939
2025-10-03,0.0,0.0,0.0,288.27255212902526
2025-10-06,0.0,0.0,0.0,117.71935598551809
2025-10-07,0.0,0.0,-12.500000000000002,183.6909808792351
2025-10-08,0.0,0.0,-37.77764821742304,195.359588185688
2025-10-09,0.0,0.0,-252.60188440997263,-11.928613407361984
2025-10-10,0.0,0.0,642.0034345693065,0.0
2025-10-13,0.0,0.0,380.07618123182016,0.0
2025-10-14,0.0,0.0,154.33323639822888,0.0
2025-10-15,0.0,0.0,-390.73804778597963,0.0
2025-10-16,0.0,0.0,197.75583084642838,0.0
2025-10-17,0.0,0.0,461.46610544369287,0.0
2025-10-20,0.0,0.0,-224.0494066574454,0.0
2025-10-21,0.0,0.0,208.27717105316745,0.0
2025-10-22,0.0,0.0,-350.14611358333855,0.0
2025-10-23,0.0,0.0,-226.57565620368976,0.0
2025-10-24,0.0,0.0,-135.65539717128414,0.0
2025-10-27,0.0,0.0,-45.50723255304746,0.0
2025-10-28,0.0,0.0,211.09313921858416,0.0
2025-10-29,0.0,0.0,198.8979416316541,0.0
2025-10-30,0.0,0.0,-858.0677664414383,0.0
2025-10-31,0.0,0.0,-492.8172549661992,0.0
2025-11-03,0.0,0.0,-900.3205765142359,0.0
2025-11-04,0.0,0.0,-271.1058585257995,0.0
2025-11-05,0.0,0.0,-595.0385460157909,0.0
2025-11-06,0.0,0.0,-267.61543422556747,0.0
2025-11-07,0.0,0.0,348.5693366572932,0.0
2025-11-10,0.0,0.0,-1160.1338757691285,0.0
2025-11-11,0.0,0.0,-580.6992497778472,0.0
2025-11-12,0.0,0.0,-812.1541767420769,0.0
2025-11-13,0.0,0.0,-99.86415125105032,0.0
2025-11-14,-12.5,-12.500000000000002,-87.36215419299492,0.0
2025-11-17,-25.519509394809283,-84.90172936068052,127.24280871241415,0.0
2025-11-18,-130.72835262525186,-18.497983068002533,-286.4164390897997,0.0
2025-11-19,365.3806451222387,276.41701905317063,-524.2345058126049,0.0
2025-11-20,-121.62561656310758,-151.14374014284007,149.93469458953274,0.0
2025-11-21,425.09916305896354,501.51806729473105,-558.5857628322794,0.0
2025-11-24,-129.75740526000615,-125.4302847313117,-275.25095616700895,0.0
2025-11-25,-96.93396781515678,152.61307049650827,-1137.9680213586469,0.0
2025-11-26,-27.905370581138783,-17.630163446751013,152.52394830566365,0.0
2025-11-28,-56.33862978730128,-26.776374677419476,779.9218394226127,0.0
2025-12-01,179.08624116553642,120.0447298751912,510.29979233777505,0.0
2025-12-02,158.2727466797754,-0.26651790301573897,282.7440371200396,0.0
2025-12-03,120.71775149684485,-1.4050493282998886,289.47389134259095,0.0
2025-12-04,-175.3601459817433,-281.31184638667867,522.3149981365024,0.0
2025-12-05,122.8529328458412,98.88507225945702,77.01835545382838,0.0
2025-12-08,-45.95623448693403,-106.7073363607029,360.2764195414057,0.0
2025-12-09,-41.22357724570327,-5.47752268042845,436.8250822861266,0.0
2025-12-10,384.0519459644563,314.5948051710629,-405.4240861149357,0.0
2025-12-11,-81.8835835186859,92.11308445375363,-416.37434159334015,0.0
2025-12-12,0.0,-56.217659284321996,-470.72968893960933,0.0
2025-12-15,0.0,577.0423605627811,-976.9053143467864,0.0
2025-12-16,0.0,-155.33501200978134,232.3373497235448,0.0
2025-12-17,0.0,0.0,352.63344745885047,0.0
2025-12-18,0.0,0.0,-410.01109837283576,0.0
2025-12-19,0.0,0.0,-428.5015030786992,0.0
2025-12-22,0.0,0.0,-163.41517424454884,0.0
2025-12-23,0.0,0.0,154.84870870559502,0.0
2025-12-24,0.0,0.0,-141.69697012816258,0.0
2025-12-26,0.0,0.0,-26.833461378835715,0.0
2025-12-29,0.0,0.0,-19.57838032514448,0.0
2025-12-30,0.0,0.0,-17.989125748469597,0.0
2025-12-31,0.0,0.0,168.57056408619627,0.0
2026-01-02,0.0,0.0,-197.63338022448664,0.0
2026-01-05,0.0,0.0,1018.9430059854358,0.0
2026-01-06,0.0,0.0,0.0,0.0
2026-01-07,0.0,0.0,0.0,0.0
2026-01-08,0.0,0.0,0.0,0.0
2026-01-09,0.0,0.0,0.0,0.0
2026-01-12,0.0,0.0,0.0,0.0
2026-01-13,0.0,0.0,0.0,0.0
2026-01-14,-12.5,0.0,0.0,0.0
2026-01-15,-117.07714527214668,0.0,0.0,-12.500000000000002
2026-01-16,-163.16781228651075,0.0,0.0,-292.0583425484333
2026-01-20,-26.012230576720853,0.0,0.0,-259.11552666622185
2026-01-21,33.23904786162237,0.0,0.0,240.0928797905671
2026-01-22,-277.8909340689,0.0,0.0,124.07604876580892
2026-01-23,31.23652319831777,0.0,0.0,-145.6546179819614
2026-01-26,389.16354035802726,0.0,0.0,-132.83130832989116
2026-01-27,174.5234919627895,0.0,0.0,-214.28490029143236
2026-01-28,225.20496889365296,0.0,0.0,30.85555065979141
2026-01-29,-3.3560594022893895,0.0,0.0,-257.3477209853501
2026-01-30,32.230197576156506,0.0,0.0,-188.88858873459196
2026-02-02,252.06432931324954,0.0,0.0,267.1552500640648
2026-02-03,-528.2012949073571,0.0,0.0,-432.8694102114837
2026-02-04,2.430561147169982,0.0,0.0,-127.48105404077265
2026-02-05,-305.68622795702964,0.0,0.0,-131.22656556827255
2026-02-06,204.17021191178648,0.0,0.0,298.61828365560143
2026-02-09,-621.5477943093958,0.0,0.0,101.39447542148129
2026-02-10,668.7100823771955,0.0,0.0,-366.52684789993714
2026-02-11,341.35270264448053,0.0,0.0,-321.9972500114039
2026-02-12,-144.08505156300095,0.0,0.0,-445.4091672486801
2026-02-13,-333.6259905520715,0.0,0.0,-499.95205764795435
2026-02-17,-619.5231402032758,0.0,0.0,-35.426941869942496
2026-02-18,-192.73812955366907,0.0,0.0,322.4924672861663
2026-02-19,-128.71188284239918,0.0,0.0,-124.34489028555171
2026-02-20,-146.88480773755504,0.0,0.0,506.2391618740953
2026-02-23,-160.93194192953132,0.0,0.0,-537.2439186235534
2026-02-24,-265.8599079709418,0.0,0.0,244.5655692400401
2026-02-25,101.59041739079152,-12.5,0.0,56.895634375620595
2026-02-26,5.076635792834594,97.44839526672335,0.0,73.48977949008183
2026-02-27,-754.4115331505551,-604.7384720807993,0.0,-453.13250645068507
2026-03-02,-6.905139538451067,-120.37185543892555,0.0,32.983396797950434
2026-03-03,-474.06662523329885,-310.27411107128546,0.0,-39.393602405052704
2026-03-04,279.1912853880715,156.89012239053628,0.0,-18.71736195272027
2026-03-05,208.6411935929816,238.56808249085663,0.0,435.35593859665755
2026-03-06,-340.3654662668345,-479.8154610020109,0.0,-411.2646697372351
2026-03-09,156.85148142089852,264.2447268320748,0.0,133.8225031560748
2026-03-10,1017.8585559604127,517.011711614453,0.0,155.5878246015407
2026-03-11,196.58629433203777,25.68685824535632,0.0,-94.33986467424177
2026-03-12,-588.7634447636204,-399.7697624763051,0.0,-326.85527076668393
2026-03-13,-42.19539176128094,-72.61593648555854,0.0,-375.64146127542773
2026-03-16,-75.57896103128766,53.74662459257968,0.0,-129.2429957499748
2026-03-17,0.8113302058178249,120.99682783855283,0.0,156.05784648912757
2026-03-18,387.7171658326265,72.42530668081113,0.0,292.1174563151696
2026-03-19,172.6526863226018,237.25442816604436,0.0,433.71794039462503
2026-03-20,-21.403551521927056,-151.61562461582727,0.0,541.8659512443527
2026-03-23,348.09240896391685,436.2773003574954,0.0,113.54267857037254
2026-03-24,-181.2503883211951,-149.21975871424758,0.0,-155.3094794465577
2026-03-25,523.5163342832626,411.6961243453587,0.0,-79.59875314794175
2026-03-26,-265.3417404185448,-186.5597375359197,0.0,-348.8409441222037
2026-03-27,420.3483242354479,85.79532334206817,0.0,0.8949124542420961
2026-03-30,-688.5748106997212,-405.72478154605517,0.0,-332.68815766840095
2026-03-31,204.06129358203623,334.9006279623333,0.0,28.85882242585267
2026-04-01,67.0788893337429,178.22615162376755,0.0,-208.90826620525212
2026-04-02,-728.0596028861971,-594.8215929939568,0.0,-362.21181657243693
2026-04-06,-432.7273054052577,-242.3423519732878,0.0,137.38828009455915
2026-04-07,-63.39307920922833,-135.9863539816677,0.0,67.17717209682604
2026-04-08,209.53901072437912,434.7296482150515,0.0,199.7105813295819
2026-04-09,226.2180344066736,283.5610972733977,0.0,-305.49075849574376
2026-04-10,-99.57464526048133,-26.08446172401213,0.0,355.6997101432713
2026-04-13,-322.2181958483415,-90.81287776129935,0.0,360.24432591058724
2026-04-14,36.551946770150806,114.51572819931842,-12.5,78.5797179460718
2026-04-15,0.0,-294.92826004910944,-57.80105212371626,301.7211333635434
2026-04-16,0.0,-171.34948951800413,-100.12088067553391,0.0
2026-04-17,0.0,828.0218807740468,142.70197047412822,0.0
2026-04-20,0.0,-175.22556609238717,-298.01980508016027,0.0
2026-04-21,0.0,0.0,-32.22454331257032,0.0
2026-04-22,0.0,0.0,346.52444776443735,0.0
2026-04-23,0.0,0.0,-217.11295516285006,0.0
2026-04-24,0.0,0.0,-475.7079039322877,0.0
2026-04-27,0.0,0.0,-239.42182352222235,0.0
2026-04-28,0.0,0.0,809.7706955113739,0.0
2026-04-29,0.0,0.0,-178.59059640588927,0.0
2026-04-30,0.0,0.0,1106.9239571112564,0.0
2026-05-01,0.0,0.0,664.590647614817,-12.5
2026-05-04,0.0,-12.5,216.59240198372797,210.04204649823032
2026-05-05,-12.5,-148.72949318440186,0.0,-18.76788363714755
2026-05-06,201.07210950659044,245.64323678624936,0.0,457.4577991583374
2026-05-07,408.52881396400613,245.59510270303193,0.0,63.23689885534317
2026-05-08,-202.8524075230522,-523.0046633983696,0.0,-51.67640561307344
2026-05-11,-185.35250062465667,-122.48463999877622,0.0,81.3299328368048
2026-05-12,-54.01661130045275,-283.3841183765641,0.0,-23.136722459140017
2026-05-13,-464.84562149088964,-511.50368803460617,0.0,-37.85574404699653
2026-05-14,311.6600228114992,507.87748551690356,0.0,-165.57799264337456
2026-05-15,-281.39711111479653,-185.06019733447283,0.0,262.7242222867663
2026-05-18,41.36848569783538,-55.54653086305362,0.0,-65.64860118296238
2026-05-19,69.42237255394022,28.472567676540464,0.0,-305.71995067288276
2026-05-20,474.78839425288646,396.9080383704327,0.0,279.0553360782139
2026-05-21,292.5107496743797,313.78295256330983,0.0,-191.4750551030237
2026-05-22,-299.6965552595108,-270.9568654809766,-12.5,-84.46937860813956
2026-05-26,210.9703158474941,214.8295198996841,285.87839195072144,144.13362126994215
2026-05-27,651.6396690860958,749.9739595662063,-201.87877789390188,-74.17168415652228
2026-05-28,55.26608477996756,167.3599258868337,-555.6180528274244,368.65230095288825
2026-05-29,168.24333853609505,26.178012836323433,77.37326301387117,42.76698823555233
2026-06-01,1351.4096361232585,1476.6553453728004,190.87099414353577,239.8694122043226
2026-06-02,1279.4527258613089,1002.3667347368746,590.1603538686691,-79.85235426245352
2026-06-03,-12.5,0.0,-25.52585265256573,0.0
2026-06-04,45.44091585331647,0.0,-192.12191566314692,0.0
2026-06-05,-315.2967465686469,0.0,-224.95782029166492,0.0
2026-06-08,-160.05975705119852,0.0,-35.792670999395824,0.0
2026-06-09,535.4916721377709,0.0,188.97165588342216,0.0
2026-06-10,621.2073323646249,0.0,-501.17498290501703,0.0
2026-06-11,-457.1939038140945,0.0,72.56189716402565,0.0
2026-06-12,-231.14511889873427,0.0,451.07039933334966,0.0
2026-06-15,-195.95554480177412,0.0,276.41545784947215,0.0
2026-06-16,-1504.0980490953175,0.0,123.25867185829915,0.0
2026-06-17,-533.991133886203,-12.5,-261.16912100105327,0.0
2026-06-18,-301.56494626997863,-278.8898828335638,339.8088240222796,0.0
2026-06-22,406.81807362189727,558.269676892204,80.20210134222407,0.0
2026-06-23,15.235638052855748,45.895634041736415,-417.68583448103686,0.0
2026-06-24,-511.4534718090805,-398.4267178510849,-101.354484632132,0.0
2026-06-25,-325.3843767257797,-147.30182757393328,362.9821425630022,-12.5
2026-06-26,-50.73322097462831,109.55872878370812,-1116.8793578827022,-204.2283638492071
2026-06-29,-582.0370999442827,-552.4437616638819,-388.797233817622,-97.88369698132882
2026-06-30,586.5746480304779,656.3337874104027,438.49284072113403,372.7635947351578
2026-07-01,569.183670287862,210.631131122023,215.62218010570297,76.1479212874451
2026-07-02,-39.89027329628502,-132.38031059105987,-463.4408677202305,-278.68278723428386
2026-07-06,44.329989514134496,-248.58792754985421,855.058322938786,277.4199005076033
2026-07-07,657.5371757391017,656.7940704466733,-600.1267525616507,-213.72399163729895
2026-07-08,528.9309701862329,598.914020927064,39.67766785823102,79.41137335551718
2026-07-09,90.88484881318632,0.9541409078752849,68.7973921409461,217.54633221487347
2026-07-10,-42.55502123164507,83.62512472509178,493.53626539828804,-96.9879290937738
2026-07-13,625.2364542624707,909.3858358105681,51.3776843308939,-151.00139493740815
2026-07-14,141.75929079894894,-226.35706129735917,334.5430619468254,-85.8399897310634
2026-07-15,29.149110945774893,25.096185360711516,-135.32491760401496,285.9583939983644
2026-07-16,38.68053030214268,216.3542246835091,216.4102250297182,-377.7463033998579
2026-07-17,-101.01704819319242,-173.33128568338975,-174.8333785664713,-47.466487545167766
2026-07-20,351.7247206006348,182.53326707844778,206.05259527001658,241.58561673790427
2026-07-21,-161.18715185242112,-217.42624747417216,-154.249429056095,192.8730923169673
2026-07-22,397.4130839668636,379.7803891005446,672.1605656742236,-324.9460337247268
2026-07-23,247.8429627824201,295.4948676865641,-325.49156763369507,458.5420592736567
2026-07-24,-128.99913766701326,-147.98600124194974,30.640135812459008,111.54008084942994
2026-07-27,-36.9282081759379,4.739376934965634,108.64541460298614,238.98669298024478
2026-07-28,241.12362796937217,727.9102580456233,216.14947108103132,-70.77793171782517
2026-07-29,562.0595977840645,558.4646138083559,-327.4065233539494,-177.74934517638698
2026-07-30,-632.2735254526752,0.0,680.038611659677,510.51670621844306
2026-07-31,700.8444930793613,0.0,-37.718716339456265,223.0861024091529
2026-08-03,-337.9764692458604,0.0,279.42507724635755,0.0
2026-08-04,0.0,0.0,471.493341883901,0.0
2026-08-05,0.0,0.0,0.0,0.0
2026-08-06,0.0,0.0,0.0,0.0
2026-08-07,0.0,0.0,0.0,0.0
2026-08-10,0.0,0.0,0.0,0.0
2026-08-11,0.0,0.0,0.0,-12.5
2026-08-12,0.0,0.0,0.0,-30.19311807075438
2026-08-13,0.0,0.0,0.0,190.09980327435483
2026-08-14,0.0,0.0,0.0,-22.11978254698137
2026-08-17,0.0,0.0,0.0,170.1231337813649
2026-08-18,0.0,0.0,0.0,-90.86365931496049
2026-08-19,0.0,0.0,0.0,113.51864413995538
2026-08-20,0.0,0.0,0.0,217.20578528518746
2026-08-21,0.0,0.0,0.0,-288.1240668142012
2026-08-24,0.0,0.0,0.0,244.53999503769748
2026-08-25,0.0,0.0,0.0,-44.71732719707569
2026-08-26,0.0,0.0,0.0,93.72047450219674
2026-08-27,0.0,0.0,0.0,-252.1597640561793
2026-08-28,0.0,0.0,0.0,165.3932004862264
2026-08-31,0.0,0.0,0.0,-62.53088162603346
2026-09-01,0.0,0.0,0.0,246.06450412818904
2026-09-02,0.0,0.0,0.0,112.68969298875555
2026-09-03,0.0,0.0,0.0,173.10523743654042
2026-09-04,0.0,0.0,0.0,0.0
2026-09-08,0.0,0.0,0.0,0.0
2026-09-09,0.0,0.0,0.0,0.0
2026-09-10,0.0,0.0,0.0,0.0
2026-09-11,0.0,0.0,0.0,0.0
2026-09-14,0.0,0.0,0.0,0.0
2026-09-15,0.0,0.0,0.0,0.0
