"('Ticker', 'Price')",return
2022-01,0.019779023042088895
2022-02,-0.003964087928478688
2022-03,-0.023356238144796815
2022-04,-0.010459632354056891
2022-05,-0.004125885256668904
2022-06,-0.00690151487277102
2022-07,0.0011305657277409509
2022-08,0.011362694397175632
2022-09,-0.001991803175827256
2022-10,0.012037278003437901
2022-11,0.009306020005405813
2022-12,-0.0036636177763949007
2023-01,0.02637479030530021
2023-02,0.0
2023-03,0.0
2023-04,0.0
2023-05,0.0
2023-06,0.0
2023-07,0.0
2023-08,0.0
2023-09,0.0002455699017289703
2023-10,-0.007429924659459131
2023-11,-0.013781019407402284
2023-12,0.031291873561297034
2024-01,-0.00043596434115100724
2024-02,0.009197962023423267
2024-03,0.015872063303232542
2024-04,0.0
2024-05,0.0
2024-06,-0.0022052003550826482
2024-07,-0.0004897359100785037
2024-08,-0.022250477742014163
2024-09,0.009728681204500544
2024-10,0.01460301112290785
2024-11,0.02173959250911306
2024-12,0.0
2025-01,0.0
2025-02,0.0
2025-03,-0.015137446668021415
2025-04,-0.0023042749123618478
2025-05,0.010794524579682996
2025-06,0.0019925330202812397
2025-07,-0.013368534615632033
2025-08,0.013639026936709486
2025-09,0.007261292227179084
2025-10,0.0032937880994001745
2025-11,0.004461697924280861
2025-12,0.006609467773266209
2026-01,0.018046736716014866
2026-02,0.0
2026-03,0.008126443043312115
2026-04,0.0005527131324043477
2026-05,-0.0073516813722929175
2026-06,0.027540404495921544
2026-07,0.04659712928123616
2026-08,0.0
2026-09,0.0
