"('Ticker', 'Price')",equity
2022-01-03,100256.02308696244
2022-01-04,101137.0735907049
2022-01-05,101494.0268605104
2022-01-06,101698.59095458908
2022-01-07,101601.982244053
2022-01-10,101413.28014573974
2022-01-11,101306.43069844661
2022-01-12,101648.41501316184
2022-01-13,102374.42265839395
2022-01-14,102826.5733681834
2022-01-18,102600.76930607253
2022-01-19,102430.70935053815
2022-01-20,102248.20821340416
2022-01-21,102141.11519076434
2022-01-24,102211.05692606606
2022-01-25,102677.1468458854
2022-01-26,102746.20494987568
2022-01-27,102704.24802370906
2022-01-28,102353.51342597764
2022-01-31,102238.98927770767
2022-02-01,102445.00254016563
2022-02-02,102431.82768032316
2022-02-03,102544.24173325168
2022-02-04,102624.1583149041
2022-02-07,102577.03903292038
2022-02-08,102661.96813488823
2022-02-09,102647.93487982092
2022-02-10,102574.91306711422
2022-02-11,102741.74946201328
2022-02-14,102770.73504662856
2022-02-15,102515.03401739626
2022-02-16,102527.17059711395
2022-02-17,102556.29412520748
2022-02-18,102614.72707768083
2022-02-22,102643.62155443653
2022-02-23,102335.13835770907
2022-02-24,102197.55443775664
2022-02-25,101773.79355753247
2022-02-28,101833.70493449204
2022-03-01,101478.26526999939
2022-03-02,101597.60528067542
2022-03-03,101377.5241311465
2022-03-04,100610.0667203231
2022-03-07,99957.64075631517
2022-03-08,100090.97252618999
2022-03-09,100519.57928144932
2022-03-10,100182.93440013699
2022-03-11,100080.48478540602
2022-03-14,100185.67002417422
2022-03-15,99939.74834947125
2022-03-16,100286.73786277282
2022-03-17,99828.08288919936
2022-03-18,99481.84717135526
2022-03-21,99389.5315727172
2022-03-22,99686.08566638743
2022-03-23,99543.05521180548
2022-03-24,99521.34520581976
2022-03-25,99457.96522663842
2022-03-28,99375.69878064678
2022-03-29,99786.33164166876
2022-03-30,99479.0296569889
2022-03-31,99455.25267087508
2022-04-01,98713.45395973155
2022-04-04,98669.36819865185
2022-04-05,98365.53173091172
2022-04-06,97795.25420777066
2022-04-07,97634.50136656815
2022-04-08,97438.81590711512
2022-04-11,97504.57742016083
2022-04-12,97523.00542897794
2022-04-13,97917.46510144991
2022-04-14,98028.37629211378
2022-04-18,98199.58096874441
2022-04-19,98598.82836452482
2022-04-20,99057.88459093324
2022-04-21,99298.0514985952
2022-04-22,99479.63844566671
2022-04-25,99255.71148551464
2022-04-26,98994.59012031544
2022-04-27,98959.786661524
2022-04-28,98459.89395065945
2022-04-29,98414.9872922579
2022-05-02,98687.21544379054
2022-05-03,98922.03233881378
2022-05-04,99020.55032767807
2022-05-05,98725.42618340114
2022-05-06,98394.3765792483
2022-05-09,98904.62995496811
2022-05-10,98891.09616215179
2022-05-11,98670.04803865896
2022-05-12,98547.52017292785
2022-05-13,98546.10695948647
2022-05-16,98087.25858060022
2022-05-17,98260.12916712312
2022-05-18,97979.39061173958
2022-05-19,98463.70299276314
2022-05-20,97591.36048137363
2022-05-23,97712.22256514276
2022-05-24,97601.1842166535
2022-05-25,97728.82172995829
2022-05-26,97584.52167371832
2022-05-27,97234.95010659905
2022-05-31,98008.93834715347
2022-06-01,98477.65620634299
2022-06-02,99012.50113966335
2022-06-03,99095.0754091903
2022-06-06,99041.85834805922
2022-06-07,98813.13896372874
2022-06-08,98828.76913232604
2022-06-09,99389.31353991502
2022-06-10,99106.47728377125
2022-06-13,99655.43500088993
2022-06-14,100131.83601845121
2022-06-15,100331.63657900119
2022-06-16,99872.35032219795
2022-06-17,99906.02759537763
2022-06-21,100003.14123895155
2022-06-22,99213.65249021372
2022-06-23,98112.91833184424
2022-06-24,97729.46667917434
2022-06-27,97483.130737395
2022-06-28,97803.25452891756
2022-06-29,97386.83522337432
2022-06-30,97332.52820148614
2022-07-01,97084.00945991871
2022-07-05,97273.25846962046
2022-07-06,97156.84560807193
2022-07-07,97479.35952730897
2022-07-08,97202.04097103553
2022-07-11,96716.3202510937
2022-07-12,97176.92617314505
2022-07-13,97029.19843076481
2022-07-14,96584.58052538162
2022-07-15,96364.79009006439
2022-07-18,97009.08097870456
2022-07-19,97300.80747347006
2022-07-20,97911.03144283331
2022-07-21,97658.87490258616
2022-07-22,97314.59426615397
2022-07-25,97173.28419350758
2022-07-26,97043.55161362533
2022-07-27,97463.9946904272
2022-07-28,97307.99532232468
2022-07-29,97442.56902206512
2022-08-01,97872.91108047852
2022-08-02,98193.19768993894
2022-08-03,98604.40334842647
2022-08-04,99108.26767833206
2022-08-05,99381.3377484325
2022-08-08,99121.47856222851
2022-08-09,99072.86118912995
2022-08-10,99287.45242530553
2022-08-11,99490.24544639507
2022-08-12,99188.51664124502
2022-08-15,98832.76563520204
2022-08-16,99094.97275420288
2022-08-17,98504.9811029141
2022-08-18,98516.150820351
2022-08-19,98110.21611287602
2022-08-22,97773.05542641217
2022-08-23,98324.26347176656
2022-08-24,98254.18494229269
2022-08-25,98169.32956555366
2022-08-26,98206.92510709027
2022-08-29,98170.73320485452
2022-08-30,98280.53429179137
2022-08-31,98549.77915513856
2022-09-01,97895.01597935698
2022-09-02,98232.16122776753
2022-09-06,98123.83702834911
2022-09-07,97583.0078090541
2022-09-08,97139.11679435006
2022-09-09,97353.22689554044
2022-09-12,97385.03639673097
2022-09-13,97691.28351763642
2022-09-14,97511.33442716268
2022-09-15,97756.94913665569
2022-09-16,97762.70747875462
2022-09-19,98133.16293832962
2022-09-20,98450.58721335071
2022-09-21,98740.88874635151
2022-09-22,97934.84121759736
2022-09-23,97748.49045955326
2022-09-26,98130.22524616402
2022-09-27,98222.47932935419
2022-09-28,97406.89000733185
2022-09-29,97928.05322535329
2022-09-30,98353.48739204028
2022-10-03,98769.83620626474
2022-10-04,98728.22352100267
2022-10-05,99209.92719300525
2022-10-06,99317.44071681719
2022-10-07,99824.60445570716
2022-10-10,100104.11092811359
2022-10-11,100097.54343052718
2022-10-12,100171.18933131541
2022-10-13,100048.26268685503
2022-10-14,99786.25354802856
2022-10-17,99805.06778055552
2022-10-18,99970.57232950642
2022-10-19,100264.98352546834
2022-10-20,99797.03655695243
2022-10-21,99602.12336184543
2022-10-24,99523.46163531256
2022-10-25,99309.84180312935
2022-10-26,99140.95034451051
2022-10-27,99418.78661947734
2022-10-28,99567.32660874768
2022-10-31,99537.39566238593
2022-11-01,100033.29292236874
2022-11-02,99724.85031608718
2022-11-03,99580.66236043582
2022-11-04,100118.54326228345
2022-11-07,99736.73551657549
2022-11-08,99869.91437678006
2022-11-09,99920.84715240034
2022-11-10,99971.92885446371
2022-11-11,100904.12376413275
2022-11-14,100678.97954595204
2022-11-15,101053.51953977074
2022-11-16,100997.41609647876
2022-11-17,100619.12848200685
2022-11-18,100628.38067085047
2022-11-21,100727.87800305225
2022-11-22,100994.23386857333
2022-11-23,100932.20494373667
2022-11-25,100623.94499759034
2022-11-28,100382.40091030822
2022-11-29,100572.66306957672
2022-11-30,100463.6926577061
2022-12-01,100507.54459043406
2022-12-02,100260.0966498403
2022-12-05,100167.16205066704
2022-12-06,100251.95824673564
2022-12-07,100203.50698204711
2022-12-08,100079.12086158802
2022-12-09,100266.8330283199
2022-12-12,100209.26996892807
2022-12-13,100529.79951471783
2022-12-14,100367.85512552643
2022-12-15,100227.20486590365
2022-12-16,100281.02536543082
2022-12-19,100523.50555688368
2022-12-20,100476.57791224931
2022-12-21,100309.01635585488
2022-12-22,100254.84747311479
2022-12-23,100238.17143575879
2022-12-27,100354.45836293798
2022-12-28,100170.50971757136
2022-12-29,99976.9423432543
2022-12-30,100095.63208740305
2023-01-03,100054.27160533647
2023-01-04,100115.18294235195
2023-01-05,100258.72942774903
2023-01-06,100452.1936760701
2023-01-09,101030.02944265488
2023-01-10,100992.05397695066
2023-01-11,100695.02223958423
2023-01-12,100811.45553056926
2023-01-13,100885.05803993139
2023-01-17,100915.27432224614
2023-01-18,100912.40280956161
2023-01-19,100689.55560122179
2023-01-20,101125.90824325837
2023-01-23,101797.42893717054
2023-01-24,102963.43742812722
2023-01-25,102735.63339418476
2023-01-26,102735.63339418476
2023-01-27,102735.63339418476
2023-01-30,102735.63339418476
2023-01-31,102735.63339418476
2023-02-01,102735.63339418476
2023-02-02,102735.63339418476
2023-02-03,102735.63339418476
2023-02-06,102735.63339418476
2023-02-07,102735.63339418476
2023-02-08,102735.63339418476
2023-02-09,102735.63339418476
2023-02-10,102735.63339418476
2023-02-13,102735.63339418476
2023-02-14,102735.63339418476
2023-02-15,102735.63339418476
2023-02-16,102735.63339418476
2023-02-17,102735.63339418476
2023-02-21,102735.63339418476
2023-02-22,102735.63339418476
2023-02-23,102735.63339418476
2023-02-24,102735.63339418476
2023-02-27,102735.63339418476
2023-02-28,102735.63339418476
2023-03-01,102735.63339418476
2023-03-02,102735.63339418476
2023-03-03,102735.63339418476
2023-03-06,102735.63339418476
2023-03-07,102735.63339418476
2023-03-08,102735.63339418476
2023-03-09,102735.63339418476
2023-03-10,102735.63339418476
2023-03-13,102735.63339418476
2023-03-14,102735.63339418476
2023-03-15,102735.63339418476
2023-03-16,102735.63339418476
2023-03-17,102735.63339418476
2023-03-20,102735.63339418476
2023-03-21,102735.63339418476
2023-03-22,102735.63339418476
2023-03-23,102735.63339418476
2023-03-24,102735.63339418476
2023-03-27,102735.63339418476
2023-03-28,102735.63339418476
2023-03-29,102735.63339418476
2023-03-30,102735.63339418476
2023-03-31,102735.63339418476
2023-04-03,102735.63339418476
2023-04-04,102735.63339418476
2023-04-05,102735.63339418476
2023-04-06,102735.63339418476
2023-04-10,102735.63339418476
2023-04-11,102735.63339418476
2023-04-12,102735.63339418476
2023-04-13,102735.63339418476
2023-04-14,102735.63339418476
2023-04-17,102735.63339418476
2023-04-18,102735.63339418476
2023-04-19,102735.63339418476
2023-04-20,102735.63339418476
2023-04-21,102735.63339418476
2023-04-24,102735.63339418476
2023-04-25,102735.63339418476
2023-04-26,102735.63339418476
2023-04-27,102735.63339418476
2023-04-28,102735.63339418476
2023-05-01,102735.63339418476
2023-05-02,102735.63339418476
2023-05-03,102735.63339418476
2023-05-04,102735.63339418476
2023-05-05,102735.63339418476
2023-05-08,102735.63339418476
2023-05-09,102735.63339418476
2023-05-10,102735.63339418476
2023-05-11,102735.63339418476
2023-05-12,102735.63339418476
2023-05-15,102735.63339418476
2023-05-16,102735.63339418476
2023-05-17,102735.63339418476
2023-05-18,102735.63339418476
2023-05-19,102735.63339418476
2023-05-22,102735.63339418476
2023-05-23,102735.63339418476
2023-05-24,102735.63339418476
2023-05-25,102735.63339418476
2023-05-26,102735.63339418476
2023-05-30,102735.63339418476
2023-05-31,102735.63339418476
2023-06-01,102735.63339418476
2023-06-02,102735.63339418476
2023-06-05,102735.63339418476
2023-06-06,102735.63339418476
2023-06-07,102735.63339418476
2023-06-08,102735.63339418476
2023-06-09,102735.63339418476
2023-06-12,102735.63339418476
2023-06-13,102735.63339418476
2023-06-14,102735.63339418476
2023-06-15,102735.63339418476
2023-06-16,102735.63339418476
2023-06-20,102735.63339418476
2023-06-21,102735.63339418476
2023-06-22,102735.63339418476
2023-06-23,102735.63339418476
2023-06-26,102735.63339418476
2023-06-27,102735.63339418476
2023-06-28,102735.63339418476
2023-06-29,102735.63339418476
2023-06-30,102735.63339418476
2023-07-03,102735.63339418476
2023-07-05,102735.63339418476
2023-07-06,102735.63339418476
2023-07-07,102735.63339418476
2023-07-10,102735.63339418476
2023-07-11,102735.63339418476
2023-07-12,102735.63339418476
2023-07-13,102735.63339418476
2023-07-14,102735.63339418476
2023-07-17,102735.63339418476
2023-07-18,102735.63339418476
2023-07-19,102735.63339418476
2023-07-20,102735.63339418476
2023-07-21,102735.63339418476
2023-07-24,102735.63339418476
2023-07-25,102735.63339418476
2023-07-26,102735.63339418476
2023-07-27,102735.63339418476
2023-07-28,102735.63339418476
2023-07-31,102735.63339418476
2023-08-01,102735.63339418476
2023-08-02,102735.63339418476
2023-08-03,102735.63339418476
2023-08-04,102735.63339418476
2023-08-07,102735.63339418476
2023-08-08,102735.63339418476
2023-08-09,102735.63339418476
2023-08-10,102735.63339418476
2023-08-11,102735.63339418476
2023-08-14,102735.63339418476
2023-08-15,102735.63339418476
2023-08-16,102735.63339418476
2023-08-17,102735.63339418476
2023-08-18,102735.63339418476
2023-08-21,102735.63339418476
2023-08-22,102735.63339418476
2023-08-23,102735.63339418476
2023-08-24,102735.63339418476
2023-08-25,102735.63339418476
2023-08-28,102735.63339418476
2023-08-29,102735.63339418476
2023-08-30,102735.63339418476
2023-08-31,102735.63339418476
2023-09-01,102735.63339418476
2023-09-05,102735.63339418476
2023-09-06,102735.63339418476
2023-09-07,102735.63339418476
2023-09-08,102735.63339418476
2023-09-11,102735.63339418476
2023-09-12,102735.63339418476
2023-09-13,102735.63339418476
2023-09-14,102735.63339418476
2023-09-15,102735.63339418476
2023-09-18,102735.63339418476
2023-09-19,102735.63339418476
2023-09-20,102735.63339418476
2023-09-21,102735.63339418476
2023-09-22,102735.63339418476
2023-09-25,102723.13339418476
2023-09-26,102636.44571881842
2023-09-27,102873.0931960667
2023-09-28,102930.55269440557
2023-09-29,102760.86217358142
2023-10-02,102644.17716289965
2023-10-03,102462.55119338431
2023-10-04,102396.83431463805
2023-10-05,102305.74851503673
2023-10-06,102233.89339804737
2023-10-09,102007.61654380143
2023-10-10,102336.44502295247
2023-10-11,102366.99960446774
2023-10-12,102408.93082810089
2023-10-13,102110.09689483527
2023-10-16,102196.4147846322
2023-10-17,102212.27624398746
2023-10-18,102058.98571286167
2023-10-19,102057.24395510148
2023-10-20,101990.60527931017
2023-10-23,102087.0902148384
2023-10-24,102071.38210677975
2023-10-25,102115.03894587842
2023-10-26,101830.41746911434
2023-10-27,102155.29272878406
2023-10-30,102026.23265489492
2023-10-31,101997.35670969068
2023-11-01,101780.42067191032
2023-11-02,102175.63922124465
2023-11-03,101673.90383338624
2023-11-06,101147.92898663257
2023-11-07,101359.52514907124
2023-11-08,101034.71045747107
2023-11-09,100662.13219547218
2023-11-10,101196.78227128518
2023-11-13,100588.607991535
2023-11-14,101206.97170490416
2023-11-15,101256.56473738457
2023-11-16,101193.58471514398
2023-11-17,101665.10897112876
2023-11-20,101722.68984207195
2023-11-21,101854.26391435934
2023-11-22,101363.79788188443
2023-11-24,101247.65449934306
2023-11-27,101129.13262494782
2023-11-28,100904.95081135444
2023-11-29,101028.61642912474
2023-11-30,100591.72915737072
2023-12-01,101513.81535721188
2023-12-04,101241.39114728183
2023-12-05,100904.64985710835
2023-12-06,101914.93445491207
2023-12-07,102471.47985364952
2023-12-08,102614.70716550548
2023-12-11,103140.69402587094
2023-12-12,103268.94205319883
2023-12-13,103170.34084801549
2023-12-14,104667.82662772648
2023-12-15,104066.77912765232
2023-12-18,104186.80419087959
2023-12-19,103881.81350835448
2023-12-20,104199.73029354318
2023-12-21,104141.69295380016
2023-12-22,104197.57719113032
2023-12-26,104537.9894330615
2023-12-27,104272.38507086472
2023-12-28,103844.63271897778
2023-12-29,103739.43282747541
2024-01-02,103648.10962809924
2024-01-03,104198.7279137338
2024-01-04,104591.41417688626
2024-01-05,104648.32551868878
2024-01-08,104288.52392417764
2024-01-09,104279.52248583401
2024-01-10,104508.7222899812
2024-01-11,104037.40255964352
2024-01-12,103543.25824244003
2024-01-16,102801.31524249724
2024-01-17,102226.24150019014
2024-01-18,102715.69966497539
2024-01-19,103221.81458419257
2024-01-22,103194.78844839311
2024-01-23,102441.73402498978
2024-01-24,102560.16127311936
2024-01-25,102873.32216750912
2024-01-26,103341.54350782093
2024-01-29,103978.80045168819
2024-01-30,104161.75354880065
2024-01-31,103694.20613399142
2024-02-01,103816.28381917685
2024-02-02,104170.08668744106
2024-02-05,104280.50340536094
2024-02-06,104776.30493088698
2024-02-07,103983.39605526488
2024-02-08,104123.54936847545
2024-02-09,104181.42450023179
2024-02-12,104073.45735476143
2024-02-13,103393.91844624787
2024-02-14,103786.82043565776
2024-02-15,103834.96475631767
2024-02-16,103810.74952900498
2024-02-20,103853.32537157224
2024-02-21,104639.17788744703
2024-02-22,104220.3440850365
2024-02-23,104156.33420484613
2024-02-26,104136.140950489
2024-02-27,104354.80446814714
2024-02-28,104213.84399792996
2024-02-29,104647.98150406088
2024-03-01,105224.62185334075
2024-03-04,104833.07332418083
2024-03-05,104811.99408168194
2024-03-06,105089.43593784959
2024-03-07,105579.86413247077
2024-03-08,105306.16205757837
2024-03-11,105536.6880905379
2024-03-12,105925.43041089638
2024-03-13,105810.04078279488
2024-03-14,105981.9170057145
2024-03-15,105596.36381248002
2024-03-18,105677.17458166165
2024-03-19,105784.34589971522
2024-03-20,105951.1335158446
2024-03-21,105843.6742997844
2024-03-22,106244.29817720676
2024-03-25,106308.96089104879
2024-03-26,106308.96089104879
2024-03-27,106308.96089104879
2024-03-28,106308.96089104879
2024-04-01,106308.96089104879
2024-04-02,106308.96089104879
2024-04-03,106308.96089104879
2024-04-04,106308.96089104879
2024-04-05,106308.96089104879
2024-04-08,106308.96089104879
2024-04-09,106308.96089104879
2024-04-10,106308.96089104879
2024-04-11,106308.96089104879
2024-04-12,106308.96089104879
2024-04-15,106308.96089104879
2024-04-16,106308.96089104879
2024-04-17,106308.96089104879
2024-04-18,106308.96089104879
2024-04-19,106308.96089104879
2024-04-22,106308.96089104879
2024-04-23,106308.96089104879
2024-04-24,106308.96089104879
2024-04-25,106308.96089104879
2024-04-26,106308.96089104879
2024-04-29,106308.96089104879
2024-04-30,106308.96089104879
2024-05-01,106308.96089104879
2024-05-02,106308.96089104879
2024-05-03,106308.96089104879
2024-05-06,106308.96089104879
2024-05-07,106308.96089104879
2024-05-08,106308.96089104879
2024-05-09,106308.96089104879
2024-05-10,106308.96089104879
2024-05-13,106308.96089104879
2024-05-14,106308.96089104879
2024-05-15,106308.96089104879
2024-05-16,106308.96089104879
2024-05-17,106308.96089104879
2024-05-20,106308.96089104879
2024-05-21,106308.96089104879
2024-05-22,106308.96089104879
2024-05-23,106308.96089104879
2024-05-24,106308.96089104879
2024-05-28,106308.96089104879
2024-05-29,106308.96089104879
2024-05-30,106308.96089104879
2024-05-31,106308.96089104879
2024-06-03,106308.96089104879
2024-06-04,106308.96089104879
2024-06-05,106308.96089104879
2024-06-06,106308.96089104879
2024-06-07,106308.96089104879
2024-06-10,106308.96089104879
2024-06-11,106308.96089104879
2024-06-12,106308.96089104879
2024-06-13,106308.96089104879
2024-06-14,106308.96089104879
2024-06-17,106308.96089104879
2024-06-18,106308.96089104879
2024-06-20,106308.96089104879
2024-06-21,106308.96089104879
2024-06-24,106308.96089104879
2024-06-25,106308.96089104879
2024-06-26,106296.46089104879
2024-06-27,106152.18415765515
2024-06-28,106074.52833274339
2024-07-01,105817.79437795485
2024-07-02,105806.36649301102
2024-07-03,106056.7498031663
2024-07-05,105615.40084473025
2024-07-08,105687.42223900638
2024-07-09,105674.92223900638
2024-07-10,105585.00701768853
2024-07-11,105572.50701768853
2024-07-12,105369.7199504013
2024-07-15,105506.77102810872
2024-07-16,105494.27102810872
2024-07-17,105991.31678361373
2024-07-18,106805.59801482185
2024-07-19,106437.28537392018
2024-07-22,106478.24078403067
2024-07-23,104893.15078037317
2024-07-24,105342.66365741723
2024-07-25,105680.41664691924
2024-07-26,106087.37621164191
2024-07-29,105937.13197372075
2024-07-30,106009.48490293058
2024-07-31,106022.5798270742
2024-08-01,105381.8424181515
2024-08-02,105506.70991663067
2024-08-05,105588.61592499206
2024-08-06,105402.06898820243
2024-08-07,105593.74051165197
2024-08-08,104857.24435052682
2024-08-09,104216.25113957572
2024-08-12,104215.73927637038
2024-08-13,104203.23927637038
2024-08-14,103996.95249859215
2024-08-15,103984.45249859215
2024-08-16,104120.78037643863
2024-08-19,104108.28037643863
2024-08-20,103691.6160178792
2024-08-21,103695.10860585609
2024-08-22,103682.60860585609
2024-08-23,103841.78181456978
2024-08-26,103829.28181456978
2024-08-27,103568.93036337207
2024-08-28,103556.43036337207
2024-08-29,103676.02677448092
2024-08-30,103663.52677448092
2024-09-03,103616.70164356104
2024-09-04,103604.20164356104
2024-09-05,103718.09651514715
2024-09-06,103705.59651514715
2024-09-09,103863.1012304777
2024-09-10,103904.75971292346
2024-09-11,103592.83417981243
2024-09-12,103511.00420111638
2024-09-13,103672.40064066258
2024-09-16,103753.4679481982
2024-09-17,104301.67445288715
2024-09-18,104091.49387668287
2024-09-19,104388.27821359696
2024-09-20,104217.29013120128
2024-09-23,104241.597190673
2024-09-24,104212.39999490361
2024-09-25,104068.07020834906
2024-09-26,104234.31464184095
2024-09-27,104708.77532936941
2024-09-30,104672.03617900405
2024-10-01,104606.46449473454
2024-10-02,104498.72524986978
2024-10-03,105026.27721657419
2024-10-04,105297.51899069775
2024-10-07,105085.48750420261
2024-10-08,104851.626647929
2024-10-09,104901.02004721362
2024-10-10,105004.373764307
2024-10-11,105143.96829021751
2024-10-14,105371.60975573637
2024-10-15,105347.19837835038
2024-10-16,105388.99433723277
2024-10-17,105451.3807864875
2024-10-18,105783.23971153035
2024-10-21,105879.92895642272
2024-10-22,105184.26572994131
2024-10-23,105130.51253252434
2024-10-24,105434.78929404088
2024-10-25,105559.8348756163
2024-10-28,105679.1712078925
2024-10-29,105515.64220354176
2024-10-30,106051.1172944324
2024-10-31,106200.56308758346
2024-11-01,106222.07686617406
2024-11-04,106596.48960145924
2024-11-05,107038.8111684762
2024-11-06,108509.32005334589
2024-11-07,108509.32005334589
2024-11-08,108509.32005334589
2024-11-11,108509.32005334589
2024-11-12,108509.32005334589
2024-11-13,108509.32005334589
2024-11-14,108509.32005334589
2024-11-15,108509.32005334589
2024-11-18,108509.32005334589
2024-11-19,108509.32005334589
2024-11-20,108509.32005334589
2024-11-21,108509.32005334589
2024-11-22,108509.32005334589
2024-11-25,108509.32005334589
2024-11-26,108509.32005334589
2024-11-27,108509.32005334589
2024-11-29,108509.32005334589
2024-12-02,108509.32005334589
2024-12-03,108509.32005334589
2024-12-04,108509.32005334589
2024-12-05,108509.32005334589
2024-12-06,108509.32005334589
2024-12-09,108509.32005334589
2024-12-10,108509.32005334589
2024-12-11,108509.32005334589
2024-12-12,108509.32005334589
2024-12-13,108509.32005334589
2024-12-16,108509.32005334589
2024-12-17,108509.32005334589
2024-12-18,108509.32005334589
2024-12-19,108509.32005334589
2024-12-20,108509.32005334589
2024-12-23,108509.32005334589
2024-12-24,108509.32005334589
2024-12-26,108509.32005334589
2024-12-27,108509.32005334589
2024-12-30,108509.32005334589
2024-12-31,108509.32005334589
2025-01-02,108509.32005334589
2025-01-03,108509.32005334589
2025-01-06,108509.32005334589
2025-01-07,108509.32005334589
2025-01-08,108509.32005334589
2025-01-10,108509.32005334589
2025-01-13,108509.32005334589
2025-01-14,108509.32005334589
2025-01-15,108509.32005334589
2025-01-16,108509.32005334589
2025-01-17,108509.32005334589
2025-01-21,108509.32005334589
2025-01-22,108509.32005334589
2025-01-23,108509.32005334589
2025-01-24,108509.32005334589
2025-01-27,108509.32005334589
2025-01-28,108509.32005334589
2025-01-29,108509.32005334589
2025-01-30,108509.32005334589
2025-01-31,108509.32005334589
2025-02-03,108509.32005334589
2025-02-04,108509.32005334589
2025-02-05,108509.32005334589
2025-02-06,108509.32005334589
2025-02-07,108509.32005334589
2025-02-10,108509.32005334589
2025-02-11,108509.32005334589
2025-02-12,108509.32005334589
2025-02-13,108509.32005334589
2025-02-14,108509.32005334589
2025-02-18,108509.32005334589
2025-02-19,108509.32005334589
2025-02-20,108509.32005334589
2025-02-21,108509.32005334589
2025-02-24,108509.32005334589
2025-02-25,108509.32005334589
2025-02-26,108509.32005334589
2025-02-27,108509.32005334589
2025-02-28,108509.32005334589
2025-03-03,108509.32005334589
2025-03-04,108496.82005334589
2025-03-05,109043.7499236055
2025-03-06,108966.50320174257
2025-03-07,108853.29667643069
2025-03-10,108546.01770808546
2025-03-11,108724.97757895176
2025-03-12,108717.80750604963
2025-03-13,108588.13796172579
2025-03-14,108283.17729205759
2025-03-17,108142.32500737472
2025-03-18,108153.39485408232
2025-03-19,108228.58544527295
2025-03-20,107998.69974613481
2025-03-21,107474.9922981842
2025-03-24,107493.27831933786
2025-03-25,107480.77831933786
2025-03-26,107283.85714723976
2025-03-27,107156.94536415624
2025-03-28,107015.15964499526
2025-03-31,106866.76600805504
2025-04-01,106854.26600805504
2025-04-02,107014.1654763507
2025-04-03,106630.06264755972
2025-04-04,106573.61166603313
2025-04-07,106561.11166603313
2025-04-08,106762.85800675563
2025-04-09,107244.65132947423
2025-04-10,106920.95287100073
2025-04-11,106965.41398750205
2025-04-14,106634.80141232851
2025-04-15,106562.14024539529
2025-04-16,106790.1340688279
2025-04-17,106392.30167553156
2025-04-21,106418.89790298167
2025-04-22,106175.70847536353
2025-04-23,106320.47878213838
2025-04-24,106570.82465701974
2025-04-25,106943.29632919855
2025-04-28,106815.4855670195
2025-04-29,106664.42274637778
2025-04-30,106620.51560017736
2025-05-01,106646.68960001465
2025-05-02,106889.35342521517
2025-05-05,106932.45624032928
2025-05-06,106719.60972191837
2025-05-07,106711.81648458204
2025-05-08,107252.4019001381
2025-05-09,107238.64646388323
2025-05-12,107815.861004986
2025-05-13,107922.3848503098
2025-05-14,107738.58150058823
2025-05-15,107721.47115879969
2025-05-16,107470.67207544035
2025-05-19,107426.17955982643
2025-05-20,107443.74193342548
2025-05-21,107383.89605590924
2025-05-22,107644.67686428402
2025-05-23,107510.89319890454
2025-05-27,107716.10202682023
2025-05-28,107820.56164710104
2025-05-29,107726.26616085712
2025-05-30,107771.43337652198
2025-06-02,107855.18029719304
2025-06-03,107975.46929770784
2025-06-04,108170.5215662949
2025-06-05,108063.38930359855
2025-06-06,108243.85718000383
2025-06-09,108294.91135016902
2025-06-10,108018.19504142646
2025-06-11,107518.07885137637
2025-06-12,107644.23763817718
2025-06-13,108020.84591735544
2025-06-16,107896.0002407565
2025-06-17,108225.53513184459
2025-06-18,108060.7152103302
2025-06-20,108072.6967589274
2025-06-23,108091.8232745541
2025-06-24,107939.66592952242
2025-06-25,108202.28774142441
2025-06-26,108139.37338034676
2025-06-27,108192.73599938076
2025-06-30,107986.17151616781
2025-07-01,107990.85467413915
2025-07-02,108033.60398864554
2025-07-03,107977.25581583487
2025-07-07,108217.08246681577
2025-07-08,108131.4778723654
2025-07-09,108038.49871780301
2025-07-10,107911.04287116809
2025-07-11,108054.98601109076
2025-07-14,108137.9713112922
2025-07-15,108207.8413843522
2025-07-16,108166.91677684813
2025-07-17,108093.4132398791
2025-07-18,107901.36011377064
2025-07-21,107679.2359667508
2025-07-22,106288.23556118361
2025-07-23,106640.59147027787
2025-07-24,106739.27965483781
2025-07-25,106723.94233320678
2025-07-28,106910.56184432707
2025-07-29,106702.26808154299
2025-07-30,106618.14195442575
2025-07-31,106542.55464424437
2025-08-01,106409.15704238346
2025-08-04,106341.34231932189
2025-08-05,106616.7482883915
2025-08-06,106776.90547242477
2025-08-07,106558.95415937626
2025-08-08,106512.39934925814
2025-08-11,106578.61664351939
2025-08-12,106764.94590511828
2025-08-13,106906.63243495472
2025-08-14,106897.90381252603
2025-08-15,107204.19914722847
2025-08-18,107424.99090497916
2025-08-19,107240.2106777727
2025-08-20,107260.82500143786
2025-08-21,107326.52266426833
2025-08-22,107281.36517479502
2025-08-25,107561.74428663896
2025-08-26,107777.3517838048
2025-08-27,107703.66128009163
2025-08-28,108017.29263630098
2025-08-29,107995.69141694302
2025-09-02,108147.8898175585
2025-09-03,107972.67794222095
2025-09-04,108164.91423093078
2025-09-05,108296.4178779789
2025-09-08,108384.01879266003
2025-09-09,108287.85462921584
2025-09-10,108435.23573994303
2025-09-11,108509.0063414136
2025-09-12,108544.35804502909
2025-09-15,108669.55548625771
2025-09-16,108900.67092939522
2025-09-17,108752.77528073276
2025-09-18,108771.84522654816
2025-09-19,108758.56901145111
2025-09-22,108893.8218511241
2025-09-23,108765.37717329098
2025-09-24,108718.00191237572
2025-09-25,108738.79917768009
2025-09-26,108629.75292731183
2025-09-29,108744.78996825744
2025-09-30,108779.87969159769
2025-10-01,109112.92632994796
2025-10-02,109197.71451384347
2025-10-03,109138.17756478005
2025-10-06,109138.17756478005
2025-10-07,109138.17756478005
2025-10-08,109138.17756478005
2025-10-09,109138.17756478005
2025-10-10,109138.17756478005
2025-10-13,109138.17756478005
2025-10-14,109138.17756478005
2025-10-15,109138.17756478005
2025-10-16,109138.17756478005
2025-10-17,109138.17756478005
2025-10-20,109138.17756478005
2025-10-21,109138.17756478005
2025-10-22,109138.17756478005
2025-10-23,109138.17756478005
2025-10-24,109138.17756478005
2025-10-27,109138.17756478005
2025-10-28,109138.17756478005
2025-10-29,109138.17756478005
2025-10-30,109138.17756478005
2025-10-31,109138.17756478005
2025-11-03,109138.17756478005
2025-11-04,109138.17756478005
2025-11-05,109138.17756478005
2025-11-06,109138.17756478005
2025-11-07,109138.17756478005
2025-11-10,109138.17756478005
2025-11-11,109138.17756478005
2025-11-12,109138.17756478005
2025-11-13,109125.67756478005
2025-11-14,108952.98091099743
2025-11-17,108808.6866261178
2025-11-18,109078.9058237462
2025-11-19,108774.87556063475
2025-11-20,108996.29137529881
2025-11-21,109499.8226546897
2025-11-24,109303.62153933891
2025-11-25,109141.12468996526
2025-11-26,109213.0717170061
2025-11-28,109625.1191450806
2025-12-01,109649.61470101106
2025-12-02,110042.99743804974
2025-12-03,110541.1772676963
2025-12-04,110767.64947777854
2025-12-05,111057.08346662426
2025-12-08,111132.0714247409
2025-12-09,111213.17910570919
2025-12-10,111670.3993042515
2025-12-11,111389.18565942031
2025-12-12,111008.5131588984
2025-12-15,110769.74478642878
2025-12-16,110761.39873814817
2025-12-17,110844.14908987134
2025-12-18,110643.86180900325
2025-12-19,110661.10530225467
2025-12-22,110763.63499155757
2025-12-23,110678.48535709048
2025-12-24,110585.87170394615
2025-12-26,110613.49702613296
2025-12-29,110555.36645487293
2025-12-30,110479.5811048789
2025-12-31,110349.68283721044
2026-01-02,110551.40965024354
2026-01-05,111203.02489061814
2026-01-06,111478.69872389619
2026-01-07,110708.43752995312
2026-01-08,111369.65415296155
2026-01-09,111711.68498897704
2026-01-12,111454.89642285625
2026-01-13,111629.29075177092
2026-01-14,111619.88393672173
2026-01-15,112495.38674946992
2026-01-16,112341.13451006931
2026-01-20,112341.13451006931
2026-01-21,112341.13451006931
2026-01-22,112341.13451006931
2026-01-23,112341.13451006931
2026-01-26,112341.13451006931
2026-01-27,112341.13451006931
2026-01-28,112341.13451006931
2026-01-29,112341.13451006931
2026-01-30,112341.13451006931
2026-02-02,112341.13451006931
2026-02-03,112341.13451006931
2026-02-04,112341.13451006931
2026-02-05,112341.13451006931
2026-02-06,112341.13451006931
2026-02-09,112341.13451006931
2026-02-10,112341.13451006931
2026-02-11,112341.13451006931
2026-02-12,112341.13451006931
2026-02-13,112341.13451006931
2026-02-17,112341.13451006931
2026-02-18,112341.13451006931
2026-02-19,112341.13451006931
2026-02-20,112341.13451006931
2026-02-23,112341.13451006931
2026-02-24,112341.13451006931
2026-02-25,112341.13451006931
2026-02-26,112341.13451006931
2026-02-27,112341.13451006931
2026-03-02,112341.13451006931
2026-03-03,112328.63451006931
2026-03-04,112479.15313143411
2026-03-05,112553.065560418
2026-03-06,112251.60224428539
2026-03-09,112345.78076853923
2026-03-10,112923.21398134931
2026-03-11,113187.79815471306
2026-03-12,112626.95520424699
2026-03-13,112477.92045134901
2026-03-16,112552.92927063159
2026-03-17,112706.28688847668
2026-03-18,112829.5155547939
2026-03-19,112894.78509672497
2026-03-20,112780.66242586928
2026-03-23,113162.05290908852
2026-03-24,113063.87078371878
2026-03-25,113495.36456811485
2026-03-26,113233.50553535667
2026-03-27,113316.39464351177
2026-03-30,112931.97645702215
2026-03-31,113254.06834108641
2026-04-01,113308.70067496528
2026-04-02,112878.60508587566
2026-04-06,112673.23991066667
2026-04-07,112463.77262406168
2026-04-08,113145.47596522629
2026-04-09,113397.98837482645
2026-04-10,113313.08853623527
2026-04-13,113132.93554732193
2026-04-14,113315.39865849858
2026-04-15,112973.63668182924
2026-04-16,112652.58065386915
2026-04-17,113565.11322516976
2026-04-20,113354.66117495968
2026-04-21,113391.31672668818
2026-04-22,113140.40534165748
2026-04-23,113294.1350143799
2026-04-24,113339.67693424437
2026-04-27,113416.60183224065
2026-04-28,113200.3644813884
2026-04-29,112938.09009349222
2026-04-30,113316.66535195676
2026-05-01,111996.81272799651
2026-05-04,111160.5435660536
2026-05-05,110924.86673647643
2026-05-06,110899.86673647643
2026-05-07,111528.90327586514
2026-05-08,111503.90327586514
2026-05-11,111191.90605462954
2026-05-12,111110.28479817873
2026-05-13,110580.17765510961
2026-05-14,110851.03608579136
2026-05-15,110644.25823544135
2026-05-18,110656.53818463528
2026-05-19,110663.87747438776
2026-05-20,111086.78371222985
2026-05-21,111367.38580214622
2026-05-22,111069.39347354989
2026-05-26,111463.40079507971
2026-05-27,112070.82883197277
2026-05-28,112284.61717988434
2026-05-29,112483.59733411843
2026-06-01,115193.40462273515
2026-06-02,117403.60975707683
2026-06-03,116758.20555541894
2026-06-04,116758.20555541894
2026-06-05,116758.20555541894
2026-06-08,116758.20555541894
2026-06-09,116758.20555541894
2026-06-10,116758.20555541894
2026-06-11,116758.20555541894
2026-06-12,116758.20555541894
2026-06-15,116758.20555541894
2026-06-16,116758.20555541894
2026-06-17,116733.20555541894
2026-06-18,116232.68288425315
2026-06-22,117123.46002698912
2026-06-23,117098.46002698912
2026-06-24,116280.64250176118
2026-06-25,115862.41316493775
2026-06-26,116033.3531723437
2026-06-29,115019.61988516699
2026-06-30,115581.4411038564
2026-07-01,116335.86128457217
2026-07-02,116140.96916964
2026-07-06,116025.91082708031
2026-07-07,117149.83494299166
2026-07-08,118289.46901953325
2026-07-09,118304.40825388857
2026-07-10,118346.27487217942
2026-07-13,119882.61574179701
2026-07-14,119852.49651501558
2026-07-15,119846.9412899
2026-07-16,120126.27153560721
2026-07-17,119946.22509233066
2026-07-20,120426.62478616838
2026-07-21,120099.67634267703
2026-07-22,120784.72989129643
2026-07-23,121333.55948912617
2026-07-24,120982.49581644783
2026-07-27,120884.45391548453
2026-07-28,121052.14648309056
2026-07-29,121576.85098196843
2026-07-30,120967.20445748436
2026-07-31,120967.20445748436
2026-08-03,120967.20445748436
2026-08-04,120967.20445748436
2026-08-05,120967.20445748436
2026-08-06,120967.20445748436
2026-08-07,120967.20445748436
2026-08-10,120967.20445748436
2026-08-11,120967.20445748436
2026-08-12,120967.20445748436
2026-08-13,120967.20445748436
2026-08-14,120967.20445748436
2026-08-17,120967.20445748436
2026-08-18,120967.20445748436
2026-08-19,120967.20445748436
2026-08-20,120967.20445748436
2026-08-21,120967.20445748436
2026-08-24,120967.20445748436
2026-08-25,120967.20445748436
2026-08-26,120967.20445748436
2026-08-27,120967.20445748436
2026-08-28,120967.20445748436
2026-08-31,120967.20445748436
2026-09-01,120967.20445748436
2026-09-02,120967.20445748436
2026-09-03,120967.20445748436
2026-09-04,120967.20445748436
2026-09-08,120967.20445748436
2026-09-09,120967.20445748436
2026-09-10,120967.20445748436
2026-09-11,120967.20445748436
2026-09-14,120967.20445748436
2026-09-15,120967.20445748436
