entry_signal_date,entry_date,exit_signal_date,exit_date,direction,beta,entry_z,exit_signal_z,entry_a,entry_b,exit_a,exit_b,units_a,units_b,entry_cost,exit_cost,gross_pnl,net_pnl,held_days,started_before_unseen,pair
2020-03-06,2020-03-09,2020-08-05,2020-08-06,SHORT_SPREAD,1.9733250613756677,3.101792937686102,-0.1674355834305906,102.72908020019533,44.592960357666016,78.39939880371094,46.76356887817383,-131.0784440365393,258.660378623431,12.5,11.186176820200942,3750.547203113707,3726.861026293506,150,True,CBOE/IHG
2023-11-06,2023-11-07,2024-02-20,2024-02-21,SHORT_SPREAD,1.472825403390932,3.1843567638362824,-0.03190577692161958,168.09751892089844,69.43717193603516,185.2088623046875,102.8449935913086,-92.4671285049253,136.18793584066776,12.5,15.56598952986279,2967.5054846041226,2939.43949507426,106,False,CBOE/IHG
2026-03-02,2026-03-03,2026-05-04,2026-05-05,SHORT_SPREAD,1.7557577224150986,3.126971035463554,4.48190145265421,302.9516906738281,133.6573028564453,342.3096618652344,141.27723693847656,-46.501113696211824,81.64468947302642,12.5,13.726158322578092,-1208.0623412914397,-1234.2884996140178,63,False,CBOE/IHG
2026-05-05,2026-05-06,2026-05-06,2026-05-07,SHORT_SPREAD,1.8136491507115025,4.495763786142736,4.16174674980637,344.31982421875,144.97225952148438,337.0055236816406,146.3566436767578,-41.16929766599453,74.66666174732002,12.5,12.401121363709674,404.49195948095064,379.590838117241,1,False,CBOE/IHG
2026-05-07,2026-05-08,2026-05-11,2026-05-12,SHORT_SPREAD,1.820546513894358,3.5276267919093853,4.027335374621703,346.8674011230469,149.01585388183594,354.0722045898437,149.77279663085938,-40.442754697652134,73.62791607709526,12.5,12.67355710822636,-235.64998205219396,-260.8235391604203,4,False,CBOE/IHG
2026-05-12,2026-05-13,2026-05-13,2026-05-14,SHORT_SPREAD,1.8301745786260815,4.069251061580414,4.689396431212496,364.9193115234375,149.55368041992188,356.9283142089844,149.3146514892578,-39.14637995341269,71.64470943597355,12.500000000000004,12.335028112318753,295.6934587940642,270.85843068174546,1,False,CBOE/IHG
2026-05-14,2026-05-15,2026-05-15,2026-05-18,SHORT_SPREAD,1.8380826726263484,4.1902194281736165,4.539467931034024,361.2571716308594,147.98007202148438,364.5013427734375,150.2608184814453,-39.47845624741158,72.56466637040464,12.5,12.646788237226968,37.426737431161115,12.279949193934147,3,False,CBOE/IHG
2026-05-18,2026-05-19,2026-05-19,2026-05-20,SHORT_SPREAD,1.8458064109394352,4.431729067221966,4.284916042211193,361.2074279785156,149.3943328857422,359.1674194335937,154.47373962402344,-39.24890498530351,72.44588044422598,12.499999999999998,12.643956995870134,448.05019483796747,422.9062378420973,1,False,CBOE/IHG
2026-05-20,2026-05-21,2026-06-02,2026-06-03,SHORT_SPREAD,1.8536701295357916,3.5881894345423757,-1.6004805162383517,350.2309875488281,153.477783203125,284.3102111816406,159.8519287109375,-39.38693946275664,73.01039317594648,12.499999999999998,11.434480620786873,3061.796497798416,3037.8620171776292,13,False,CBOE/IHG
2026-06-16,2026-06-17,2026-06-18,2026-06-22,LONG_SPREAD,1.851694423637424,-3.357572022896869,-4.216761012970954,253.9844665527344,169.97091674804688,255.27088928222656,169.36337280273438,43.958465804676145,-81.39764600217521,12.5,12.503548261286713,106.00181655605098,80.99826829476427,5,False,CBOE/IHG
2026-06-22,2026-06-23,2026-06-24,2026-06-25,LONG_SPREAD,1.836266577675299,-3.6867812284663724,-4.2084983733102455,256.7069091796875,170.19003295898438,244.3013610839844,173.42691040039062,43.91965889855316,-80.64820173831271,12.5,12.358100452041924,-805.8957857096004,-830.7538861616424,2,False,CBOE/IHG
2026-06-25,2026-06-26,2026-06-26,2026-06-29,LONG_SPREAD,1.8208750318663445,-4.538834226908856,-4.49566727119219,241.5390472412109,172.15206909179688,230.86866760253903,172.90899658203125,45.04452143011124,-82.02044439445804,12.5,12.290720692410913,-542.7256734249831,-567.516394117394,3,False,CBOE/IHG
2026-06-29,2026-06-30,2026-06-30,2026-07-01,LONG_SPREAD,1.8084804645863175,-5.069608698973636,-4.354991164123347,241.9977569580078,172.4209747314453,247.0337677001953,167.72999572753906,45.141206270507,-81.63698968807329,12.499999999999998,12.422187097562354,610.2890042624379,585.3668171648756,1,False,CBOE/IHG
2026-07-01,2026-07-02,2026-07-29,2026-07-30,LONG_SPREAD,1.795514883633944,-3.5927493147259337,0.32426224633691364,248.30026245117188,169.2438507080078,295.6985778808594,161.93348693847656,45.27508199685761,-81.29208358310507,12.5,13.27584395750819,2740.2373201676596,2714.4614762101514,28,False,CBOE/IHG
2020-03-06,2020-03-09,2020-08-10,2020-08-11,SHORT_SPREAD,2.764270791143982,3.0104090371994476,-0.1049032086205859,126.30775451660156,32.77350616455078,140.84364318847656,49.03733444213867,-115.25910690738597,318.6073826374286,12.5,15.92858465280619,3506.3822127613744,3477.9536281085684,155,True,LLY/PCAR
2021-06-10,2021-06-11,2021-07-28,2021-07-29,SHORT_SPREAD,4.381433350901136,3.0792618373647014,4.17929936786257,213.4571228027344,51.04842758178711,233.68939208984372,46.03034591674805,-57.192218155339525,250.58389203781803,12.5,12.449838962328414,-2414.5787930350343,-2439.528631997363,48,True,LLY/PCAR
2021-07-29,2021-07-30,2021-08-02,2021-08-03,SHORT_SPREAD,4.8190301287583095,4.015284706725339,4.164386326354061,231.9461669921875,45.86454391479492,243.8435211181641,45.23452377319336,-55.19144094455093,265.96921676137595,12.5,12.744533077017294,-824.1980812459051,-849.4426143229224,4,True,LLY/PCAR
2021-08-03,2021-08-04,2021-08-04,2021-08-05,SHORT_SPREAD,4.855456943167867,4.595804253722361,4.944199364098568,250.0160980224609,44.82003784179688,251.6544647216797,44.261863708496094,-53.46017085852336,259.5735577779577,12.5,12.471350059014318,-232.47460930966452,-257.4459593686788,1,True,LLY/PCAR
2021-08-05,2021-08-06,2021-08-06,2021-08-09,SHORT_SPREAD,4.8810791670683,5.096561645676138,5.00904977467838,250.9400787353516,44.234222412109375,254.48355102539065,44.1568603515625,-53.55029683375433,261.38323826556183,12.5,12.584766423524568,-209.9751388584137,-235.05990528193826,3,True,LLY/PCAR
2021-08-09,2021-08-10,2021-08-10,2021-08-11,SHORT_SPREAD,4.905775328992464,5.135329209632881,5.193973480622396,256.6648254394531,44.07395935058594,251.5687255859375,45.74848556518555,-52.867337458306615,259.35527981247975,12.500000000000002,12.58243999213189,703.7144456178517,678.6320056257198,1,True,LLY/PCAR
2021-08-11,2021-08-12,2021-08-12,2021-08-13,SHORT_SPREAD,4.930395031018166,4.518801030145245,4.577572412480228,251.77896118164065,45.32848358154297,252.4861602783203,44.84214782714844,-52.602089507726106,259.34908073006557,12.5,12.45553470967747,-163.3308810117111,-188.28641572138858,1,True,LLY/PCAR
2021-08-13,2021-08-16,2021-08-16,2021-08-17,SHORT_SPREAD,4.956750714776098,4.671931993995555,4.866060847044026,257.9618530273437,44.85319519042969,260.60888671875,44.47581100463867,-52.05210636950383,258.0093154526396,12.5,12.520207521915076,-235.15231470733318,-260.1725222292483,1,True,LLY/PCAR
2021-08-17,2021-08-18,2021-08-18,2021-08-19,SHORT_SPREAD,4.982356602367617,5.012859007862169,4.808738056260072,256.6048583984375,44.34262466430664,258.40142822265625,44.603458404541016,-52.35211485398486,260.8369050906593,12.5,12.58104464766333,-26.019164234748033,-51.100208882411366,1,True,LLY/PCAR
2021-08-19,2021-08-20,2021-08-20,2021-08-23,SHORT_SPREAD,5.007365031181456,4.7785769715868724,4.76068459855122,258.8888244628906,44.54796600341797,255.9359436035156,44.620113372802734,-51.87187421900268,259.74140906607687,12.5,12.432784097431602,171.91112390561176,146.97833980818015,3,True,LLY/PCAR
2021-08-23,2021-08-24,2021-08-24,2021-08-25,SHORT_SPREAD,5.032909283120279,4.568871326559616,4.159466679822051,251.11004638671875,45.36931991577149,252.16119384765625,45.49142837524414,-52.143111308560904,262.4315489556302,12.5,12.543427605608684,-22.76498689738213,-47.808414502990814,1,True,LLY/PCAR
2021-08-25,2021-08-26,2021-08-26,2021-08-27,SHORT_SPREAD,5.058862622347113,4.141686537698374,4.063006861118743,249.72439575195312,45.21392822265625,248.2240447998047,45.64680480957031,-52.25146906330885,264.33300380709966,12.5,12.518014013568234,192.81910985704926,167.80109584348102,1,True,LLY/PCAR
2021-08-27,2021-08-30,2023-01-24,2023-01-25,SHORT_SPREAD,5.086005029628544,3.875765234630981,-0.5095768192041898,250.6703948974609,45.53582000732422,339.8791809082031,65.52300262451172,-51.83863290245516,263.6515476709547,12.5,17.447056570144014,645.1901209189424,615.2430643487984,513,True,LLY/PCAR
2024-06-25,2024-06-26,2024-07-05,2024-07-08,SHORT_SPREAD,9.646083197605297,3.1822759547859367,4.127440535827663,887.5740966796875,97.40796661376952,904.0598754882812,94.5965805053711,-13.682290507660168,131.9805125706952,12.5,12.427257517641827,-596.6113945247633,-621.5386520424051,12,False,LLY/PCAR
2024-07-08,2024-07-09,2024-07-09,2024-07-10,SHORT_SPREAD,9.784609004497598,3.9750251188589165,4.172064023603988,918.339599609375,94.65261840820312,925.5090942382812,94.80205535888672,-13.553966888335394,132.62026646226877,12.5,12.558496730512628,-77.35672458732664,-102.41522131783927,1,False,LLY/PCAR
2024-07-10,2024-07-11,2024-07-12,2024-07-15,SHORT_SPREAD,9.822720388176256,4.225289653208117,4.033003218129377,919.9547119140624,96.41789245605467,936.0269775390624,97.65081024169922,-13.39017401552838,131.52793530355854,12.5,12.688686782143705,-53.04730279768259,-78.2359895798263,4,False,LLY/PCAR
2024-07-15,2024-07-16,2024-08-09,2024-08-12,SHORT_SPREAD,9.880954604061733,3.8017129101410094,4.265809224083177,927.301513671875,101.70440673828124,870.9503173828125,86.0877456665039,-12.938363800263474,127.84338536123903,12.499999999999998,11.13721045118848,-1267.3945412871417,-1291.03175173833,27,False,LLY/PCAR
2024-08-12,2024-08-13,2024-08-13,2024-08-14,SHORT_SPREAD,10.131475508812061,4.214184791868946,4.465498918775417,894.2609252929688,86.56409454345703,917.5321044921876,87.5074462890625,-14.114063648017789,142.99629017970685,12.5,12.731673352169167,-193.55510442607007,-218.78677777823924,1,False,LLY/PCAR
2024-08-14,2024-08-15,2024-08-15,2024-08-16,SHORT_SPREAD,10.167277638553843,4.633402841205681,4.361387067198722,918.7155151367188,89.02539825439453,909.3861694335938,89.17533111572266,-13.707181494937755,139.36471990107967,12.5,12.446508158220604,148.77438600471362,123.82787784649301,1,False,LLY/PCAR
2024-08-16,2024-08-19,2024-08-20,2024-08-21,SHORT_SPREAD,10.20716056160258,4.14984481964567,4.414425806839221,909.0804443359376,89.92493438720703,938.8239135742188,89.9717788696289,-13.683943792816017,139.67421140921806,12.5,12.706775463700568,-400.4649951188429,-425.6717705825435,2,False,LLY/PCAR
2024-08-21,2024-08-22,2024-08-22,2024-08-23,SHORT_SPREAD,10.264886377951457,4.350067903428488,4.444455153949084,940.9935302734376,89.27839660644531,939.5833740234376,90.38407135009766,-13.459485484033005,138.16008919928578,12.500000000000002,12.566890071815658,171.74009878549867,146.673208713683,1,False,LLY/PCAR
2024-08-23,2024-08-26,2024-08-26,2024-08-27,SHORT_SPREAD,10.305957028990335,4.2077242450190475,4.218184987722885,937.4038696289062,89.83123779296875,941.2992553710938,88.41634368896484,-13.417770495851718,138.28296615510214,12.5,12.428305819192229,-247.9231453785106,-272.8514511977029,1,False,LLY/PCAR
2024-08-27,2024-08-28,2024-08-28,2024-08-29,SHORT_SPREAD,10.344512514155175,4.447878315183635,4.298327290811636,935.8358154296876,88.57563781738281,927.2164306640624,88.68807983398438,-13.498135785807161,139.631634554048,12.5,12.449677418307052,132.0460885271565,107.09641110884947,1,False,LLY/PCAR
2024-08-29,2024-08-30,2024-08-30,2024-09-03,SHORT_SPREAD,10.381126324285734,4.114776561860014,4.1429492053320525,946.7628173828124,90.12169647216795,943.3211059570312,89.5407485961914,-13.281429273841127,137.87619505881128,12.5,12.437095135225185,-34.38803578466161,-59.325130919886796,4,False,LLY/PCAR
2024-09-03,2024-09-04,2024-09-04,2024-09-05,SHORT_SPREAD,10.416914961214038,4.140415811787702,4.036182000123514,933.2421264648438,89.0160140991211,900.1456298828125,86.73908996582031,-13.437144226843687,139.97358873259884,12.499999999999998,12.118284179907016,126.01315576602042,101.3948715861134,1,False,LLY/PCAR
2024-09-05,2024-09-06,2024-11-05,2024-11-06,SHORT_SPREAD,10.45269821297994,3.869115029177702,-0.08377330545838098,890.2442016601562,87.37627410888672,765.6587524414062,108.70263671875,-13.861458403458302,144.88964148312436,12.5,13.181516505330164,4816.90505470407,4791.223538198739,61,False,LLY/PCAR
2025-11-12,2025-11-13,2026-01-15,2026-01-16,SHORT_SPREAD,10.908628840606536,3.041598618959568,-0.17124759631755446,1016.4593505859376,94.54532623291016,1033.407470703125,120.3513412475586,-12.208108859561502,133.17372839467677,12.5,14.321793864932644,3229.7787391541933,3202.9569452892606,64,False,LLY/PCAR
2020-10-22,2020-10-23,2021-06-22,2021-06-23,LONG_SPREAD,0.8505605805251021,-3.357269041702326,0.12847764155002223,75.72272491455078,93.30854034423828,111.3726577758789,123.95113372802734,161.19954003567887,-137.10997435312646,12.5,17.474078986256764,1545.3475865843254,1515.3735075980687,243,True,CBOE/HLT
2023-09-22,2023-09-25,2024-03-22,2024-03-25,SHORT_SPREAD,0.4902165744326416,3.0230360179072067,-0.002595377346842457,151.06314086914062,146.72605895996094,175.64984130859375,208.9256591796875,-112.11230545379206,54.959310331303904,12.5,15.58745940036392,661.9754611901373,633.8880017897733,182,False,CBOE/HLT
2026-05-01,2026-05-04,2026-05-04,2026-05-05,SHORT_SPREAD,0.8769309009370018,3.2254834112232666,4.535875851382579,337.2642517089844,311.0936584472656,342.3096618652344,312.4823608398437,-40.97877684664056,35.93555569942085,12.5,12.628329264535576,-156.85094471433445,-181.97927397887003,1,False,CBOE/HLT
2026-05-05,2026-05-06,2026-05-06,2026-05-07,SHORT_SPREAD,0.8796950292978646,4.759714022165828,4.287764619081192,344.31982421875,321.21435546875,337.0055236816406,320.00543212890625,-39.879373123338304,35.081686308115565,12.5,12.332949605182712,249.2786508766607,224.445701271478,1,False,CBOE/HLT
2026-05-07,2026-05-08,2026-05-08,2026-05-11,SHORT_SPREAD,0.88317032127704,3.7898767390649866,4.675163371530927,346.8674011230469,316.4886779785156,348.778076171875,315.2398376464844,-39.91182306258008,35.24893759693123,12.5,12.516119114773305,-120.2788194112151,-145.2949385259884,3,False,CBOE/HLT
2026-05-11,2026-05-12,2026-05-12,2026-05-13,SHORT_SPREAD,0.886419481856924,4.828219816817782,5.256106216596992,354.0722045898437,313.2816467285156,364.9193115234375,311.1236267089844,-39.57129036640715,35.07676270300051,12.5,12.676768830985644,-504.930374238131,-530.1071430691167,1,False,CBOE/HLT
2026-05-13,2026-05-14,2026-05-14,2026-05-15,SHORT_SPREAD,0.8902035966089167,6.0613041140659725,5.095368731723735,356.9283142089844,316.2289123535156,361.2571716308594,315.8792419433594,-39.158166500508365,34.85874065536334,12.5,12.578660524770125,-181.69918982523387,-206.777850350004,1,False,CBOE/HLT
2026-05-15,2026-05-18,2026-05-18,2026-05-19,SHORT_SPREAD,0.8944656343300187,5.335645253125878,5.35349483621664,364.5013427734375,317.8474426269531,361.2074279785156,315.0999755859375,-38.53238130195412,34.46589088349854,12.5,12.389191859952133,32.22848161242456,7.3392897524724265,1,False,CBOE/HLT
2026-05-19,2026-05-20,2026-05-20,2026-05-21,SHORT_SPREAD,0.8986156951976729,5.217078357932985,4.509711888261878,359.1674194335937,323.5721740722656,350.2309875488281,322.46319580078125,-38.465417338831,34.565627743002246,12.5,12.308961943962624,305.4110518603367,280.6020899163741,1,False,CBOE/HLT
2026-05-21,2026-05-22,2026-05-22,2026-05-26,SHORT_SPREAD,0.9024656470071765,3.9400770991747582,4.334632077112464,355.6147155761719,320.9338684082031,352.7685852050781,323.6626281738281,-38.74488236275039,34.96592532971647,12.5,12.49257031189525,205.68659662465683,180.6940263127616,4,False,CBOE/HLT
2026-05-26,2026-05-27,2026-06-02,2026-06-03,SHORT_SPREAD,0.9058433101472073,3.944665803485407,-1.593685843202286,346.0016174316406,336.5667724609375,284.3102111816406,331.2192077636719,-38.40963365136874,34.79310968829743,12.5,11.222198640711255,2183.48590842303,2159.763709782319,7,False,CBOE/HLT
2026-06-16,2026-06-17,2026-06-18,2026-06-22,LONG_SPREAD,0.904818741484868,-3.1549783423255886,-4.00926101928604,253.9844665527344,349.1410217285156,255.27088928222656,342.77392578125,43.867821895518254,-39.69242739918516,12.5,12.40185353477461,309.15805681019543,284.25620327542083,5,False,CBOE/HLT
2026-06-22,2026-06-23,2026-07-23,2026-07-24,LONG_SPREAD,0.8995392820910929,-3.211143895876666,0.027365770149887784,256.7069091796875,343.67352294921875,284.2803039550781,324.8221130371094,44.180949787167705,-39.74249985365146,12.5,12.734508307180079,1967.4209257064158,1942.1864173992358,31,False,CBOE/HLT
2020-03-17,2020-03-18,2020-03-20,2020-03-23,SHORT_SPREAD,0.1437344308183595,3.612759957639245,-0.39421554112343415,72.97467803955078,280.0426940917969,51.7233772277832,232.49395751953125,-220.79645554785506,31.736052864882158,12.499999999999998,9.39938944373234,3183.2026775037593,3161.303288060027,5,True,ED/LMT
2020-05-11,2020-05-12,2020-10-22,2020-10-23,LONG_SPREAD,0.1379179825901247,-3.228209023978142,0.06686583498901123,57.26530838012695,311.70831298828125,65.9504165649414,318.2489929199219,249.3629025605514,-34.39162845396908,12.5,13.695344210031523,1940.799151972417,1914.6038077623853,164,True,ED/LMT
2022-05-24,2022-05-25,2022-10-07,2022-10-10,SHORT_SPREAD,0.09724103446745706,3.0212433693000773,-0.39547098380264034,86.77678680419922,397.4671325683594,71.04849243164062,368.8247680664063,-199.31928169260223,19.38201314109912,12.5,10.65495048912141,2579.8056514191717,2556.6507009300503,138,False,ED/LMT
2025-03-03,2025-03-04,2025-03-21,2025-03-24,SHORT_SPREAD,0.1583318421539048,3.0844996211417786,4.036783874718914,97.2315444946289,431.3746643066406,101.68619537353516,418.0726318359375,-151.02830057296472,23.912589047091142,12.5,12.677346157962045,-990.8643878500608,-1016.0417340080228,20,False,ED/LMT
2025-03-24,2025-03-25,2025-03-28,2025-03-31,SHORT_SPREAD,0.16228407875751655,3.969856335008664,4.026116753237328,100.46784210205078,424.8869934082031,105.26515197753906,429.3466796875,-147.5620653750036,23.94697383893889,12.5,12.907348472065575,-601.1049628107553,-626.5123112828209,6,False,ED/LMT
2025-03-31,2025-04-01,2025-04-03,2025-04-04,SHORT_SPREAD,0.1630174190900741,4.171460285583333,4.2261305115802195,104.76067352294922,431.2016906738281,104.05630493164062,415.3526306152344,-142.81302567430734,23.281010857870072,12.5,12.265212425487057,-268.38912959642613,-293.1543420219132,3,False,ED/LMT
2025-04-04,2025-04-07,2025-10-02,2025-10-03,SHORT_SPREAD,0.16396556081115518,4.254405472770219,-0.08035543767524088,100.32505798339844,414.0743103027344,95.63794708251952,491.7825927734375,-148.61580621142036,24.3678740108575,12.5,13.09850343575488,2590.1644021826787,2564.5658987469237,179,False,ED/LMT
