pair,entry_date,exit_date,direction,beta,gross,cost,net,exit_reason,closed,days
CBOE/IHG,2024-12-09,2025-02-20,Long spread,0.487235837535523,527.1902796026077,25.34592274413503,501.8443568584727,zero-cross,True,73
CBOE/IHG,2025-03-11,2025-05-15,Short spread,0.3387535984041959,-130.09254628899913,25.64067150984559,-155.73321779884472,zero-cross,True,65
CBOE/IHG,2025-07-25,2025-08-29,Short spread,0.4313712155078614,1063.5874314329983,24.783595915391516,1038.8038355176068,zero-cross,True,35
CBOE/IHG,2025-11-14,2025-12-11,Short spread,0.22515491565277201,834.5736841674915,24.8446510936734,809.7290330738181,zero-cross,True,27
CBOE/IHG,2026-01-14,2026-04-14,Short spread,0.22515491565277201,-2189.5350889501337,26.386197715751273,-2215.921286665885,time-stop,True,90
CBOE/IHG,2026-05-05,2026-06-02,Short spread,0.7683083331181133,4039.9047298125593,24.232818430560236,4015.671911381999,zero-cross,True,28
CBOE/IHG,2026-06-03,2026-08-03,Long spread,0.7683083331181133,800.4596393627355,25.231037223969444,775.2286021387661,zero-cross,True,61
CBOE/HLT,2024-12-13,2025-02-04,Long spread,0.5395046408966602,456.08610926559334,25.43531857650804,430.6507906890853,zero-cross,True,53
CBOE/HLT,2025-03-11,2025-05-15,Short spread,0.4210490952916289,-4.725203216538489,25.66248580128377,-30.387689017822257,zero-cross,True,65
CBOE/HLT,2025-08-12,2025-08-27,Short spread,0.6355745339824234,925.8960771451757,24.812843003260692,901.083234141915,zero-cross,True,15
CBOE/HLT,2025-11-14,2025-12-16,Short spread,0.5239626243716514,1114.5899469567344,24.962957170313068,1089.6269897864213,zero-cross,True,32
CBOE/HLT,2026-02-25,2026-04-20,Short spread,0.7148898429256486,293.08183494993847,25.84132379977177,267.2405111501667,zero-cross,True,54
CBOE/HLT,2026-05-04,2026-06-02,Short spread,0.8653157208199946,3286.6347891881373,24.16210394416796,3262.4726852439694,zero-cross,True,29
CBOE/HLT,2026-06-17,2026-07-29,Long spread,0.8653157208199946,3711.0441222454338,25.93981223961448,3685.104310005819,zero-cross,True,42
LLY/PCAR,2024-11-05,2025-02-05,Long spread,1.231889631398602,230.88255971684475,25.4058758719438,205.47668384490095,time-stop,True,92
LLY/PCAR,2025-03-04,2025-04-07,Short spread,0.5532667457362274,2138.8531200536213,22.75998637964137,2116.09313367398,zero-cross,True,34
LLY/PCAR,2025-04-08,2025-04-21,Long spread,-0.21049091990707547,2654.8146442264288,26.327407322113217,2628.4872369043155,zero-cross,True,13
LLY/PCAR,2025-08-08,2025-09-11,Long spread,-0.0852314212851962,4966.890025744444,27.483445012872224,4939.406580731572,zero-cross,True,34
LLY/PCAR,2025-10-07,2026-01-05,Short spread,-0.0852314212851962,-5811.9913248397925,27.9059956624199,-5839.897320502212,time-stop,True,90
LLY/PCAR,2026-04-14,2026-05-04,Long spread,0.9309585971699434,1700.391957241587,24.78739699707625,1675.6045602445108,zero-cross,True,20
LLY/PCAR,2026-05-22,2026-08-04,Short spread,0.8681619085302332,2190.3587428137052,26.73199400288134,2163.6267488108238,zero-cross,True,74
ED/LMT,2024-10-08,2024-10-16,Long spread,0.5730305014740436,555.6539295415338,25.349419582271572,530.3045099592622,zero-cross,True,8
ED/LMT,2024-10-24,2024-11-05,Short spread,0.5730305014740436,784.6306605219562,24.32585627874257,760.3048042432137,zero-cross,True,12
ED/LMT,2024-11-13,2024-11-21,Long spread,0.5730305014740436,804.7211106742235,25.14567132614284,779.5754393480806,zero-cross,True,8
ED/LMT,2024-11-27,2024-12-06,Short spread,0.5492797819314035,913.6715016061524,24.382971995673557,889.2885296104789,zero-cross,True,9
ED/LMT,2025-02-04,2025-05-02,Short spread,0.5412067674092,-2315.059357547516,26.595043684073968,-2341.65440123159,time-stop,True,87
ED/LMT,2025-09-17,2025-10-09,Long spread,0.027082038906310946,1062.7293904194337,25.57962862159698,1037.1497617978366,zero-cross,True,22
ED/LMT,2026-01-15,2026-04-15,Short spread,-0.0805851518727177,-2049.568940591971,26.02478447029599,-2075.593725062267,time-stop,True,90
ED/LMT,2026-05-01,2026-06-02,Short spread,0.295696331040605,1062.9300623258653,24.513276335180603,1038.4167859906847,zero-cross,True,32
ED/LMT,2026-06-25,2026-07-31,Short spread,0.27697267888859534,1172.0920528984252,25.248441041993832,1146.8436118564314,zero-cross,True,36
ED/LMT,2026-08-11,2026-09-03,Long spread,0.27697267888859534,948.1678671735915,24.91599573930918,923.2518714342823,zero-cross,True,23
