Date,equity,drawdown,gross_pnl,cost,net_pnl
2024-09-17,100000.0,0.0,0.0,0.0,0.0
2024-09-18,100000.0,0.0,0.0,0.0,0.0
2024-09-19,100000.0,0.0,0.0,0.0,0.0
2024-09-20,100000.0,0.0,0.0,0.0,0.0
2024-09-23,100000.0,0.0,0.0,0.0,0.0
2024-09-24,100000.0,0.0,0.0,0.0,0.0
2024-09-25,100000.0,0.0,0.0,0.0,0.0
2024-09-26,100000.0,0.0,0.0,0.0,0.0
2024-09-27,100000.0,0.0,0.0,0.0,0.0
2024-09-30,100000.0,0.0,0.0,0.0,0.0
2024-10-01,100000.0,0.0,0.0,0.0,0.0
2024-10-02,100000.0,0.0,0.0,0.0,0.0
2024-10-03,100000.0,0.0,0.0,0.0,0.0
2024-10-04,100000.0,0.0,0.0,0.0,0.0
2024-10-07,100000.0,0.0,0.0,0.0,0.0
2024-10-08,99987.5,-0.00012500000000004174,0.0,12.5,-12.5
2024-10-09,100072.00053244035,0.0,84.50053244034655,0.0,84.50053244034655
2024-10-10,100063.17499136672,-8.819191209008537e-05,-8.825541073625587,0.0,-8.825541073625587
2024-10-11,100078.29667457979,0.0,15.121683213067243,0.0,15.121683213067243
2024-10-14,100090.01601496019,0.0,11.719340380397625,0.0,11.719340380397625
2024-10-15,100553.03496734821,0.0,463.0189523880296,0.0,463.0189523880296
2024-10-16,100530.30450995926,-0.000226054413935306,-9.881037806681633,12.84941958227157,-22.730457388953205
2024-10-17,100530.30450995926,-0.000226054413935306,0.0,0.0,0.0
2024-10-18,100530.30450995926,-0.000226054413935306,0.0,0.0,0.0
2024-10-21,100530.30450995926,-0.000226054413935306,0.0,0.0,0.0
2024-10-22,100530.30450995926,-0.000226054413935306,0.0,0.0,0.0
2024-10-23,100530.30450995926,-0.000226054413935306,0.0,0.0,0.0
2024-10-24,100517.80450995926,-0.00035036692229528654,0.0,12.5,-12.5
2024-10-25,100843.29108795658,0.0,325.48657799731876,0.0,325.48657799731876
2024-10-28,100697.1738971083,-0.00144895301682324,-146.1171908482815,0.0,-146.1171908482815
2024-10-29,100844.27889613896,0.0,147.10499903065994,0.0,147.10499903065994
2024-10-30,100858.61967580576,0.0,14.340779666809109,0.0,14.340779666809109
2024-10-31,101014.86870035174,0.0,156.24902454597924,0.0,156.24902454597924
2024-11-01,101253.10284652829,0.0,238.23414617654515,0.0,238.23414617654515
2024-11-04,101343.03533383025,0.0,89.93248730195614,0.0,89.93248730195614
2024-11-05,101278.10931420248,-0.0006406559603617801,-40.600163349030574,24.32585627874257,-64.92601962777314
2024-11-06,99851.85742954887,-0.014714162639488326,-1426.2518846536163,0.0,-1426.2518846536163
2024-11-07,100564.73205556923,-0.007679889157624298,712.8746260203675,0.0,712.8746260203675
2024-11-08,100826.50396673867,-0.005096861026414823,261.7719111694457,0.0,261.7719111694457
2024-11-11,100577.2595223029,-0.007556274676447483,-249.24444443576178,0.0,-249.24444443576178
2024-11-12,100342.58260620013,-0.009871943585808007,-234.6769161027879,0.0,-234.6769161027879
2024-11-13,100192.42692655277,-0.011353601197036434,-137.65567964734845,12.5,-150.15567964734845
2024-11-14,100337.38785132807,-0.009923202706426992,144.96092477528873,0.0,144.96092477528873
2024-11-15,100424.54495753792,-0.009063182025945582,87.15710620985448,0.0,87.15710620985448
2024-11-18,100273.57789332778,-0.010552845955122736,-150.9670642101465,0.0,-150.9670642101465
2024-11-19,100549.87356149832,-0.007826504995821493,276.295668170541,0.0,276.295668170541
2024-11-20,101056.98930906109,-0.00282255237201956,507.11574756276815,0.0,507.11574756276815
2024-11-21,100493.7521174952,-0.008380282014816887,-550.5915202397355,12.64567132614284,-563.2371915658783
2024-11-22,100377.55947370836,-0.009526810174389944,-116.19264378683536,0.0,-116.19264378683536
2024-11-25,100245.71277247259,-0.010827804374943129,-131.84670123577519,0.0,-131.84670123577519
2024-11-26,100815.59389260708,-0.0052045159244120676,569.8811201344905,0.0,569.8811201344905
2024-11-27,100741.28067915325,-0.005937799797438359,-61.81321345383938,12.5,-74.31321345383938
2024-11-29,100954.94244097182,-0.0038294974250576708,213.66176181857782,0.0,213.66176181857782
2024-12-02,101348.29507824822,0.0,393.3526372764016,0.0,393.3526372764016
2024-12-03,101555.96640934297,0.0,207.6713310947485,0.0,207.6713310947485
2024-12-04,101739.11568720869,0.0,183.1492778657148,0.0,183.1492778657148
2024-12-05,101800.22871050928,0.0,61.11302330059205,0.0,61.11302330059205
2024-12-06,102217.64583465921,0.0,429.3000961456069,11.882971995673557,417.41712414993333
2024-12-09,102017.60299897945,-0.001957028398045235,-187.5428356797553,12.500000000000002,-200.0428356797553
2024-12-10,102077.06686702439,-0.0013752906016072375,59.463868044939545,0.0,59.463868044939545
2024-12-11,101787.30719811503,-0.0042100229664873146,-289.7596689093606,0.0,-289.7596689093606
2024-12-12,101804.52365874198,-0.00404159352863076,17.2164606269383,0.0,17.2164606269383
2024-12-13,101999.9064425849,-0.002130154635203607,207.8827838429283,12.5,195.3827838429283
2024-12-16,101035.68156746932,-0.011563211591683165,-964.2248751155821,0.0,-964.2248751155821
2024-12-17,101617.4628233315,-0.00587161841213335,581.7812558621763,0.0,581.7812558621763
2024-12-18,102693.69451024293,0.0,1076.2316869114288,0.0,1076.2316869114288
2024-12-19,101462.34539355512,-0.011990503628876548,-1231.3491166878016,0.0,-1231.3491166878016
2024-12-20,100957.14776610553,-0.016909964651862786,-505.1976274496029,0.0,-505.1976274496029
2024-12-23,101582.305741219,-0.010822366205873402,625.1579751134819,0.0,625.1579751134819
2024-12-24,101640.50908064072,-0.010255599768076884,58.203339421720244,0.0,58.203339421720244
2024-12-26,101981.27097175557,-0.006937363991869061,340.7618911148459,0.0,340.7618911148459
2024-12-27,102144.21027040403,-0.005350710600679487,162.93929864846825,0.0,162.93929864846825
2024-12-30,102010.14032468606,-0.0066562430032029996,-134.06994571798242,0.0,-134.06994571798242
2024-12-31,101949.03724377355,-0.007251246242729215,-61.1030809124966,0.0,-61.1030809124966
2025-01-02,102422.81903403561,-0.0026377030985120786,473.7817902620531,0.0,473.7817902620531
2025-01-03,102108.19765910303,-0.0057013904693195006,-314.6213749325783,0.0,-314.6213749325783
2025-01-06,101106.97877742811,-0.01545095578050859,-1001.2188816749207,0.0,-1001.2188816749207
2025-01-07,100830.63035632412,-0.01814195275380792,-276.3484211039807,0.0,-276.3484211039807
2025-01-08,101507.79234920115,-0.011547954981047992,677.1619928770127,0.0,677.1619928770127
2025-01-10,101646.64796286219,-0.010195821197924726,138.8556136610406,0.0,138.8556136610406
2025-01-13,101627.01149449077,-0.01038703516159667,-19.6364683714159,0.0,-19.6364683714159
2025-01-14,100592.09269954692,-0.020464759990559966,-1034.9187949438397,0.0,-1034.9187949438397
2025-01-15,100570.12255729448,-0.020678698561542586,-21.970142252440354,0.0,-21.970142252440354
2025-01-16,100735.45905269026,-0.01906870199666788,165.3364953957701,0.0,165.3364953957701
2025-01-17,100268.9713425704,-0.023611217604316392,-466.4877101198569,0.0,-466.4877101198569
2025-01-21,100696.72085572786,-0.01944592279047752,427.74951315746864,0.0,427.74951315746864
2025-01-22,100927.61119646791,-0.017197582794130195,230.89034074004604,0.0,230.89034074004604
2025-01-23,101496.04084489691,-0.011662387559993381,568.4296484290003,0.0,568.4296484290003
2025-01-24,101730.20030852433,-0.009382213838090125,234.15946362741576,0.0,234.15946362741576
2025-01-27,102835.80153876738,0.0,1105.6012302430433,0.0,1105.6012302430433
2025-01-28,102552.44376972663,-0.0027554389113594313,-283.35776904074135,0.0,-283.35776904074135
2025-01-29,102078.4486549615,-0.007364681098152137,-473.9951147651417,0.0,-473.9951147651417
2025-01-30,102262.44223565572,-0.00557548338742242,183.99358069423286,0.0,183.99358069423286
2025-01-31,102116.61346861429,-0.006993557296113173,-145.8287670414381,0.0,-145.8287670414381
2025-02-03,103219.62616715155,0.0,1103.0126985372708,0.0,1103.0126985372708
2025-02-04,103373.34575073373,0.0,179.15490215867436,25.43531857650804,153.71958358216634
2025-02-05,103415.1010197872,0.0,54.661144925415954,12.9058758719438,41.75526905347215
2025-02-06,103248.55455282646,-0.0016104656410755869,-166.546466960736,0.0,-166.546466960736
2025-02-07,103395.81738288741,-0.00018646828857316056,147.26283006095935,0.0,147.26283006095935
2025-02-10,103277.60566373616,-0.0013295481481444549,-118.21171915125095,0.0,-118.21171915125095
2025-02-11,103325.35821553062,-0.0008677920668413996,47.752551794457816,0.0,47.752551794457816
2025-02-12,103696.97038642639,0.0,371.61217089575985,0.0,371.61217089575985
2025-02-13,103141.46073082171,-0.005357048075122828,-555.5096556046697,0.0,-555.5096556046697
2025-02-14,102638.41736393643,-0.010208138372271303,-503.0433668852777,0.0,-503.0433668852777
2025-02-18,103196.5438680067,-0.0048258547627269,558.1265040702564,0.0,558.1265040702564
2025-02-19,103543.58431003446,-0.00147917606291037,347.0404420277756,0.0,347.0404420277756
2025-02-20,103456.59314311417,-0.0023180739265231676,-74.14524417616752,12.845922744135027,-86.99116692030255
2025-02-21,103111.21415218464,-0.005648730450455108,-345.3789909295364,0.0,-345.3789909295364
2025-02-24,102857.6428277052,-0.008094041278095543,-253.5713244794329,0.0,-253.5713244794329
2025-02-25,102793.67299190599,-0.00871093331998285,-63.969835799210756,0.0,-63.969835799210756
2025-02-26,102833.15985203825,-0.008330142444558875,39.48686013227223,0.0,39.48686013227223
2025-02-27,102936.03467610043,-0.0073380707988895955,102.87482406216787,0.0,102.87482406216787
2025-02-28,102735.79146174976,-0.009269112888204867,-200.24321435067017,0.0,-200.24321435067017
2025-03-03,102399.62442005705,-0.012510934133704965,-336.16704169270304,0.0,-336.16704169270304
2025-03-04,102648.76568956414,-0.010108344467115282,261.6412695070924,12.5,249.14126950709237
2025-03-05,103012.24207173794,-0.006603166053326448,363.47638217379483,0.0,363.47638217379483
2025-03-06,103554.46311049072,-0.001374266532615298,542.221038752775,0.0,542.221038752775
2025-03-07,104361.55026622803,0.0,807.0871557373109,0.0,807.0871557373109
2025-03-10,104695.73045675151,0.0,334.180190523478,0.0,334.180190523478
2025-03-11,104556.73549173921,-0.0013276087229718847,-113.99496501229248,25.0,-138.99496501229248
2025-03-12,104721.93920544174,0.0,165.20371370252136,0.0,165.20371370252136
2025-03-13,103045.53118898337,-0.016008183473088855,-1676.40801645837,0.0,-1676.40801645837
2025-03-14,103118.88310732212,-0.015307738858566844,73.35191833875598,0.0,73.35191833875598
2025-03-17,102793.30412998862,-0.01841672423263241,-325.5789773335,0.0,-325.5789773335
2025-03-18,101735.53207775805,-0.02851749261274672,-1057.7720522305704,0.0,-1057.7720522305704
2025-03-19,102049.750643805,-0.025516988912843597,314.2185660469522,0.0,314.2185660469522
2025-03-20,101274.27497343544,-0.032922081639862766,-775.4756703695559,0.0,-775.4756703695559
2025-03-21,101397.11563031345,-0.03174906423959267,122.8406568780008,0.0,122.8406568780008
2025-03-24,101604.4773146353,-0.029768947313806526,207.3616843218551,0.0,207.3616843218551
2025-03-25,102119.61462098513,-0.02484985098825776,515.1373063498222,0.0,515.1373063498222
2025-03-26,101679.3417921128,-0.0290540591247076,-440.272828872327,0.0,-440.272828872327
2025-03-27,101073.13222733865,-0.03484281331865835,-606.2095647741562,0.0,-606.2095647741562
2025-03-28,100028.5843121205,-0.04481730312608034,-1044.5479152181388,0.0,-1044.5479152181388
2025-03-31,99241.62935877248,-0.05233201264462917,-786.9549533480294,0.0,-786.9549533480294
2025-04-01,100016.7184599314,-0.0449306113046638,775.0891011589347,0.0,775.0891011589347
2025-04-02,100353.31890530013,-0.04171638085856422,336.600445368725,0.0,336.600445368725
2025-04-03,98779.32246953699,-0.05674662617015358,-1573.9964357631484,0.0,-1573.9964357631484
2025-04-04,101138.17661750861,-0.034221698099980435,2358.8541479716205,0.0,2358.8541479716205
2025-04-07,102772.69371164119,-0.018613535125400538,1644.7770805122232,10.25998637964137,1634.5170941325819
2025-04-08,102581.44919910241,-0.02043974760761591,-178.7445125387788,12.5,-191.2445125387788
2025-04-09,105594.57962340827,0.0,3013.130424305861,0.0,3013.130424305861
2025-04-10,102902.91374656775,-0.025490568611003073,-2691.665876840521,0.0,-2691.665876840521
2025-04-11,102529.92069333288,-0.02902288110815121,-372.9930532348691,0.0,-372.9930532348691
2025-04-14,102255.90101909533,-0.031617897587357,-274.0196742375605,0.0,-274.0196742375605
2025-04-15,102184.11672454013,-0.032297707998186875,-71.78429455518634,0.0,-71.78429455518634
2025-04-16,101401.29184180126,-0.03971120294774522,-782.8248827388835,0.0,-782.8248827388835
2025-04-17,104334.35077039426,-0.011934597945353564,2933.0589285930064,0.0,2933.0589285930064
2025-04-21,103936.72413036053,-0.015700195019103247,-383.79923271161226,13.827407322113215,-397.6266400337255
2025-04-22,103999.7289922822,-0.015103527442544284,63.0048619216596,0.0,63.0048619216596
2025-04-23,104836.36126975973,-0.007180466614409964,836.6322774775355,0.0,836.6322774775355
2025-04-24,105102.1790229927,-0.004663123828625104,265.8177532329737,0.0,265.8177532329737
2025-04-25,105354.03553774163,-0.002277996527137227,251.8565147489297,0.0,251.8565147489297
2025-04-28,105558.62009840862,-0.0003405432847773948,204.5845606669932,0.0,204.5845606669932
2025-04-29,104693.2313424435,-0.008535933228574155,-865.388755965123,0.0,-865.388755965123
2025-04-30,103830.69452461126,-0.016704314796154418,-862.5368178322401,0.0,-862.5368178322401
2025-05-01,104409.21416173929,-0.011225627924240533,578.5196371280256,0.0,578.5196371280256
2025-05-02,104207.44431742854,-0.01313642528742287,-187.67480062667636,14.095043684073968,-201.76984431075033
2025-05-05,103270.1253971252,-0.02201300705559872,-937.318920303336,0.0,-937.318920303336
2025-05-06,102880.62768458776,-0.02570162169781376,-389.4977125374421,0.0,-389.4977125374421
2025-05-07,102990.09848471617,-0.024664913180020176,109.47080012841893,0.0,109.47080012841893
2025-05-08,104199.71032954106,-0.013209667568561345,1209.611844824885,0.0,1209.611844824885
2025-05-09,103510.80224104247,-0.019733753283524225,-688.9080884985858,0.0,-688.9080884985858
2025-05-12,105895.2952842662,0.0,2384.493043223738,0.0,2384.493043223738
2025-05-13,106300.81524040423,0.0,405.51995613802353,0.0,405.51995613802353
2025-05-14,107413.76001071141,0.0,1112.944770307172,0.0,1112.944770307172
2025-05-15,106314.25017708354,-0.010236210272484891,-1073.2066763167454,26.303157311129358,-1099.5098336278747
2025-05-16,106314.25017708354,-0.010236210272484891,0.0,0.0,0.0
2025-05-19,106314.25017708354,-0.010236210272484891,0.0,0.0,0.0
2025-05-20,106314.25017708354,-0.010236210272484891,0.0,0.0,0.0
2025-05-21,106314.25017708354,-0.010236210272484891,0.0,0.0,0.0
2025-05-22,106314.25017708354,-0.010236210272484891,0.0,0.0,0.0
2025-05-23,106314.25017708354,-0.010236210272484891,0.0,0.0,0.0
2025-05-27,106314.25017708354,-0.010236210272484891,0.0,0.0,0.0
2025-05-28,106314.25017708354,-0.010236210272484891,0.0,0.0,0.0
2025-05-29,106314.25017708354,-0.010236210272484891,0.0,0.0,0.0
2025-05-30,106314.25017708354,-0.010236210272484891,0.0,0.0,0.0
2025-06-02,106314.25017708354,-0.010236210272484891,0.0,0.0,0.0
2025-06-03,106314.25017708354,-0.010236210272484891,0.0,0.0,0.0
2025-06-04,106314.25017708354,-0.010236210272484891,0.0,0.0,0.0
2025-06-05,106314.25017708354,-0.010236210272484891,0.0,0.0,0.0
2025-06-06,106314.25017708354,-0.010236210272484891,0.0,0.0,0.0
2025-06-09,106314.25017708354,-0.010236210272484891,0.0,0.0,0.0
2025-06-10,106314.25017708354,-0.010236210272484891,0.0,0.0,0.0
2025-06-11,106314.25017708354,-0.010236210272484891,0.0,0.0,0.0
2025-06-12,106314.25017708354,-0.010236210272484891,0.0,0.0,0.0
2025-06-13,106314.25017708354,-0.010236210272484891,0.0,0.0,0.0
2025-06-16,106314.25017708354,-0.010236210272484891,0.0,0.0,0.0
2025-06-17,106314.25017708354,-0.010236210272484891,0.0,0.0,0.0
2025-06-18,106314.25017708354,-0.010236210272484891,0.0,0.0,0.0
2025-06-20,106314.25017708354,-0.010236210272484891,0.0,0.0,0.0
2025-06-23,106314.25017708354,-0.010236210272484891,0.0,0.0,0.0
2025-06-24,106314.25017708354,-0.010236210272484891,0.0,0.0,0.0
2025-06-25,106314.25017708354,-0.010236210272484891,0.0,0.0,0.0
2025-06-26,106314.25017708354,-0.010236210272484891,0.0,0.0,0.0
2025-06-27,106314.25017708354,-0.010236210272484891,0.0,0.0,0.0
2025-06-30,106314.25017708354,-0.010236210272484891,0.0,0.0,0.0
2025-07-01,106314.25017708354,-0.010236210272484891,0.0,0.0,0.0
2025-07-02,106314.25017708354,-0.010236210272484891,0.0,0.0,0.0
2025-07-03,106314.25017708354,-0.010236210272484891,0.0,0.0,0.0
2025-07-07,106314.25017708354,-0.010236210272484891,0.0,0.0,0.0
2025-07-08,106314.25017708354,-0.010236210272484891,0.0,0.0,0.0
2025-07-09,106314.25017708354,-0.010236210272484891,0.0,0.0,0.0
2025-07-10,106314.25017708354,-0.010236210272484891,0.0,0.0,0.0
2025-07-11,106314.25017708354,-0.010236210272484891,0.0,0.0,0.0
2025-07-14,106314.25017708354,-0.010236210272484891,0.0,0.0,0.0
2025-07-15,106314.25017708354,-0.010236210272484891,0.0,0.0,0.0
2025-07-16,106314.25017708354,-0.010236210272484891,0.0,0.0,0.0
2025-07-17,106314.25017708354,-0.010236210272484891,0.0,0.0,0.0
2025-07-18,106314.25017708354,-0.010236210272484891,0.0,0.0,0.0
2025-07-21,106314.25017708354,-0.010236210272484891,0.0,0.0,0.0
2025-07-22,106314.25017708354,-0.010236210272484891,0.0,0.0,0.0
2025-07-23,106314.25017708354,-0.010236210272484891,0.0,0.0,0.0
2025-07-24,106314.25017708354,-0.010236210272484891,0.0,0.0,0.0
2025-07-25,106301.75017708354,-0.010352582699990953,0.0,12.500000000000002,-12.500000000000002
2025-07-28,106606.11497097224,-0.007519009107014196,304.36479388870947,0.0,304.36479388870947
2025-07-29,106696.56429016432,-0.006676944559761977,90.4493191920698,0.0,90.4493191920698
2025-07-30,106646.51273267154,-0.007142914259433364,-50.051557492761475,0.0,-50.051557492761475
2025-07-31,106553.64520496342,-0.008007491830303803,-92.86752770812012,0.0,-92.86752770812012
2025-08-01,105980.489863657,-0.013343450102775378,-573.1553413064288,0.0,-573.1553413064288
2025-08-04,105805.57635529389,-0.014971858868520704,-174.9135083631225,0.0,-174.9135083631225
2025-08-05,105949.12900758535,-0.0136354132187535,143.55265229146167,0.0,143.55265229146167
2025-08-06,106073.17252849316,-0.012480593567198217,124.04352090782152,0.0,124.04352090782152
2025-08-07,106438.93772262306,-0.009075394884148436,365.7651941298893,0.0,365.7651941298893
2025-08-08,105930.51186486108,-0.013808734986117455,-495.9258577619713,12.500000000000002,-508.4258577619713
2025-08-11,106104.26069205422,-0.012191169162373727,173.74882719312944,0.0,173.74882719312944
2025-08-12,106830.87496827394,-0.005426539787633744,739.1142762197297,12.5,726.6142762197297
2025-08-13,108252.03415870553,0.0,1421.1591904315972,0.0,1421.1591904315972
2025-08-14,109167.04029033957,0.0,915.0061316340364,0.0,915.0061316340364
2025-08-15,109255.45301650121,0.0,88.41272616163974,0.0,88.41272616163974
2025-08-18,109436.63691341935,0.0,181.18389691813917,0.0,181.18389691813917
2025-08-19,109760.42218464665,0.0,323.7852712272959,0.0,323.7852712272959
2025-08-20,108916.11093245092,-0.0076923105377216805,-844.3112521957287,0.0,-844.3112521957287
2025-08-21,109330.15070544493,-0.0039200967947981,414.03977299401663,0.0,414.03977299401663
2025-08-22,110362.863440194,0.0,1032.7127347490698,0.0,1032.7127347490698
2025-08-25,109153.40179959276,-0.010958954877576699,-1209.4616406012433,0.0,-1209.4616406012433
2025-08-26,111522.17329329714,0.0,2368.771493704377,0.0,2368.771493704377
2025-08-27,112242.66570986462,0.0,732.8052595707524,12.312843003260692,720.4924165674917
2025-08-28,112363.84944714805,0.0,121.18373728342249,0.0,121.18373728342249
2025-08-29,112297.9479280843,-0.0005865010800893966,-53.61792314836853,12.283595915391514,-65.90151906376005
2025-09-02,112371.59549172087,0.0,73.64756363657578,0.0,73.64756363657578
2025-09-03,112415.588740737,0.0,43.993249016142705,0.0,43.993249016142705
2025-09-04,112643.31565867117,0.0,227.72691793415555,0.0,227.72691793415555
2025-09-05,112080.96971078939,-0.004992270909228047,-562.34594788178,0.0,-562.34594788178
2025-09-08,112486.55826520444,-0.001391626236764254,405.58855441506023,0.0,405.58855441506023
2025-09-09,112913.69250910316,0.0,427.13424389870676,0.0,427.13424389870676
2025-09-10,113084.53168530797,0.0,170.83917620481725,0.0,170.83917620481725
2025-09-11,113193.54382747463,0.0,123.99558717952644,14.983445012872224,109.01214216665421
2025-09-12,113193.54382747463,0.0,0.0,0.0,0.0
2025-09-15,113193.54382747463,0.0,0.0,0.0,0.0
2025-09-16,113193.54382747463,0.0,0.0,0.0,0.0
2025-09-17,113181.04382747463,-0.00011043032647739537,0.0,12.5,-12.5
2025-09-18,113167.7207285506,-0.00022813225958706607,-13.323098924029992,0.0,-13.323098924029992
2025-09-19,113163.61878331559,-0.0002643705917065864,-4.1019452350099215,0.0,-4.1019452350099215
2025-09-22,113226.46379131296,0.0,62.845007997374246,0.0,62.845007997374246
2025-09-23,113705.03477538298,0.0,478.57098407001985,0.0,478.57098407001985
2025-09-24,113771.26606844105,0.0,66.23129305807662,0.0,66.23129305807662
2025-09-25,113657.77937289432,-0.0009974987487478826,-113.48669554673344,0.0,-113.48669554673344
2025-09-26,113974.13521748474,0.0,316.35584459041456,0.0,316.35584459041456
2025-09-29,113955.18314750954,-0.00016628395503104354,-18.952069975198775,0.0,-18.952069975198775
2025-09-30,114184.98056555803,0.0,229.79741804848928,0.0,229.79741804848928
2025-10-01,113591.90503404815,-0.0051939889867509415,-593.0755315098762,0.0,-593.0755315098762
2025-10-02,113457.57972550036,-0.006370372324406071,-134.3253085477939,0.0,-134.3253085477939
2025-10-03,113745.85227762938,-0.003845762251336704,288.27255212902526,0.0,288.27255212902526
2025-10-06,113863.5716336149,-0.0028148091837576494,117.71935598551809,0.0,117.71935598551809
2025-10-07,114034.76261449413,-0.0013155666386233111,183.6909808792351,12.500000000000002,171.1909808792351
2025-10-08,114192.3445544624,0.0,157.58193996826498,0.0,157.58193996826498
2025-10-09,113927.81405664506,-0.0023165344301270263,-251.45086919573762,13.07962862159698,-264.5304978173346
2025-10-10,114569.81749121437,0.0,642.0034345693065,0.0,642.0034345693065
2025-10-13,114949.8936724462,0.0,380.07618123182016,0.0,380.07618123182016
2025-10-14,115104.22690884442,0.0,154.33323639822888,0.0,154.33323639822888
2025-10-15,114713.48886105843,-0.0033946455163234024,-390.73804778597963,0.0,-390.73804778597963
2025-10-16,114911.24469190487,-0.0016765867086043773,197.75583084642838,0.0,197.75583084642838
2025-10-17,115372.71079734855,0.0,461.46610544369287,0.0,461.46610544369287
2025-10-20,115148.66139069112,-0.0019419618825717855,-224.0494066574454,0.0,-224.0494066574454
2025-10-21,115356.93856174429,-0.00013670681303457055,208.27717105316745,0.0,208.27717105316745
2025-10-22,115006.79244816094,-0.003171619585417784,-350.14611358333855,0.0,-350.14611358333855
2025-10-23,114780.21679195725,-0.0051354778898453635,-226.57565620368976,0.0,-226.57565620368976
2025-10-24,114644.56139478597,-0.0063112793097284126,-135.65539717128414,0.0,-135.65539717128414
2025-10-27,114599.05416223292,-0.006705716020442343,-45.50723255304746,0.0,-45.50723255304746
2025-10-28,114810.1473014515,-0.00487605337526642,211.09313921858416,0.0,211.09313921858416
2025-10-29,115009.04524308316,-0.0031520933481763436,198.8979416316541,0.0,198.8979416316541
2025-10-30,114150.97747664172,-0.010589447992192857,-858.0677664414383,0.0,-858.0677664414383
2025-10-31,113658.16022167553,-0.014860971574852111,-492.8172549661992,0.0,-492.8172549661992
2025-11-03,112757.8396451613,-0.022664555024456967,-900.3205765142359,0.0,-900.3205765142359
2025-11-04,112486.7337866355,-0.025014381570545363,-271.1058585257995,0.0,-271.1058585257995
2025-11-05,111891.6952406197,-0.03017191442128153,-595.0385460157909,0.0,-595.0385460157909
2025-11-06,111624.07980639413,-0.032491487502091077,-267.61543422556747,0.0,-267.61543422556747
2025-11-07,111972.64914305143,-0.029470241539780728,348.5693366572932,0.0,348.5693366572932
2025-11-10,110812.5152672823,-0.03952577258998624,-1160.1338757691285,0.0,-1160.1338757691285
2025-11-11,110231.81601750445,-0.04455901871694823,-580.6992497778472,0.0,-580.6992497778472
2025-11-12,109419.66184076238,-0.05159841452492753,-812.1541767420769,0.0,-812.1541767420769
2025-11-13,109319.79768951132,-0.052463993140190124,-99.86415125105032,0.0,-99.86415125105032
2025-11-14,109207.43553531833,-0.053437898957401475,-87.36215419299492,25.0,-112.36215419299492
2025-11-17,109224.25710527526,-0.05329209697493387,16.821569956924336,0.0,16.821569956924336
2025-11-18,108788.6143304922,-0.05706805726721009,-435.6427747830541,0.0,-435.6427747830541
2025-11-19,108906.177488855,-0.05604907142948201,117.56315836280453,0.0,117.56315836280453
2025-11-20,108783.34282673859,-0.05711374834716454,-122.8346621164149,0.0,-122.8346621164149
2025-11-21,109151.37429426001,-0.05392381317984529,368.03146752141515,0.0,368.03146752141515
2025-11-24,108620.93564810167,-0.058521422462772255,-530.4386461583268,0.0,-530.4386461583268
2025-11-25,107538.64672942438,-0.06790222760462539,-1082.2889186772954,0.0,-1082.2889186772954
2025-11-26,107645.63514370215,-0.066974899005528,106.98841427777386,0.0,106.98841427777386
2025-11-28,108342.44197866005,-0.060935283310081245,696.806834957892,0.0,696.806834957892
2025-12-01,109151.87274203855,-0.05391949285335651,809.4307633785027,0.0,809.4307633785027
2025-12-02,109592.62300793536,-0.05009926307067436,440.75026589679925,0.0,440.75026589679925
2025-12-03,110001.40960144649,-0.046556080365804386,408.78659351113595,0.0,408.78659351113595
2025-12-04,110067.05260721457,-0.04598711561396296,65.6430057680804,0.0,65.6430057680804
2025-12-05,110365.80896777369,-0.0433976266568743,298.7563605591266,0.0,298.7563605591266
2025-12-08,110573.42181646745,-0.04159812964186149,207.61284869376877,0.0,207.61284869376877
2025-12-09,110963.54579882746,-0.03821670625617668,390.1239823599949,0.0,390.1239823599949
2025-12-10,111256.76846384804,-0.03567518094231259,293.2226650205836,0.0,293.2226650205836
2025-12-11,110850.62362318976,-0.03919546609337987,-393.800189564599,12.3446510936734,-406.1448406582724
2025-12-12,110323.67627496584,-0.04376281433875051,-526.9473482239314,0.0,-526.9473482239314
2025-12-15,109923.81332118183,-0.047228650852606524,-399.8629537840053,0.0,-399.8629537840053
2025-12-16,110000.81565889559,-0.046561228399050636,89.46529488407654,12.462957170313064,77.00233771376347
2025-12-17,110353.44910635444,-0.04350475650875896,352.63344745885047,0.0,352.63344745885047
2025-12-18,109943.4380079816,-0.047058552684121624,-410.01109837283576,0.0,-410.01109837283576
2025-12-19,109514.9365049029,-0.050772615568813295,-428.5015030786992,0.0,-428.5015030786992
2025-12-22,109351.52133065836,-0.05218902654776292,-163.41517424454884,0.0,-163.41517424454884
2025-12-23,109506.37003936396,-0.05084686593079002,154.84870870559502,0.0,154.84870870559502
2025-12-24,109364.6730692358,-0.05207503305236405,-141.69697012816258,0.0,-141.69697012816258
2025-12-26,109337.83960785695,-0.05230761371371273,-26.833461378835715,0.0,-26.833461378835715
2025-12-29,109318.26122753181,-0.052477310518007525,-19.57838032514448,0.0,-19.57838032514448
2025-12-30,109300.27210178334,-0.05263323236143269,-17.989125748469597,0.0,-17.989125748469597
2025-12-31,109468.84266586954,-0.05117213672693466,168.57056408619627,0.0,168.57056408619627
2026-01-02,109271.20928564505,-0.052885136090983886,-197.63338022448664,0.0,-197.63338022448664
2026-01-05,110290.15229163048,-0.04405338550678206,1034.3490016478556,15.4059956624199,1018.9430059854358
2026-01-06,110290.15229163048,-0.04405338550678206,0.0,0.0,0.0
2026-01-07,110290.15229163048,-0.04405338550678206,0.0,0.0,0.0
2026-01-08,110290.15229163048,-0.04405338550678206,0.0,0.0,0.0
2026-01-09,110290.15229163048,-0.04405338550678206,0.0,0.0,0.0
2026-01-12,110290.15229163048,-0.04405338550678206,0.0,0.0,0.0
2026-01-13,110290.15229163048,-0.04405338550678206,0.0,0.0,0.0
2026-01-14,110277.65229163048,-0.04416173001835344,0.0,12.5,-12.5
2026-01-15,110148.07514635834,-0.045284847819578866,-117.07714527214668,12.500000000000002,-129.57714527214668
2026-01-16,109692.8489915234,-0.049230548251586126,-455.22615483494405,0.0,-455.22615483494405
2026-01-20,109407.72123428046,-0.051701910459099554,-285.1277572429427,0.0,-285.1277572429427
2026-01-21,109681.05316193264,-0.04933278932323326,273.3319276521895,0.0,273.3319276521895
2026-01-22,109527.23827662955,-0.05066598921287846,-153.81488530309105,0.0,-153.81488530309105
2026-01-23,109412.8201818459,-0.05165771502041894,-114.41809478364362,0.0,-114.41809478364362
2026-01-26,109669.15241387405,-0.0494359397820926,256.3322320281361,0.0,256.3322320281361
2026-01-27,109629.3910055454,-0.04978057421127302,-39.76140832864286,0.0,-39.76140832864286
2026-01-28,109885.45152509885,-0.04756115405737538,256.06051955344435,0.0,256.06051955344435
2026-01-29,109624.7477447112,-0.04982081995744736,-260.70378038763954,0.0,-260.70378038763954
2026-01-30,109468.08935355277,-0.051178666107336346,-156.65839115843545,0.0,-156.65839115843545
2026-02-02,109987.30893293009,-0.04667829876926355,519.2195793773143,0.0,519.2195793773143
2026-02-03,109026.23822781125,-0.05500843765979324,-961.0707051188408,0.0,-961.0707051188408
2026-02-04,108901.18773491765,-0.056092320425738196,-125.05049289360267,0.0,-125.05049289360267
2026-02-05,108464.27494139234,-0.05987928868283965,-436.91279352530216,0.0,-436.91279352530216
2026-02-06,108967.06343695972,-0.05552133876476484,502.78849556738794,0.0,502.78849556738794
2026-02-09,108446.91011807181,-0.06002979934693453,-520.1533188879146,0.0,-520.1533188879146
2026-02-10,108749.09335254907,-0.05741060775137574,302.18323447725834,0.0,302.18323447725834
2026-02-11,108768.44880518215,-0.0572428431864338,19.355452633076652,0.0,19.355452633076652
2026-02-12,108178.95458637047,-0.062352320243336146,-589.4942188116811,0.0,-589.4942188116811
2026-02-13,107345.37653817044,-0.0695774087624419,-833.5780482000259,0.0,-833.5780482000259
2026-02-17,106690.42645609722,-0.07525422850210839,-654.9500820732184,0.0,-654.9500820732184
2026-02-18,106820.18079382973,-0.07412957487443705,129.75433773249722,0.0,129.75433773249722
2026-02-19,106567.12402070177,-0.07632295987318649,-253.0567731279509,0.0,-253.0567731279509
2026-02-20,106926.4783748383,-0.07320823411478994,359.3543541365403,0.0,359.3543541365403
2026-02-23,106228.30251428523,-0.07925971592299175,-698.1758605530847,0.0,-698.1758605530847
2026-02-24,106207.00817555432,-0.07944428590131447,-21.29433873090167,0.0,-21.29433873090167
2026-02-25,106352.99422732074,-0.07817894290332561,158.48605176641212,12.5,145.98605176641212
2026-02-26,106529.00903787038,-0.07665332380905987,176.01481054963978,0.0,176.01481054963978
2026-02-27,104716.72652618834,-0.0923613928936573,-1812.2825116820395,0.0,-1812.2825116820395
2026-03-02,104622.43292800892,-0.0931786884007817,-94.29359817942618,0.0,-94.29359817942618
2026-03-03,103798.69858929928,-0.10031845596814448,-823.734338709637,0.0,-823.734338709637
2026-03-04,104216.06263512516,-0.09670092767274907,417.36404582588744,0.0,417.36404582588744
2026-03-05,105098.62784980566,-0.08905123990359609,882.5652146804957,0.0,882.5652146804957
2026-03-06,103867.18225279958,-0.09972486964233995,-1231.4455970060806,0.0,-1231.4455970060806
2026-03-09,104422.10096420863,-0.09491507790238718,554.918711409048,0.0,554.918711409048
2026-03-10,106112.55905638503,-0.0802629293960937,1690.4580921764064,0.0,1690.4580921764064
2026-03-11,106240.49234428818,-0.07915405982876711,127.93328790315232,0.0,127.93328790315232
2026-03-12,104925.10386628157,-0.09055526960286253,-1315.3884780066096,0.0,-1315.3884780066096
2026-03-13,104434.65107675931,-0.0948062990372297,-490.4527895222672,0.0,-490.4527895222672
2026-03-16,104283.57574457063,-0.09611575368334657,-151.07533218868278,0.0,-151.07533218868278
2026-03-17,104561.44174910412,-0.09370733315986968,277.8660045334982,0.0,277.8660045334982
2026-03-18,105313.70167793272,-0.08718707439477968,752.2599288286071,0.0,752.2599288286071
2026-03-19,106157.326732816,-0.07987490283312593,843.6250548832711,0.0,843.6250548832711
2026-03-20,106526.1735079226,-0.07667790093763882,368.84677510659833,0.0,368.84677510659833
2026-03-23,107424.08589581438,-0.06889519060963978,897.9123878917849,0.0,897.9123878917849
2026-03-24,106938.30626933239,-0.07310571511863961,-485.77962648200037,0.0,-485.77962648200037
2026-03-25,107793.91997481306,-0.06568963119751592,855.6137054806795,0.0,855.6137054806795
2026-03-26,106993.1775527364,-0.07263011492666371,-800.7424220766683,0.0,-800.7424220766683
2026-03-27,107500.21611276816,-0.06823532731590554,507.03856003175815,0.0,507.03856003175815
2026-03-30,106073.22836285397,-0.0806038305785245,-1426.9877499141771,0.0,-1426.9877499141771
2026-03-31,106641.0491068242,-0.07568220968528216,567.8207439702221,0.0,567.8207439702221
2026-04-01,106677.44588157645,-0.07536673842261776,36.396774752258324,0.0,36.396774752258324
2026-04-02,104992.35286912386,-0.08997238477353386,-1685.0930124525908,0.0,-1685.0930124525908
2026-04-06,104454.67149183988,-0.09463277086976085,-537.6813772839864,0.0,-537.6813772839864
2026-04-07,104322.4692307458,-0.09577864202231001,-132.20226109406997,0.0,-132.20226109406997
2026-04-08,105166.44847101482,-0.08846340053724633,843.9792402690126,0.0,843.9792402690126
2026-04-09,105370.73684419916,-0.0866927186162576,204.28837318432755,0.0,204.28837318432755
2026-04-10,105600.77744735793,-0.08469882767299242,230.04060315877786,0.0,230.04060315877786
2026-04-13,105547.99069965887,-0.08515636002474403,-52.78674769905365,0.0,-52.78674769905365
2026-04-14,105765.13809257442,-0.08327422176679011,243.53359063129227,26.386197715751273,217.14739291554105
2026-04-15,105714.12991376514,-0.0837163382643289,-37.48339433898633,13.524784470295987,-51.0081788092823
2026-04-16,105442.6595435716,-0.08606932423750557,-271.47037019353803,0.0,-271.47037019353803
2026-04-17,106413.38339481977,-0.07765551611477506,970.723851248175,0.0,970.723851248175
2026-04-20,105940.13802364722,-0.08175739920222203,-459.90404737277566,13.34132379977177,-473.24537117254744
2026-04-21,105907.91348033465,-0.08203670739468671,-32.22454331257032,0.0,-32.22454331257032
2026-04-22,106254.4379280991,-0.07903318563144146,346.52444776443735,0.0,346.52444776443735
2026-04-23,106037.32497293624,-0.08091502539807582,-217.11295516285006,0.0,-217.11295516285006
2026-04-24,105561.61706900396,-0.08503825263824927,-475.7079039322877,0.0,-475.7079039322877
2026-04-27,105322.19524548174,-0.08711345588057207,-239.42182352222235,0.0,-239.42182352222235
2026-04-28,106131.9659409931,-0.080094719041375,809.7706955113739,0.0,809.7706955113739
2026-04-29,105953.37534458721,-0.08164266391648145,-178.59059640588927,0.0,-178.59059640588927
2026-04-30,107060.29930169847,-0.07204833307809488,1106.9239571112564,0.0,1106.9239571112564
2026-05-01,107712.38994931329,-0.06639629766080968,664.590647614817,12.5,652.090647614817
2026-05-04,108126.52439779525,-0.06280676209715819,438.9218454790346,24.78739699707625,414.1344484819583
2026-05-05,107946.52702097369,-0.06436690032722647,-167.4973768215494,12.5,-179.9973768215494
2026-05-06,108850.70016642488,-0.05652992450164007,904.1731454511772,0.0,904.1731454511772
2026-05-07,109568.06098194726,-0.05031215592738503,717.3608155223812,0.0,717.3608155223812
2026-05-08,108790.52750541276,-0.05705147470702465,-777.5334765344953,0.0,-777.5334765344953
2026-05-11,108564.02029762614,-0.059014739730626986,-226.5072077866281,0.0,-226.5072077866281
2026-05-12,108203.48284548997,-0.06213972006301638,-360.5374521361569,0.0,-360.5374521361569
2026-05-13,107189.27779191748,-0.07093040415601592,-1014.2050535724923,0.0,-1014.2050535724923
2026-05-14,107843.23730760251,-0.06526217021087,653.9595156850282,0.0,653.9595156850282
2026-05-15,107639.50422144,-0.0670280391477659,-203.73308616250307,0.0,-203.73308616250307
2026-05-18,107559.67757509183,-0.06771994146848359,-79.82664634818062,0.0,-79.82664634818062
2026-05-19,107351.85256464942,-0.06952127740837877,-207.82501044240206,0.0,-207.82501044240206
2026-05-20,108502.60433335096,-0.059547066342793054,1150.7517687015331,0.0,1150.7517687015331
2026-05-21,108917.42298048563,-0.055951600445633964,414.81864713466587,0.0,414.81864713466587
2026-05-22,108249.80018113699,-0.06173826173437935,-655.1227993486269,12.5,-667.6227993486269
2026-05-26,109105.61203010484,-0.054320460392508596,855.8118489678419,0.0,855.8118489678419
2026-05-27,110231.17519670671,-0.044564573070255076,1125.5631666018778,0.0,1125.5631666018778
2026-05-28,110266.83545549898,-0.04425548560454662,35.6602587922651,0.0,35.6602587922651
2026-05-29,110581.39705812083,-0.041529003748933646,314.561602621842,0.0,314.561602621842
2026-06-01,113840.20244596474,-0.013283109504774182,3258.8053878439173,0.0,3258.8053878439173
2026-06-02,116632.32990616914,0.0,2827.5356589143075,35.4081987099088,2792.127460204399
2026-06-03,116594.30405351656,-0.0003260318359683545,-25.52585265256573,12.5,-38.02585265256573
2026-06-04,116447.62305370675,-0.0015836676898334234,-146.68099980983044,0.0,-146.68099980983044
2026-06-05,115907.36848684643,-0.006215784421917503,-540.2545668603118,0.0,-540.2545668603118
2026-06-08,115711.51605879584,-0.007895013742022394,-195.85242805059434,0.0,-195.85242805059434
2026-06-09,116435.97938681702,-0.0016834999310232357,724.4633280211931,0.0,724.4633280211931
2026-06-10,116556.01173627665,-0.000654348326522225,120.03234945960787,0.0,120.03234945960787
2026-06-11,116171.37972962657,-0.003952164694929761,-384.63200665006883,0.0,-384.63200665006883
2026-06-12,116391.30501006119,-0.002066535893622712,219.9252804346154,0.0,219.9252804346154
2026-06-15,116471.76492310889,-0.0013766764600298131,80.45991304769802,0.0,80.45991304769802
2026-06-16,115090.92554587187,-0.013215927020726825,-1380.8393772370184,0.0,-1380.8393772370184
2026-06-17,114283.26529098461,-0.02014076729046188,-795.1602548872563,12.5,-807.6602548872563
2026-06-18,114042.61928590335,-0.02220405459060293,-240.64600508126273,0.0,-240.64600508126273
2026-06-22,115087.90913775968,-0.013241789559138128,1045.2898518563252,0.0,1045.2898518563252
2026-06-23,114731.35457537323,-0.016298871267728554,-356.5545623864447,0.0,-356.5545623864447
2026-06-24,113720.11990108094,-0.024969148840900957,-1011.2346742922973,0.0,-1011.2346742922973
2026-06-25,113597.91583934422,-0.02601692060225591,-109.7040617367108,12.5,-122.2040617367108
2026-06-26,112335.63362542138,-0.036839667733675974,-1262.2822139228294,0.0,-1262.2822139228294
2026-06-29,110714.47183301428,-0.05073943115014323,-1621.1617924071152,0.0,-1621.1617924071152
2026-06-30,112768.63670391144,-0.03312712011640373,2054.1648708971725,0.0,2054.1648708971725
2026-07-01,113840.22160671448,-0.0239394025798928,1071.5849028030332,0.0,1071.5849028030332
2026-07-02,112925.82736787261,-0.03177937490641236,-914.3942388418592,0.0,-914.3942388418592
2026-07-06,113854.04765328328,-0.023820858720056348,928.2202854106696,0.0,928.2202854106696
2026-07-07,114354.52815527012,-0.01952976291163444,500.4805019868253,0.0,500.4805019868253
2026-07-08,115601.46218759715,-0.00883861035273259,1246.9340323270453,0.0,1246.9340323270453
2026-07-09,115979.64490167404,-0.005596089909377433,378.1827140768812,0.0,378.1827140768812
2026-07-10,116417.263341472,-0.0018439704057198192,437.61843979796095,0.0,437.61843979796095
2026-07-13,117852.26192093853,0.0,1434.9985794665247,0.0,1434.9985794665247
2026-07-14,118016.36722265588,0.0,164.10530171735178,0.0,164.10530171735178
2026-07-15,118221.24599535672,0.0,204.87877270083584,0.0,204.87877270083584
2026-07-16,118314.94467197222,0.0,93.69867661551211,0.0,93.69867661551211
2026-07-17,117818.29647198401,-0.004197679349512096,-496.6481999882212,0.0,-496.6481999882212
2026-07-20,118800.19267167101,0.0,981.8961996870034,0.0,981.8961996870034
2026-07-21,118460.20293560528,-0.0028618618237881144,-339.98973606572093,0.0,-339.98973606572093
2026-07-22,119584.6109406222,0.0,1124.408005016905,0.0,1124.408005016905
2026-07-23,120260.99926273114,0.0,676.3883221089459,0.0,676.3883221089459
2026-07-24,120126.19434048407,-0.0011209363224445879,-134.80492224707405,0.0,-134.80492224707405
2026-07-27,120441.63761682632,0.0,315.4432763422586,0.0,315.4432763422586
2026-07-28,121556.04304220453,0.0,1114.4054253782017,0.0,1114.4054253782017
2026-07-29,122171.4113852666,0.0,628.8081553016984,13.43981223961448,615.368343062084
2026-07-30,122729.69317769205,0.0,558.2817924254448,0.0,558.2817924254448
2026-07-31,123615.90505684112,0.0,898.9603201910518,12.748441041993832,886.211879149058
2026-08-03,123557.35366484162,-0.0004736558129196933,-45.82035477553342,12.731037223969446,-58.55139199950287
2026-08-04,124028.84700672551,0.0,485.7253358867823,14.23199400288134,471.493341883901
2026-08-05,124028.84700672551,0.0,0.0,0.0,0.0
2026-08-06,124028.84700672551,0.0,0.0,0.0,0.0
2026-08-07,124028.84700672551,0.0,0.0,0.0,0.0
2026-08-10,124028.84700672551,0.0,0.0,0.0,0.0
2026-08-11,124016.34700672551,-0.00010078300574156707,0.0,12.5,-12.5
2026-08-12,123986.15388865476,-0.0003442192610919603,-30.19311807075438,0.0,-30.19311807075438
2026-08-13,124176.25369192912,0.0,190.09980327435483,0.0,190.09980327435483
2026-08-14,124154.13390938213,-0.00017813214595652216,-22.11978254698137,0.0,-22.11978254698137
2026-08-17,124324.2570431635,0.0,170.1231337813649,0.0,170.1231337813649
2026-08-18,124233.39338384854,-0.000730860263925881,-90.86365931496049,0.0,-90.86365931496049
2026-08-19,124346.9120279885,0.0,113.51864413995538,0.0,113.51864413995538
2026-08-20,124564.11781327368,0.0,217.20578528518746,0.0,217.20578528518746
2026-08-21,124275.99374645948,-0.0023130583017985096,-288.1240668142012,0.0,-288.1240668142012
2026-08-24,124520.53374149717,-0.00034989267006924063,244.53999503769748,0.0,244.53999503769748
2026-08-25,124475.8164143001,-0.0007088831079423707,-44.71732719707569,0.0,-44.71732719707569
2026-08-26,124569.5368888023,0.0,93.72047450219674,0.0,93.72047450219674
2026-08-27,124317.37712474613,-0.002024249028727332,-252.1597640561793,0.0,-252.1597640561793
2026-08-28,124482.77032523234,-0.0006965311563082999,165.3932004862264,0.0,165.3932004862264
2026-08-31,124420.23944360632,-0.0011985068655208098,-62.53088162603346,0.0,-62.53088162603346
2026-09-01,124666.3039477345,0.0,246.06450412818904,0.0,246.06450412818904
2026-09-02,124778.99364072326,0.0,112.68969298875555,0.0,112.68969298875555
2026-09-03,124952.0988781598,0.0,185.5212331758496,12.415995739309183,173.10523743654042
2026-09-04,124952.0988781598,0.0,0.0,0.0,0.0
2026-09-08,124952.0988781598,0.0,0.0,0.0,0.0
2026-09-09,124952.0988781598,0.0,0.0,0.0,0.0
2026-09-10,124952.0988781598,0.0,0.0,0.0,0.0
2026-09-11,124952.0988781598,0.0,0.0,0.0,0.0
2026-09-14,124952.0988781598,0.0,0.0,0.0,0.0
2026-09-15,124952.0988781598,0.0,0.0,0.0,0.0
