Date,a,b,z,position,gross_pnl,cost,net_pnl
2024-09-17,210.25038146972656,100.24138641357422,1.2374840563088838,0,0.0,0.0,0.0
2024-09-18,207.30796813964844,102.2596664428711,0.9536299033021587,0,0.0,0.0,0.0
2024-09-19,203.6471710205078,104.40288543701172,0.6363027069497653,0,0.0,0.0,0.0
2024-09-20,204.89694213867188,103.99922943115234,0.7094567173593505,0,0.0,0.0,0.0
2024-09-23,206.2451629638672,104.15299987792967,0.7548270531024965,0,0.0,0.0,0.0
2024-09-24,203.45034790039065,106.968994140625,0.4499497611504702,0,0.0,0.0,0.0
2024-09-25,199.8682861328125,106.46922302246094,0.2889038557978272,0,0.0,0.0,0.0
2024-09-26,202.18084716796875,108.35295867919922,0.2966711854312856,0,0.0,0.0,0.0
2024-09-27,199.3762359619141,108.76622772216795,0.1289734758708311,0,0.0,0.0,0.0
2024-09-30,201.61009216308597,106.19051361083984,0.37514052152857214,0,0.0,0.0,0.0
2024-10-01,206.59942626953125,104.89305114746094,0.6849520839562794,0,0.0,0.0,0.0
2024-10-02,208.4790496826172,105.05642700195312,0.755126509616162,0,0.0,0.0,0.0
2024-10-03,206.80609130859372,104.92186737060548,0.6683215859633609,0,0.0,0.0,0.0
2024-10-04,207.07177734375,106.55572509765624,0.5794336406599724,0,0.0,0.0,0.0
2024-10-07,204.0801544189453,106.29622650146484,0.4363097366150211,0,0.0,0.0,0.0
2024-10-08,204.2179412841797,106.4019546508789,0.42710530334157243,0,0.0,0.0,0.0
2024-10-09,202.83038330078125,107.67057800292967,0.2791176478434375,0,0.0,0.0,0.0
2024-10-10,203.50938415527344,107.0843276977539,0.3322045686271863,0,0.0,0.0,0.0
2024-10-11,202.7221221923828,107.89163970947266,0.23798740301776375,0,0.0,0.0,0.0
2024-10-14,202.1611785888672,108.151123046875,0.18531972186922904,0,0.0,0.0,0.0
2024-10-15,207.1505126953125,106.88249206542967,0.4898894200052915,0,0.0,0.0,0.0
2024-10-16,207.3473358154297,108.40100860595705,0.40251540142406256,0,0.0,0.0,0.0
2024-10-17,206.2156219482422,109.01610565185548,0.299513202524698,0,0.0,0.0,0.0
2024-10-18,205.94993591308597,109.32365417480467,0.25578194840789276,0,0.0,0.0,0.0
2024-10-21,209.03997802734372,108.63166809082033,0.4349806978914758,0,0.0,0.0,0.0
2024-10-22,210.36849975585935,110.40968322753906,0.3868318658096564,0,0.0,0.0,0.0
2024-10-23,210.1519775390625,107.68981170654295,0.5118183748245156,0,0.0,0.0,0.0
2024-10-24,211.56907653808597,107.22848510742188,0.5937696369895377,0,0.0,0.0,0.0
2024-10-25,209.43360900878903,107.46876525878906,0.45256397633422907,0,0.0,0.0,0.0
2024-10-28,209.5516815185547,108.67972564697266,0.3704099362485982,0,0.0,0.0,0.0
2024-10-29,208.83331298828125,108.88156127929688,0.30350660277938607,0,0.0,0.0,0.0
2024-10-30,206.28451538085935,108.4106216430664,0.1781316118214179,0,0.0,0.0,0.0
2024-10-31,210.17166137695312,107.11314392089844,0.4534707445269393,0,0.0,0.0,0.0
2024-11-01,206.6584930419922,107.9877471923828,0.18379837246346867,0,0.0,0.0,0.0
2024-11-04,206.26483154296875,107.363037109375,0.18176002253365733,0,0.0,0.0,0.0
2024-11-05,208.7841033935547,108.49712371826172,0.23576714822620656,0,0.0,0.0,0.0
2024-11-06,198.1559600830078,113.73503875732422,-0.7747506231656135,0,0.0,0.0,0.0
2024-11-07,196.58143615722656,114.2540283203125,-0.932173430207534,0,0.0,0.0,0.0
2024-11-08,193.72755432128903,116.38764190673828,-1.2834996795593983,0,0.0,0.0,0.0
2024-11-11,196.8667907714844,117.57938385009766,-1.1784880182578374,0,0.0,0.0,0.0
2024-11-12,196.2960357666016,116.7240219116211,-1.1917027454430251,0,0.0,0.0,0.0
2024-11-13,193.74725341796875,117.51211547851562,-1.4586139501277575,0,0.0,0.0,0.0
2024-11-14,195.2725830078125,116.33959197998048,-1.1916016840901362,0,0.0,0.0,0.0
2024-11-15,197.51629638671875,116.48374938964844,-1.0842245289188148,0,0.0,0.0,0.0
2024-11-18,202.49578857421875,117.02195739746094,-0.7928588394116344,0,0.0,0.0,0.0
2024-11-19,201.71836853027344,117.339111328125,-0.9396361224443506,0,0.0,0.0,0.0
2024-11-20,205.18234252929688,117.9542236328125,-0.7580379520692132,0,0.0,0.0,0.0
2024-11-21,207.6228790283203,119.13634490966795,-0.7049748553694407,0,0.0,0.0,0.0
2024-11-22,209.8665771484375,118.60775756835938,-0.507701483591587,0,0.0,0.0,0.0
2024-11-25,210.7227478027344,120.3857650756836,-0.594430062019503,0,0.0,0.0,0.0
2024-11-26,213.8423309326172,120.8086395263672,-0.3718368800606425,0,0.0,0.0,0.0
2024-11-27,214.37371826171875,121.1065902709961,-0.3704215154750923,0,0.0,0.0,0.0
2024-11-29,213.031494140625,121.33724212646484,-0.5468600344938256,0,0.0,0.0,0.0
2024-12-02,209.1429443359375,121.5775146484375,-0.9666694266657929,0,0.0,0.0,0.0
2024-12-03,209.3501739501953,122.99992370605467,-1.0764919795019778,0,0.0,0.0,0.0
2024-12-04,209.2909698486328,123.69190979003906,-1.1559612463635287,0,0.0,0.0,0.0
2024-12-05,205.82681274414065,125.83511352539062,-1.701149784023826,0,0.0,0.0,0.0
2024-12-06,201.32635498046875,125.15275573730467,-2.1105436414316325,0,0.0,0.0,0.0
2024-12-09,198.96755981445312,122.38481903076172,-2.113350605857409,1,0.0,12.500000000000002,-12.500000000000002
2024-12-10,200.3492584228516,121.37567901611328,-1.840664874906351,1,184.26646945150966,0.0,184.26646945150966
2024-12-11,199.9446258544922,123.53811645507812,-2.001217963817845,1,-178.9008619484125,0.0,-178.9008619484125
2024-12-12,197.2404022216797,122.85576629638672,-2.1494865512769854,1,-182.80088587315737,0.0,-182.80088587315737
2024-12-13,198.35562133789065,122.1637725830078,-1.909381552914851,1,140.5288305420916,0.0,140.5288305420916
2024-12-16,193.09524536132807,122.5674285888672,-2.3942993092986296,1,-471.43475842014294,0.0,-471.43475842014294
2024-12-17,195.4935302734375,122.45211029052734,-2.0651946497046945,1,210.3356837042835,0.0,210.3356837042835
2024-12-18,197.45755004882807,119.7898941040039,-1.6168408937022867,1,344.0915887131566,0.0,344.0915887131566
2024-12-19,191.26939392089844,120.16471862792967,-2.1830608605254733,1,-547.888481457424,0.0,-547.888481457424
2024-12-20,189.1080017089844,120.97203063964844,-2.365019292045343,1,-236.6317986398109,0.0,-236.6317986398109
2024-12-23,190.57855224609372,121.7697296142578,-2.1992109836760916,1,70.85500053343057,0.0,70.85500053343057
2024-12-24,191.87144470214844,121.7216796875,-1.9986856300962288,1,112.44520659760339,0.0,112.44520659760339
2024-12-26,193.98350524902344,121.84661865234376,-1.7583364537280515,1,170.0755086997015,0.0,170.0755086997015
2024-12-27,194.65463256835935,121.43335723876952,-1.6236249026802043,1,84.35643448725381,0.0,84.35643448725381
2024-12-30,193.3715667724609,121.09697723388672,-1.669029951719815,1,-85.88801107253028,0.0,-85.88801107253028
2024-12-31,192.8485107421875,120.05899810791016,-1.601002486050612,1,25.27389345048264,0.0,25.27389345048264
2025-01-02,193.87493896484372,119.03063201904295,-1.4088909929371745,1,155.53822548426285,0.0,155.53822548426285
2025-01-03,192.69061279296875,117.9638214111328,-1.4059097275437926,1,-28.6638203467096,0.0,-28.6638203467096
2025-01-06,189.25604248046875,117.81005096435548,-1.6641827037958117,1,-279.8778314754774,0.0,-279.8778314754774
2025-01-07,188.3480529785156,117.94461059570312,-1.7145814580939038,1,-85.71625046519772,0.0,-85.71625046519772
2025-01-08,190.469970703125,117.08924102783205,-1.4305967218992879,1,236.5129392191069,0.0,236.5129392191069
2025-01-10,188.44674682617188,117.75238800048828,-1.6156827225267625,1,-215.3108151459495,0.0,-215.3108151459495
2025-01-13,190.20350646972656,118.39631652832033,-1.4669225873963014,1,105.3259766357135,0.0,105.3259766357135
2025-01-14,190.8450164794922,118.69425964355467,-1.4056775765679606,1,34.25867544946922,0.0,34.25867544946922
2025-01-15,189.8975524902344,118.71347045898438,-1.461779537605215,1,-81.3318138238876,0.0,-81.3318138238876
2025-01-16,191.3878326416016,121.0873565673828,-1.4641497586856642,1,-32.96045646460806,0.0,-32.96045646460806
2025-01-17,192.23660278320312,121.88506317138672,-1.4183758035906884,1,18.323580730581327,0.0,18.323580730581327
2025-01-21,194.5953826904297,124.78753662109376,-1.3793504683258149,1,5.040094924080336,0.0,5.040094924080336
2025-01-22,195.1480865478516,125.4026336669922,-1.3484323677515688,1,5.531198789001685,0.0,5.531198789001685
2025-01-23,198.9774169921875,127.5266571044922,-1.1344122025051788,1,181.37484944339064,0.0,181.37484944339064
2025-01-24,197.5660858154297,125.97930145263672,-1.132910341591125,1,-15.683010078221912,0.0,-15.683010078221912
2025-01-27,202.7574157714844,126.04656982421876,-0.6681399533698349,1,434.08601465100674,0.0,434.08601465100674
2025-01-28,200.97105407714844,128.37240600585938,-0.9621950490480141,1,-306.5708304879065,0.0,-306.5708304879065
2025-01-29,201.35595703125,128.9202117919922,-0.9485125037193488,1,-4.14210847049236,0.0,-4.14210847049236
2025-01-30,203.22129821777344,130.12158203125,-0.844646031282764,1,77.19408621248307,0.0,77.19408621248307
2025-01-31,201.66189575195312,129.47764587402344,-0.9208610428730021,1,-88.6518107555421,0.0,-88.6518107555421
2025-02-03,206.8137359619141,129.0067138671875,-0.411317151046954,1,466.767425303859,0.0,466.767425303859
2025-02-04,206.45843505859372,128.6991729736328,-0.40533189630862737,1,-9.436087746725093,0.0,-9.436087746725093
2025-02-05,205.56033325195312,128.6607208251953,-0.46932828727469217,1,-73.30251940015133,0.0,-73.30251940015133
2025-02-06,204.2970428466797,131.13070678710938,-0.7414714638543911,1,-272.0261838476166,0.0,-272.0261838476166
2025-02-07,208.41259765625,131.2460479736328,-0.36489472794060007,1,339.9823597665985,0.0,339.9823597665985
2025-02-10,206.9716644287109,130.71743774414062,-0.4472556771429671,1,-86.3608704879553,0.0,-86.3608704879553
2025-02-11,205.2839813232422,129.1989288330078,-0.4798087623180779,1,-40.961005160512286,0.0,-40.961005160512286
2025-02-12,209.271240234375,130.98655700683594,-0.2278832872291623,1,217.229778947461,0.0,217.229778947461
2025-02-13,205.51097106933597,129.66026306152344,-0.4610601263494994,1,-228.9262434875011,0.0,-228.9262434875011
2025-02-14,199.68801879882807,128.38201904296875,-0.9068259045167159,1,-406.4069562201172,0.0,-406.4069562201172
2025-02-18,204.31678771972656,125.28730010986328,-0.20804943132340933,1,598.1661750820849,0.0,598.1661750820849
2025-02-19,207.5045928955078,124.49921417236328,0.17321414802013957,1,322.0612993582703,0.0,322.0612993582703
2025-02-20,206.18209838867188,123.6150131225586,0.27573625924231615,0,-52.55760529822577,12.845922744135027,-65.4035280423608
2025-02-21,208.17572021484372,119.41506958007812,0.7708610398963309,0,0.0,0.0,0.0
2025-02-24,208.03753662109372,119.08830261230467,0.783165933245631,0,0.0,0.0,0.0
2025-02-25,205.34320068359372,119.54000854492188,0.458483293002578,0,0.0,0.0,0.0
2025-02-26,202.62911987304688,120.4338150024414,0.10092487778704634,0,0.0,0.0,0.0
2025-02-27,205.2839813232422,121.7793426513672,0.33397235016395616,0,0.0,0.0,0.0
2025-02-28,208.6794891357422,121.90428161621094,0.7294225355885838,0,0.0,0.0,0.0
2025-03-03,212.7976531982422,121.95233154296876,1.2023064708124385,0,0.0,0.0,0.0
2025-03-04,209.1942596435547,120.88553619384766,0.8699218748429354,0,0.0,0.0,0.0
2025-03-05,210.23370361328125,121.27957916259766,0.9830680918282769,0,0.0,0.0,0.0
2025-03-06,210.8573455810547,115.86865234375,1.4529067426983808,0,0.0,0.0,0.0
2025-03-07,210.8573455810547,115.82059478759766,1.4771079650954009,0,0.0,0.0,0.0
2025-03-10,216.8168029785156,113.75426483154295,2.3571362355356467,0,0.0,0.0,0.0
2025-03-11,209.03585815429688,110.45773315429688,1.672759426454903,-1,0.0,12.5,-12.5
2025-03-12,206.40261840820312,109.3717041015625,1.4495865782408937,-1,173.04192773539523,0.0,173.04192773539523
2025-03-13,212.96592712402344,107.05549621582033,2.4263937520056134,-1,-718.9782464264392,0.0,-718.9782464264392
2025-03-14,211.79779052734372,109.14104461669922,2.074201965684169,-1,223.79409114332225,0.0,223.79409114332225
2025-03-17,213.71827697753903,109.95796966552734,2.231566070020458,-1,-124.78014809126212,0.0,-124.78014809126212
2025-03-18,217.4503631591797,107.8147430419922,2.77243514931165,-1,-456.1461366060104,0.0,-456.1461366060104
2025-03-19,215.60906982421875,108.45867919921876,2.4326510655188676,-1,201.3689958383184,0.0,201.3689958383184
2025-03-20,217.2127685546875,108.2952880859375,2.5657748586294855,-1,-152.6228197074316,0.0,-152.6228197074316
2025-03-21,212.60955810546875,105.40241241455078,2.177149386401961,-1,245.54991647605533,0.0,245.54991647605533
2025-03-24,210.8177795410156,106.5653305053711,1.8324516700750157,-1,226.6677181072841,0.0,226.6677181072841
2025-03-25,212.0650634765625,107.10354614257812,1.8660927963444025,-1,-80.60171412150106,0.0,-80.60171412150106
2025-03-26,215.757568359375,106.8536605834961,2.187023087073734,-1,-344.17853221685186,0.0,-344.17853221685186
2025-03-27,218.05422973632807,107.55525970458984,2.276554663985191,-1,-164.99021251436034,0.0,-164.99021251436034
2025-03-28,220.43997192382807,105.21981048583984,2.554093574577712,-1,-346.87993489462303,0.0,-346.87993489462303
2025-03-31,224.01364135742188,105.3255386352539,2.7414700164711983,-1,-313.1964470910556,0.0,-313.1964470910556
2025-04-01,222.77622985839844,105.21981048583984,2.5060756965834674,-1,104.48832269909629,0.0,104.48832269909629
2025-04-02,222.2218780517578,107.0266571044922,2.248367655284157,-1,153.00076548449107,0.0,153.00076548449107
2025-04-03,223.52859497070312,101.44274139404295,2.582734269700891,-1,-436.5255563701599,0.0,-436.5255563701599
2025-04-04,212.9263458251953,99.30900573730467,1.7685592208627638,-1,824.946187875188,0.0,824.946187875188
2025-04-07,205.18499755859372,95.58578491210938,1.3237140452623637,-1,478.33960967399526,0.0,478.33960967399526
2025-04-08,206.03636169433597,94.3283233642578,1.4453095532869402,-1,-148.0708934874993,0.0,-148.0708934874993
2025-04-09,203.7396697998047,102.76699829101562,0.764433175824426,-1,688.4563917008907,0.0,688.4563917008907
2025-04-10,207.90733337402344,101.20500183105467,1.1764388904712637,-1,-461.77111856456236,0.0,-461.77111856456236
2025-04-11,212.9263458251953,102.12844848632812,1.5012927755273988,-1,-395.4845159807958,0.0,-395.4845159807958
2025-04-14,214.96560668945312,101.81407928466795,1.6443570694673189,-1,-200.18000177236502,0.0,-200.18000177236502
2025-04-15,215.757568359375,102.1677474975586,1.6447885461807024,-1,-50.49481775915123,0.0,-50.49481775915123
2025-04-16,215.77735900878903,98.96516418457033,1.7739681240236123,-1,-185.17991683152314,0.0,-185.17991683152314
2025-04-17,214.88641357421875,99.77073669433594,1.6205932522261417,-1,125.72718062999749,0.0,125.72718062999749
2025-04-21,212.2333831787109,98.49363708496094,1.4561682146514254,-1,163.86730297393981,0.0,163.86730297393981
2025-04-22,211.9166259765625,101.02816772460938,1.2690023503540064,-1,173.44986237703463,0.0,173.44986237703463
2025-04-23,209.29324340820312,102.20703125,0.9966951969638441,-1,301.8717305901851,0.0,301.8717305901851
2025-04-24,210.54055786132807,103.5823745727539,0.9969427617543537,-1,-32.66214166730762,0.0,-32.66214166730762
2025-04-25,211.44142150878903,104.34862518310548,1.0018031393093334,-1,-36.594915002675954,0.0,-36.594915002675954
2025-04-28,210.05551147460935,105.1247100830078,0.8462854148028908,-1,168.25577468098825,0.0,168.25577468098825
2025-04-29,214.8666229248047,105.05594635009766,1.1640304481602537,-1,-433.73569599476394,0.0,-433.73569599476394
2025-04-30,219.5688323974609,105.9892120361328,1.4128173444828007,-1,-366.62078649529076,0.0,-366.62078649529076
2025-05-01,218.9847869873047,108.95600128173828,1.2031144322155205,-1,222.08333370755457,0.0,222.08333370755457
2025-05-02,224.11265563964844,111.4709014892578,1.4003515558530852,-1,-314.06657817846775,0.0,-314.06657817846775
2025-05-05,229.33953857421875,112.02102661132812,1.6797195093184143,-1,-435.43461659094015,0.0,-435.43461659094015
2025-05-06,230.97296142578125,111.49054718017578,1.7665166859475585,-1,-176.30135154397107,0.0,-176.30135154397107
2025-05-07,231.873779296875,113.30795288085938,1.6992808868980431,-1,23.608821616048502,0.0,23.608821616048502
2025-05-08,225.84506225585935,115.31201171875,1.1932248277421715,-1,653.3440628607763,0.0,653.3440628607763
2025-05-09,229.3791656494141,114.0840301513672,1.442988774898776,-1,-386.0433893196376,0.0,-386.0433893196376
2025-05-12,218.89566040039065,118.71105194091795,0.5451968187289505,-1,1201.5268250432523,0.0,1201.5268250432523
2025-05-13,218.16311645507807,121.56978607177734,0.3637644861612215,-1,229.16104046069887,0.0,229.16104046069887
2025-05-14,211.38201904296875,122.13957977294922,-0.13642662010602852,-1,638.4171294473232,0.0,638.4171294473232
2025-05-15,216.9355926513672,120.5088119506836,0.2539733734276233,0,-589.5190501821878,13.140671509845589,-602.6597216920334
2025-05-16,218.7273712158203,120.37128448486328,0.3622741253121149,0,0.0,0.0,0.0
2025-05-19,222.15257263183597,118.79947662353516,0.642352090105506,0,0.0,0.0,0.0
2025-05-20,223.7859649658203,118.43598175048828,0.7497957144626138,0,0.0,0.0,0.0
2025-05-21,225.9341583251953,115.55760192871094,1.0129663009429521,0,0.0,0.0,0.0
2025-05-22,226.1222381591797,115.67549896240234,1.0010894631448757,0,0.0,0.0,0.0
2025-05-23,229.2504425048828,115.36113739013672,1.2064720569832847,0,0.0,0.0,0.0
2025-05-27,228.93365478515625,117.21783447265624,1.0701249871539067,0,0.0,0.0,0.0
2025-05-28,223.7167053222656,115.11553192138672,0.8015693536621069,0,0.0,0.0,0.0
2025-05-29,224.95411682128903,115.28254699707033,0.8637054652947896,0,0.0,0.0,0.0
2025-05-30,227.44577026367188,113.79914093017578,1.1048001629605735,0,0.0,0.0,0.0
2025-06-02,229.4113006591797,113.209716796875,1.261021794643415,0,0.0,0.0,0.0
2025-06-03,225.61920166015625,114.25105285644533,0.9080240073146287,0,0.0,0.0,0.0
2025-06-04,222.10508728027344,113.75985717773438,0.6540806501413816,0,0.0,0.0,0.0
2025-06-05,221.122314453125,113.48477935791016,0.5773173054543169,0,0.0,0.0,0.0
2025-06-06,220.9734039306641,114.55558013916016,0.4858616168579279,0,0.0,0.0,0.0
2025-06-09,217.94569396972656,113.0525360107422,0.3127873091072729,0,0.0,0.0,0.0
2025-06-10,219.484375,115.4397201538086,0.2761988475394024,0,0.0,0.0,0.0
2025-06-11,221.2613067626953,114.6145248413086,0.45819715773635755,0,0.0,0.0,0.0
2025-06-12,224.64637756347656,112.4925765991211,0.8671416523528309,0,0.0,0.0,0.0
2025-06-13,224.1599578857422,109.77137756347656,0.9887302898014636,0,0.0,0.0,0.0
2025-06-16,222.849609375,111.79508209228516,0.7184774371899569,0,0.0,0.0,0.0
2025-06-17,223.76287841796875,109.50613403320312,0.9418781862664642,0,0.0,0.0,0.0
2025-06-18,225.93687438964844,110.15450286865234,1.080793113613416,0,0.0,0.0,0.0
2025-06-20,224.1996612548828,108.83811950683594,0.9987162384808571,0,0.0,0.0,0.0
2025-06-23,228.43844604492188,110.9502410888672,1.2256306132634376,0,0.0,0.0,0.0
2025-06-24,227.5946807861328,113.03289031982422,0.978347637792071,0,0.0,0.0,0.0
2025-06-25,228.7164001464844,111.726318359375,1.170444937201193,0,0.0,0.0,0.0
2025-06-26,224.4974670410156,112.70870971679688,0.6621822683014331,0,0.0,0.0,0.0
2025-06-27,227.3266448974609,113.91703033447266,0.859504224246909,0,0.0,0.0,0.0
2025-06-30,231.50588989257807,113.30795288085938,1.3565198155745246,0,0.0,0.0,0.0
2025-07-01,230.30471801757807,115.25306701660156,1.044461341043759,0,0.0,0.0,0.0
2025-07-02,229.65948486328125,115.8719711303711,0.9082461104068215,0,0.0,0.0,0.0
2025-07-03,229.67930603027344,117.55184936523438,0.7474722265955416,0,0.0,0.0,0.0
2025-07-07,233.50119018554688,116.5105209350586,1.2741421034510676,0,0.0,0.0,0.0
2025-07-08,230.84075927734372,117.74832153320312,0.8324272491794568,0,0.0,0.0,0.0
2025-07-09,230.36428833007807,118.87805938720705,0.662738175741308,0,0.0,0.0,0.0
2025-07-10,232.7169647216797,119.74256134033205,0.8846483377654529,0,0.0,0.0,0.0
2025-07-11,233.292724609375,118.45564270019533,1.09213013847959,0,0.0,0.0,0.0
2025-07-14,234.2357940673828,118.0528564453125,1.2558384673288252,0,0.0,0.0,0.0
2025-07-15,232.24046325683597,115.69513702392578,1.2280138310895377,0,0.0,0.0,0.0
2025-07-16,235.36746215820312,115.62637329101562,1.7142581001558632,0,0.0,0.0,0.0
2025-07-17,236.1020355224609,114.26085662841795,1.9032975602128608,0,0.0,0.0,0.0
2025-07-18,236.8763427734375,115.01730346679688,1.8951099131262161,0,0.0,0.0,0.0
2025-07-21,234.53358459472656,114.5654067993164,1.5421793470959908,0,0.0,0.0,0.0
2025-07-22,239.4176177978516,116.95259857177734,1.9455543937959145,0,0.0,0.0,0.0
2025-07-23,238.99078369140625,116.22562408447266,1.954666467217758,0,0.0,0.0,0.0
2025-07-24,244.1130828857422,114.9878387451172,2.8313000297131445,0,0.0,0.0,0.0
2025-07-25,244.70867919921875,116.20598602294922,2.6261312836655772,-1,0.0,12.500000000000002,-12.500000000000002
2025-07-28,239.77500915527344,115.46920013427734,1.9080763279376878,-1,304.36479388870947,0.0,304.36479388870947
2025-07-29,238.0080108642578,114.9190673828125,1.6675377071993676,-1,90.4493191920698,0.0,90.4493191920698
2025-07-30,239.9139862060547,116.24527740478516,1.7221623184778736,-1,-50.051557492761475,0.0,-50.051557492761475
2025-07-31,239.27865600585935,114.11351013183594,1.8475757299790432,-1,-92.86752770812012,0.0,-92.86752770812012
2025-08-01,245.97933959960935,112.6497573852539,2.8658729478430494,-1,-573.1553413064288,0.0,-573.1553413064288
2025-08-04,249.03683471679688,113.31777954101562,3.0325376666010087,-1,-174.9135083631225,0.0,-174.9135083631225
2025-08-05,246.97201538085935,113.25884246826172,2.6237484616519926,-1,143.55265229146167,0.0,143.55265229146167
2025-08-06,246.28707885742188,114.41804504394533,2.2918373470473923,-1,124.04352090782152,0.0,124.04352090782152
2025-08-07,247.6768493652344,121.58943939208984,1.618556938465351,-1,365.7651941298893,0.0,365.7651941298893
2025-08-08,250.73434448242188,117.3062515258789,2.351803613221587,-1,-495.9258577619713,0.0,-495.9258577619713
2025-08-11,251.38951110839844,115.3316650390625,2.534598237341664,-1,-174.78425499847958,0.0,-174.78425499847958
2025-08-12,246.70399475097656,118.62264251708984,1.6160633048462363,-1,547.7937059071829,0.0,547.7937059071829
2025-08-13,243.63658142089844,119.46749114990234,1.1740017994347685,-1,273.7085836137388,0.0,273.7085836137388
2025-08-14,241.92916870117188,118.072509765625,1.1139198743985554,-1,31.42060346497756,0.0,31.42060346497756
2025-08-15,245.8205108642578,118.93700408935548,1.418700439725664,-1,-221.6899784529362,0.0,-221.6899784529362
2025-08-18,244.1627197265625,119.29066467285156,1.1799128974571758,-1,141.2523570764513,0.0,141.2523570764513
2025-08-19,244.3314666748047,119.9193878173828,1.1141255962774128,-1,28.719249226679054,0.0,28.719249226679054
2025-08-20,250.08909606933597,118.88788604736328,1.7830279215484361,-1,-477.8210026981117,0.0,-477.8210026981117
2025-08-21,247.4286651611328,117.9054946899414,1.553850543058495,-1,126.19138884523852,0.0,126.19138884523852
2025-08-22,244.6292724609375,121.14944458007812,0.936519432470768,-1,410.1249970105555,0.0,410.1249970105555
2025-08-25,247.25991821289065,119.43171691894533,1.3372533508581979,-1,-299.128081074625,0.0,-299.128081074625
2025-08-26,240.9860992431641,119.27376556396484,0.6868978297318555,-1,437.54502595835606,0.0,437.54502595835606
2025-08-27,236.2112274169922,120.85328674316406,0.04529797373778079,-1,443.20884546442244,0.0,443.20884546442244
2025-08-28,233.5408935546875,121.2777862548828,-0.27479800262498544,-1,218.11415308047827,0.0,218.11415308047827
2025-08-29,234.22586059570312,121.07047271728516,-0.18632844116603772,0,-62.329848768477255,12.283595915391514,-74.61344468386876
2025-09-02,230.1855926513672,118.48399353027344,-0.392421772146219,0,0.0,0.0,0.0
2025-09-03,233.68978881835935,119.83646392822266,-0.15001342193023798,0,0.0,0.0,0.0
2025-09-04,232.4588623046875,120.52751159667967,-0.35711940792396896,0,0.0,0.0,0.0
2025-09-05,230.88047790527344,121.64305114746094,-0.640903072478896,0,0.0,0.0,0.0
2025-09-08,232.6573944091797,123.38052368164062,-0.6164641240698768,0,0.0,0.0,0.0
2025-09-09,230.7315673828125,122.09716033935548,-0.7177132315598885,0,0.0,0.0,0.0
2025-09-10,232.7963714599609,120.70520782470705,-0.3602263276328947,0,0.0,0.0,0.0
2025-09-11,234.64279174804688,121.84049224853516,-0.26741900855434897,0,0.0,0.0,0.0
2025-09-12,232.4985809326172,119.47119903564452,-0.28790300739212676,0,0.0,0.0,0.0
2025-09-15,232.3794403076172,117.97066497802734,-0.15755620553599364,0,0.0,0.0,0.0
2025-09-16,232.03201293945312,119.07633209228516,-0.26316071564848265,0,0.0,0.0,0.0
2025-09-17,235.22848510742188,116.9143524169922,0.26975949862487697,0,0.0,0.0,0.0
2025-09-18,232.7169647216797,116.60832214355467,0.009306301030866816,0,0.0,0.0,0.0
2025-09-19,231.35696411132807,118.23719787597656,-0.2771703949807664,0,0.0,0.0,0.0
2025-09-22,234.8909454345703,116.75640106201172,0.22197923007679604,0,0.0,0.0,0.0
2025-09-23,238.56393432617188,117.26974487304688,0.5735777964923126,0,0.0,0.0,0.0
2025-09-24,241.4129638671875,116.81563568115234,0.9414816237066927,0,0.0,0.0,0.0
2025-09-25,242.2071075439453,116.28254699707033,1.0773981214110473,0,0.0,0.0,0.0
2025-09-26,241.7405548095703,121.65292358398438,0.5004274306591815,0,0.0,0.0,0.0
2025-09-29,244.440673828125,121.19880676269533,0.8641152979135092,0,0.0,0.0,0.0
2025-09-30,243.4579162597656,119.70813751220705,0.864451192514284,0,0.0,0.0,0.0
2025-10-01,239.80479431152344,119.81672668457033,0.36885482728707164,0,0.0,0.0,0.0
2025-10-02,239.7253875732422,121.58382415771484,0.17477568784332073,0,0.0,0.0,0.0
2025-10-03,237.78961181640625,122.3340835571289,-0.1567216462140303,0,0.0,0.0,0.0
2025-10-06,235.10934448242188,122.709228515625,-0.553810712678515,0,0.0,0.0,0.0
2025-10-07,239.13967895507807,121.62329864501952,0.07127468191243623,0,0.0,0.0,0.0
2025-10-08,239.4970550537109,122.46243286132812,0.022991217105013978,0,0.0,0.0,0.0
2025-10-09,239.01063537597656,120.7841796875,0.114511222877865,0,0.0,0.0,0.0
2025-10-10,242.9218597412109,119.56005096435548,0.746812161736689,0,0.0,0.0,0.0
2025-10-13,241.7107696533203,120.98162841796876,0.42802707202347984,0,0.0,0.0,0.0
2025-10-14,236.4693603515625,120.70520782470705,-0.2697365890100158,0,0.0,0.0,0.0
2025-10-15,239.9735565185547,118.7999038696289,0.38931826015723925,0,0.0,0.0,0.0
2025-10-16,234.24571228027344,117.1611557006836,-0.263417297398605,0,0.0,0.0,0.0
2025-10-17,237.86903381347656,119.26388549804688,0.005540178907069195,0,0.0,0.0,0.0
2025-10-20,235.3575134277344,118.78016662597656,-0.34493919364803427,0,0.0,0.0,0.0
2025-10-21,231.58529663085935,120.56700134277344,-1.1666919340462487,0,0.0,0.0,0.0
2025-10-22,235.6156311035156,123.4298858642578,-0.8622561751089842,0,0.0,0.0,0.0
2025-10-23,235.516357421875,121.00137329101562,-0.6088679945825117,0,0.0,0.0,0.0
2025-10-24,237.00540161132807,122.79808044433594,-0.5978522464837007,0,0.0,0.0,0.0
2025-10-27,236.5289001464844,123.87413024902344,-0.804026904121554,0,0.0,0.0,0.0
2025-10-28,236.78700256347656,122.61050415039062,-0.6211315904904656,0,0.0,0.0,0.0
2025-10-29,230.9797515869141,121.84049224853516,-1.4679904590040025,0,0.0,0.0,0.0
2025-10-30,235.07955932617188,121.68254089355467,-0.7735850777744209,0,0.0,0.0,0.0
2025-10-31,243.8450469970703,119.90557098388672,0.7861984126087573,0,0.0,0.0,0.0
2025-11-03,245.11569213867188,120.7841796875,0.8608139707877882,0,0.0,0.0,0.0
2025-11-04,248.4312896728516,120.62623596191406,1.3618999559033234,0,0.0,0.0,0.0
2025-11-05,249.5629730224609,124.2591323852539,1.0851586069976291,0,0.0,0.0,0.0
2025-11-06,250.7938995361328,124.2591323852539,1.2448727306089435,0,0.0,0.0,0.0
2025-11-07,254.74481201171875,128.51397705078125,1.3269038839508775,0,0.0,0.0,0.0
2025-11-10,257.24639892578125,130.15272521972656,1.4807506677615534,0,0.0,0.0,0.0
2025-11-11,257.3555908203125,129.69862365722656,1.5099542014100198,0,0.0,0.0,0.0
2025-11-12,258.97369384765625,130.77467346191406,1.5861164492566484,0,0.0,0.0,0.0
2025-11-13,258.0603942871094,128.10922241210938,2.103342966529765,0,0.0,0.0,0.0
2025-11-14,256.4621887207031,127.27009582519533,1.8677166819427145,-1,0.0,12.5,-12.5
2025-11-17,255.98565673828125,125.51287841796876,1.8585710394412416,-1,-25.519509394809283,0.0,-25.519509394809283
2025-11-18,257.21661376953125,124.60466003417967,2.029544297500075,-1,-130.72835262525186,0.0,-130.72835262525186
2025-11-19,252.43182373046875,124.18016052246094,1.3384510752074075,-1,365.3806451222387,0.0,365.3806451222387
2025-11-20,253.45431518554688,123.06462860107422,1.5163240621748406,-1,-121.62561656310758,0.0,-121.62561656310758
2025-11-21,250.7541961669922,128.8891143798828,0.7575218027848422,-1,425.09916305896354,0.0,425.09916305896354
2025-11-24,252.64031982421875,129.45181274414062,0.9646343492769079,-1,-129.75740526000615,0.0,-129.75740526000615
2025-11-25,255.4397125244141,132.9366455078125,1.116574491112871,-1,-96.93396781515678,0.0,-96.93396781515678
2025-11-26,256.2338562011719,133.91397094726562,1.141156524315171,-1,-27.905370581138783,0.0,-27.905370581138783
2025-11-28,256.28350830078125,132.4627685546875,1.2077484340598343,-1,-56.33862978730128,0.0,-56.33862978730128
2025-12-01,253.41461181640625,131.10044860839844,0.8869743195115067,-1,179.08624116553642,0.0,179.08624116553642
2025-12-02,252.4914093017578,133.44998168945312,0.6288180294650053,-1,158.2727466797754,0.0,158.2727466797754
2025-12-03,252.0446929931641,135.8094024658203,0.439431365511802,-1,120.71775149684485,0.0,120.71775149684485
2025-12-04,253.05723571777344,133.18344116210938,0.7120847778700979,-1,-175.3601459817433,0.0,-175.3601459817433
2025-12-05,250.9130096435547,131.86061096191406,0.4933760024692334,-1,122.8529328458412,0.0,122.8529328458412
2025-12-08,251.36965942382807,131.59405517578125,0.5616251109470602,-1,-45.95623448693403,0.0,-45.95623448693403
2025-12-09,251.17111206054688,130.01451110839844,0.6177993090149494,-1,-41.22357724570327,0.0,-41.22357724570327
2025-12-10,247.2400665283203,131.98892211914062,-0.008578035428740544,-1,384.0519459644563,0.0,384.0519459644563
2025-12-11,249.26516723632807,134.5260467529297,0.13586672244243037,0,-69.53893242501249,12.3446510936734,-81.8835835186859
2025-12-12,251.17111206054688,136.89532470703125,0.27168765399651473,0,0.0,0.0,0.0
2025-12-15,244.9469451904297,138.6722869873047,-0.6644159529994091,0,0.0,0.0,0.0
2025-12-16,247.1705780029297,138.61306762695312,-0.340955042016934,0,0.0,0.0,0.0
2025-12-17,250.4166717529297,139.6693572998047,0.062172607883979075,0,0.0,0.0,0.0
2025-12-18,246.8529052734375,138.66241455078125,-0.359516817641253,0,0.0,0.0,0.0
2025-12-19,245.4631500244141,141.02183532714844,-0.6761504001650874,0,0.0,0.0,0.0
2025-12-22,249.9898376464844,141.58453369140625,-0.05955508624366447,0,0.0,0.0,0.0
2025-12-23,252.89840698242188,141.22914123535156,0.36533183512831297,0,0.0,0.0,0.0
2025-12-24,254.08963012695312,141.57467651367188,0.5146624065673956,0,0.0,0.0,0.0
2025-12-26,254.2782440185547,141.57467651367188,0.5398790535089997,0,0.0,0.0,0.0
2025-12-29,254.238525390625,139.92604064941406,0.6250091903472764,0,0.0,0.0,0.0
2025-12-30,252.6800079345703,139.8273162841797,0.4276410556004224,0,0.0,0.0,0.0
2025-12-31,249.16587829589844,139.02767944335938,-0.011701329635701682,0,0.0,0.0,0.0
2026-01-02,246.2970123291016,138.55381774902344,-0.38844004955687017,0,0.0,0.0,0.0
2026-01-05,250.2677764892578,135.7304229736328,0.3558960772801709,0,0.0,0.0,0.0
2026-01-06,248.2625274658203,137.5172576904297,-0.03704833729120322,0,0.0,0.0,0.0
2026-01-07,253.2954864501953,134.61488342285156,0.8386991636630663,0,0.0,0.0,0.0
2026-01-08,258.6361694335937,136.86570739746094,1.4313745587939728,0,0.0,0.0,0.0
2026-01-09,259.0431823730469,136.934814453125,1.4492649184326312,0,0.0,0.0,0.0
2026-01-12,262.0411071777344,136.0364532470703,1.8830787597335832,0,0.0,0.0,0.0
2026-01-13,264.82061767578125,135.88836669921875,2.2089369718595973,0,0.0,0.0,0.0
2026-01-14,266.8457336425781,135.08872985839844,2.447526135440751,-1,0.0,12.5,-12.5
2026-01-15,268.8509521484375,136.1549072265625,2.561046924423181,-1,-117.07714527214668,0.0,-117.07714527214668
2026-01-16,271.5511169433594,137.4284210205078,2.7286167065840004,-1,-163.16781228651075,0.0,-163.16781228651075
2026-01-20,269.9330444335937,133.02548217773438,2.666686183680637,-1,-26.012230576720853,0.0,-26.012230576720853
2026-01-21,271.0746154785156,136.5695343017578,2.4991195937581825,-1,33.23904786162237,0.0,33.23904786162237
2026-01-22,275.0950012207031,137.4382781982422,2.813748629949587,-1,-277.8909340689,0.0,-277.8909340689
2026-01-23,274.3703918457031,136.7274932861328,2.6387362042466624,-1,31.23652319831777,0.0,31.23652319831777
2026-01-26,268.1660461425781,134.2200164794922,1.9739627038704293,-1,389.16354035802726,0.0,389.16354035802726
2026-01-27,266.08135986328125,134.66424560546875,1.6689906306541746,-1,174.5234919627895,0.0,174.5234919627895
2026-01-28,262.6665344238281,133.60794067382812,1.3008079759496187,-1,225.20496889365296,0.0,225.20496889365296
2026-01-29,263.57977294921875,135.56260681152344,1.27842069766144,-1,-3.3560594022893895,0.0,-3.3560594022893895
2026-01-30,263.1231689453125,135.48362731933594,1.2069910940348054,-1,32.230197576156506,0.0,32.230197576156506
2026-02-02,261.9914855957031,140.35052490234375,0.8227464092426706,-1,252.06432931324954,0.0,252.06432931324954
2026-02-03,266.7166748046875,135.4441375732422,1.5594976094944581,-1,-528.2012949073571,0.0,-528.2012949073571
2026-02-04,269.2182922363281,141.14028930664062,1.5206617780451446,-1,2.430561147169982,0.0,2.430561147169982
2026-02-05,273.2684631347656,141.2587432861328,1.901773093873903,-1,-305.68622795702964,0.0,-305.68622795702964
2026-02-06,271.36248779296875,142.9764862060547,1.5697054725846116,-1,204.17021191178648,0.0,204.17021191178648
2026-02-09,278.8275451660156,141.48582458496094,2.342685421949769,-1,-621.5477943093958,0.0,-621.5477943093958
2026-02-10,272.0673217773437,145.9479522705078,1.4017435931275157,-1,668.7100823771955,0.0,668.7100823771955
2026-02-11,266.677001953125,143.86497497558594,0.9211284673368998,-1,341.35270264448053,0.0,341.35270264448053
2026-02-12,268.6226806640625,144.003173828125,1.0885875237479823,-1,-144.08505156300095,0.0,-144.08505156300095
2026-02-13,273.0997009277344,144.25985717773438,1.4948200666553306,-1,-333.6259905520715,0.0,-333.6259905520715
2026-02-17,282.123291015625,146.3329620361328,2.244511968390778,-1,-619.5231402032758,0.0,-619.5231402032758
2026-02-18,283.3045959472656,143.32199096679688,2.3936233997337535,-1,-192.73812955366907,0.0,-192.73812955366907
2026-02-19,284.07891845703125,141.27850341796875,2.450419407057182,-1,-128.71188284239918,0.0,-128.71188284239918
2026-02-20,286.5705261230469,142.56185913085938,2.51588988112608,-1,-146.88480773755504,0.0,-146.88480773755504
2026-02-23,287.9901123046875,141.02183532714844,2.581182538831002,-1,-160.93194192953132,0.0,-160.93194192953132
2026-02-24,290.7994079589844,139.5212860107422,2.7457708315340184,-1,-265.8599079709418,0.0,-265.8599079709418
2026-02-25,289.1416015625,138.7808837890625,2.516958792866121,-1,101.59041739079152,0.0,101.59041739079152
2026-02-26,290.1640930175781,141.22914123535156,2.398228278142649,-1,5.076635792834594,0.0,5.076635792834594
2026-02-27,298.2645568847656,137.2605743408203,3.0390038760675897,-1,-754.4115331505551,0.0,-754.4115331505551
2026-03-02,296.0453796386719,132.06790161132812,2.8955570099442545,-1,-6.905139538451067,0.0,-6.905139538451067
2026-03-03,302.9516906738281,133.6573028564453,3.1574537109830088,-1,-474.06662523329885,0.0,-474.06662523329885
2026-03-04,299.1601867675781,133.34141540527344,2.760727885387657,-1,279.1912853880715,0.0,279.1912853880715
2026-03-05,296.0453796386719,132.47265625,2.469623731764922,-1,208.6411935929816,0.0,208.6411935929816
2026-03-06,299.8070373535156,130.92274475097656,2.6541143780435976,-1,-340.3654662668345,0.0,-340.3654662668345
2026-03-09,297.7471008300781,130.90301513671875,2.4174118118686785,-1,156.85148142089852,0.0,156.85148142089852
2026-03-10,284.1335144042969,130.2218475341797,1.5321708470368731,-1,1017.8585559604127,0.0,1017.8585559604127
2026-03-11,282.6208801269531,132.6009979248047,1.333250620024142,-1,196.58629433203777,0.0,196.58629433203777
2026-03-12,288.8405456542969,129.2741241455078,1.7947074500029156,-1,-588.7634447636204,0.0,-588.7634447636204
2026-03-13,288.49224853515625,127.2503433227539,1.7927063017505072,-1,-42.19539176128094,0.0,-42.19539176128094
2026-03-16,290.3631286621094,129.23463439941406,1.7920030469975976,-1,-75.57896103128766,0.0,-75.57896103128766
2026-03-17,291.4677429199219,131.74212646484375,1.7303620287672916,-1,0.8113302058178249,0.0,0.8113302058178249
2026-03-18,285.57647705078125,129.89605712890625,1.3896459896641589,-1,387.7171658326265,0.0,387.7171658326265
2026-03-19,283.0289001464844,129.2445068359375,1.2248443584680087,-1,172.6526863226018,0.0,172.6526863226018
2026-03-20,282.5711669921875,127.58600616455078,1.2185001741060784,-1,-21.403551521927056,0.0,-21.403551521927056
2026-03-23,279.2572937011719,130.3699188232422,0.9159036935465658,-1,348.09240896391685,0.0,348.09240896391685
2026-03-24,281.71533203125,130.56735229492188,1.0364708216386145,-1,-181.2503883211951,0.0,-181.2503883211951
2026-03-25,275.6947021484375,132.4232940673828,0.6090275076824564,-1,523.5163342832626,0.0,523.5163342832626
2026-03-26,278.4313659667969,130.77467346191406,0.8052976377413096,-1,-265.3417404185448,0.0,-265.3417404185448
2026-03-27,271.67431640625,127.94140625,0.46950829872192273,-1,420.3483242354479,0.0,420.3483242354479
2026-03-30,280.9291381835937,128.5041046142578,0.990014743397458,-1,-688.5748106997212,0.0,-688.5748106997212
2026-03-31,279.70513916015625,131.75201416015625,0.807618992336787,-1,204.06129358203623,0.0,204.06129358203623
2026-04-01,278.9289245605469,131.97906494140625,0.7411309597907471,-1,67.0788893337429,0.0,67.0788893337429
2026-04-02,288.5420227050781,132.1863555908203,1.268432860832064,-1,-728.0596028861971,0.0,-728.0596028861971
2026-04-06,294.6223449707031,133.1340789794922,1.5489784211126243,-1,-432.7273054052577,0.0,-432.7273054052577
2026-04-07,294.20440673828125,130.3304443359375,1.5628589637670534,-1,-63.39307920922833,0.0,-63.39307920922833
2026-04-08,295.5080261230469,139.4225616455078,1.3517852090483884,-1,209.53901072437912,0.0,209.53901072437912
2026-04-09,293.38836669921875,141.30812072753906,1.1588852700654504,-1,226.2180344066736,0.0,226.2180344066736
2026-04-10,294.51287841796875,140.90872192382812,1.2027689931319316,-1,-99.57464526048133,0.0,-99.57464526048133
2026-04-13,298.8417358398437,141.16769409179688,1.3963206359630533,-1,-322.2181958483415,0.0,-322.2181958483415
2026-04-14,299.28955078125,143.6575927734375,0.7699779959066598,0,50.43814448590208,13.886197715751273,36.551946770150806
2026-04-15,303.50897216796875,141.87481689453125,1.0767148706708518,0,0.0,0.0,0.0
2026-04-16,307.8776550292969,140.4306640625,1.3568660579639615,0,0.0,0.0,0.0
2026-04-17,298.4834899902344,146.25704956054688,0.4764891430750066,0,0.0,0.0,0.0
2026-04-20,302.9218139648437,146.20726013183594,0.6686012722359067,0,0.0,0.0,0.0
2026-04-21,297.7968444824219,143.73727416992188,0.5988900837883633,0,0.0,0.0,0.0
2026-04-22,296.005615234375,139.64385986328125,0.806289766040901,0,0.0,0.0,0.0
2026-04-23,298.6626281738281,143.0400848388672,0.6570926400060413,0,0.0,0.0,0.0
2026-04-24,302.334716796875,145.68934631347656,0.6143496407043736,0,0.0,0.0,0.0
2026-04-27,296.99078369140625,143.58787536621094,0.5049358017714861,0,0.0,0.0,0.0
2026-04-28,302.16552734375,143.88665771484375,0.7095224392617209,0,0.0,0.0,0.0
2026-04-29,304.11602783203125,141.78518676757812,0.947035961555091,0,0.0,0.0,0.0
2026-04-30,298.6327819824219,143.29904174804688,0.5457310453198129,0,0.0,0.0,0.0
2026-05-01,325.3722839355469,142.3628387451172,1.8710053532594475,0,0.0,0.0,0.0
2026-05-04,337.2642517089844,139.04627990722656,2.646350576829671,0,0.0,0.0,0.0
2026-05-05,342.3096618652344,141.27723693847656,2.5950140468994114,-1,0.0,12.5,-12.5
2026-05-06,344.31982421875,144.97225952148438,2.300551271244205,-1,201.07210950659044,0.0,201.07210950659044
2026-05-07,337.0055236816406,146.3566436767578,1.8211260116366177,-1,408.52881396400613,0.0,408.52881396400613
2026-05-08,346.8674011230469,149.01585388183594,1.9975711108571594,-1,-202.8524075230522,0.0,-202.8524075230522
2026-05-11,348.778076171875,147.6314697265625,2.1283078005456915,-1,-185.35250062465667,0.0,-185.35250062465667
2026-05-12,354.0722045898437,149.77279663085938,2.1308016468339854,-1,-54.01661130045275,0.0,-54.01661130045275
2026-05-13,364.9193115234375,149.55368041992188,2.526208567001168,-1,-464.84562149088964,0.0,-464.84562149088964
2026-05-14,356.9283142089844,149.3146514892578,2.1622187277085847,-1,311.6600228114992,0.0,311.6600228114992
2026-05-15,361.2571716308594,147.98007202148438,2.3685389464263094,-1,-281.39711111479653,0.0,-281.39711111479653
2026-05-18,364.5013427734375,150.2608184814453,2.266683286431686,-1,41.36848569783538,0.0,41.36848569783538
2026-05-19,361.2074279785156,149.3943328857422,2.1311420935796277,-1,69.42237255394022,0.0,69.42237255394022
2026-05-20,359.1674194335937,154.47373962402344,1.641360591988711,-1,474.78839425288646,0.0,474.78839425288646
2026-05-21,350.2309875488281,153.477783203125,1.329959396019875,-1,292.5107496743797,0.0,292.5107496743797
2026-05-22,355.6147155761719,152.4718475341797,1.576501154229287,-1,-299.6965552595108,0.0,-299.6965552595108
2026-05-26,352.7685852050781,153.68692016601562,1.346899805823554,-1,210.9703158474941,0.0,210.9703158474941
2026-05-27,346.0016174316406,158.5272979736328,0.7347454733015695,-1,651.6396690860958,0.0,651.6396690860958
2026-05-28,342.5683898925781,157.40185546875,0.6565182484538201,-1,55.26608477996756,0.0,55.26608477996756
2026-05-29,332.635986328125,154.25462341308594,0.4515031675419895,-1,168.24333853609505,0.0,168.24333853609505
2026-06-01,300.1561889648437,154.38409423828125,-0.9673767960644728,-1,1351.4096361232585,0.0,1351.4096361232585
2026-06-02,274.8265686035156,157.57118225097656,-2.383647460934392,0,1291.185544291869,11.732818430560235,1279.4527258613089
2026-06-03,284.3102111816406,159.8519287109375,-2.0030488830758157,1,0.0,12.5,-12.5
2026-06-04,285.2376403808594,159.8618927001953,-1.9137436189790598,1,45.44091585331647,0.0,45.44091585331647
2026-06-05,281.1290588378906,161.49526977539062,-2.1612997451988183,1,-315.2967465686469,0.0,-315.2967465686469
2026-06-08,279.54345703125,162.6904296875,-2.250699244595657,1,-160.05975705119852,0.0,-160.05975705119852
2026-06-09,289.79498291015625,162.3119659423828,-1.7260665010054366,1,535.4916721377709,0.0,535.4916721377709
2026-06-10,300.2459411621094,160.81802368164062,-1.1852899226412714,1,621.2073323646249,0.0,621.2073323646249
2026-06-11,295.0802917480469,163.76605224609375,-1.5681394678730873,1,-457.1939038140945,0.0,-457.1939038140945
2026-06-12,294.0930480957031,166.44520568847656,-1.7617154648131639,1,-231.14511889873427,0.0,-231.14511889873427
2026-06-15,292.0986022949219,167.8694305419922,-1.8949315462180452,1,-195.95554480177412,0.0,-195.95554480177412
2026-06-16,264.5052185058594,169.81155395507812,-3.159341252250591,1,-1504.0980490953175,0.0,-1504.0980490953175
2026-06-17,253.9844665527344,169.97091674804688,-3.463433457612507,1,-533.991133886203,0.0,-533.991133886203
2026-06-18,248.4099578857422,170.32945251464844,-3.5083397102188187,1,-301.56494626997863,0.0,-301.56494626997863
2026-06-22,255.27088928222656,169.36337280273438,-2.9486057514056716,1,406.81807362189727,0.0,406.81807362189727
2026-06-23,256.7069091796875,170.19003295898438,-2.7963935551419157,1,15.235638052855748,0.0,15.235638052855748
2026-06-24,248.89859008789065,172.00267028808594,-3.0504198115753796,1,-511.4534718090805,0.0,-511.4534718090805
2026-06-25,244.3013610839844,173.42691040039062,-3.123192122193436,1,-325.3843767257797,0.0,-325.3843767257797
2026-06-26,241.5390472412109,172.15206909179688,-3.0014235538236362,1,-50.73322097462831,0.0,-50.73322097462831
2026-06-29,230.86866760253903,172.90899658203125,-3.238859881924849,1,-582.0370999442827,0.0,-582.0370999442827
2026-06-30,241.9977569580078,172.4209747314453,-2.6544993467447235,1,586.5746480304779,0.0,586.5746480304779
2026-07-01,247.0337677001953,167.72999572753906,-2.2182642333465625,1,569.183670287862,0.0,569.183670287862
2026-07-02,248.30026245117188,169.2438507080078,-2.1511676756923386,1,-39.89027329628502,0.0,-39.89027329628502
2026-07-06,244.4010772705078,165.73806762695312,-2.0733450044222996,1,44.329989514134496,0.0,44.329989514134496
2026-07-07,257.92352294921875,165.95718383789062,-1.6354609782284273,1,657.5371757391017,0.0,657.5371757391017
2026-07-08,264.2459716796875,162.79998779296875,-1.3261759622637483,1,528.9309701862329,0.0,528.9309701862329
2026-07-09,267.1080017089844,163.55691528320312,-1.2493597400213017,1,90.88484881318632,0.0,90.88484881318632
2026-07-10,267.327392578125,164.34371948242188,-1.240874571905909,1,-42.55502123164507,0.0,-42.55502123164507
2026-07-13,276.3623046875,161.7542266845703,-0.9092888981903601,1,625.2364542624707,0.0,625.2364542624707
2026-07-14,274.21826171875,158.0990447998047,-0.8247997881203178,1,141.75929079894894,0.0,141.75929079894894
2026-07-15,276.34234619140625,159.22447204589844,-0.7923861104105687,1,29.149110945774893,0.0,29.149110945774893
2026-07-16,277.1202087402344,159.22447204589844,-0.7571211728603487,1,38.68053030214268,0.0,38.68053030214268
2026-07-17,272.6526184082031,157.44171142578125,-0.790903377349528,1,-101.01704819319242,0.0,-101.01704819319242
2026-07-20,277.4393005371094,155.7684783935547,-0.6034556192131842,1,351.7247206006348,0.0,351.7247206006348
2026-07-21,273.6398620605469,155.3601531982422,-0.6692825256416817,1,-161.18715185242112,0.0,-161.18715185242112
2026-07-22,281.01934814453125,154.91195678710938,-0.4656363574354333,1,397.4130839668636,0.0,397.4130839668636
2026-07-23,284.07086181640625,153.49769592285156,-0.3354420093895854,1,247.8429627824201,0.0,247.8429627824201
2026-07-24,284.2803039550781,155.5493621826172,-0.3874161301570482,1,-128.99913766701326,0.0,-128.99913766701326
2026-07-27,288.0697631835937,158.8659210205078,-0.39585573616272557,1,-36.9282081759379,0.0,-36.9282081759379
2026-07-28,296.5661926269531,161.5351104736328,-0.2763102747067276,1,241.12362796937217,0.0,241.12362796937217
2026-07-29,306.9573059082031,160.86781311035156,-0.015556517976473677,1,562.0595977840645,0.0,562.0595977840645
2026-07-30,295.6985778808594,161.93348693847656,-0.29342395699070917,1,-632.2735254526752,0.0,-632.2735254526752
2026-07-31,309.37060546875,161.62474060058594,0.029498758341106792,1,700.8444930793613,0.0,700.8444930793613
2026-08-03,297.00494384765625,157.36203002929688,-0.08104312037682403,0,-325.24543202189096,12.731037223969446,-337.9764692458604
2026-08-04,287.6210327148437,156.47561645507812,-0.27508678545691445,0,0.0,0.0,0.0
2026-08-05,283.9711608886719,160.071044921875,-0.4644306124579507,0,0.0,0.0,0.0
2026-08-06,288.36895751953125,158.6567840576172,-0.30648033729772967,0,0.0,0.0,0.0
2026-08-07,285.7861022949219,156.87400817871094,-0.3110347446402778,0,0.0,0.0,0.0
2026-08-10,284.2304382324219,155.00160217285156,-0.285248071960164,0,0.0,0.0,0.0
2026-08-11,281.9468078613281,155.24063110351562,-0.34203722398253866,0,0.0,0.0,0.0
2026-08-12,290.1739501953125,161.16661071777344,-0.30560014206597186,0,0.0,0.0,0.0
2026-08-13,292.2680969238281,158.85597229003906,-0.1788239838212864,0,0.0,0.0,0.0
2026-08-14,295.31964111328125,159.57305908203125,-0.11717899579126374,0,0.0,0.0,0.0
2026-08-17,294.18280029296875,159.60293579101562,-0.1355947634946976,0,0.0,0.0,0.0
2026-08-18,290.18389892578125,158.73646545410156,-0.20008323163333977,0,0.0,0.0,0.0
2026-08-19,279.9722595214844,160.90765380859375,-0.5109495561673938,0,0.0,0.0,0.0
2026-08-20,293.2952575683594,159.09500122070312,-0.11730531267427761,0,0.0,0.0,0.0
2026-08-21,299.9068908691406,159.91000366210938,0.02471729231806686,0,0.0,0.0,0.0
2026-08-24,307.2365417480469,162.52999877929688,0.1259362693417751,0,0.0,0.0,0.0
2026-08-25,307.9645080566406,163.75,0.1141565804924004,0,0.0,0.0,0.0
2026-08-26,311.3251647949219,164.5800018310547,0.17654101871687752,0,0.0,0.0,0.0
2026-08-27,313.080322265625,163.02000427246094,0.26474751387344997,0,0.0,0.0,0.0
2026-08-28,309.5899963378906,162.3800048828125,0.20625973812490028,0,0.0,0.0,0.0
2026-08-31,300.20001220703125,160.05999755859375,0.056487677991068165,0,0.0,0.0,0.0
2026-09-01,307.6199951171875,155.27000427246094,0.3824351727572577,0,0.0,0.0,0.0
2026-09-02,294.1199951171875,160.50999450683594,-0.09613014893293345,0,0.0,0.0,0.0
2026-09-03,298.5,160.77000427246094,0.010077484100425383,0,0.0,0.0,0.0
2026-09-04,298.3800048828125,159.9499969482422,0.03707818989268348,0,0.0,0.0,0.0
2026-09-08,293.3299865722656,154.69000244140625,0.0794954539611971,0,0.0,0.0,0.0
2026-09-09,291.8699951171875,154.72000122070312,0.05008912021596067,0,0.0,0.0,0.0
2026-09-10,287.489990234375,152.77000427246094,0.006751066333422015,0,0.0,0.0,0.0
2026-09-11,281.0400085449219,153.8300018310547,-0.17951497545762124,0,0.0,0.0,0.0
2026-09-14,284.5,155.1300048828125,-0.11166401828710186,0,0.0,0.0,0.0
2026-09-15,270.44000244140625,153.39999389648438,-0.421727931896805,0,0.0,0.0,0.0
