,SELECTED_net_pnl,ALL_CANDIDATES_net_pnl,SELECTED_cum,ALL_CANDIDATES_cum
2022-03-18,0.0,0.0,0.0,0.0
2022-03-21,0.0,798.9691129372402,0.0,798.9691129372402
2022-03-22,1916.80253590828,2859.1846583686256,1916.80253590828,3658.153771305866
2022-03-23,-3066.493976719434,-8225.262856955691,-1149.691440811154,-4567.109085649825
2022-03-24,-374.815396902424,-463.7607124554577,-1524.506837713578,-5030.869798105283
2022-03-25,-1653.5852481230645,-5458.240747678271,-3178.0920858366426,-10489.110545783555
2022-03-28,-675.2312364507745,655.7415548556336,-3853.323322287417,-9833.368990927922
2022-03-29,3773.0836803003076,15631.333131500412,-80.23964198710928,5797.964140572491
2022-03-30,-6146.915468251058,-14128.798287143813,-6227.155110238167,-8330.834146571322
2022-03-31,-2245.6912938611367,-3844.615952620776,-8472.846404099304,-12175.450099192098
2022-04-01,-5215.066814184414,-6770.589795859923,-13687.913218283718,-18946.03989505202
2022-04-04,3211.9331428335845,9367.471038539985,-10475.980075450134,-9578.568856512036
2022-04-05,-879.642609246781,-6684.679625250172,-11355.622684696915,-16263.248481762208
2022-04-06,-3650.218855002397,-18545.83021833989,-15005.841539699311,-34809.078700102094
2022-04-07,-1353.3126261098248,-3692.635349648887,-16359.154165809136,-38501.71404975098
2022-04-08,307.02996531688075,-14.361501832309045,-16052.124200492255,-38516.07555158329
2022-04-11,3983.812410420578,9143.220981124725,-12068.311790071677,-29372.85457045857
2022-04-12,-3797.3569125518843,668.8429404664996,-15865.668702623561,-28704.01162999207
2022-04-13,1015.1461004968784,4919.726143708894,-14850.522602126683,-23784.285486283177
2022-04-14,-2341.2199568541573,-1733.7425080311614,-17191.74255898084,-25518.02799431434
2022-04-18,-1379.3308525202258,-787.0336795815208,-18571.073411501067,-26305.06167389586
2022-04-19,9601.154571068619,11971.023485071153,-8969.918840432449,-14334.038188824707
2022-04-20,5161.37611892731,621.3247129343733,-3808.5427215051386,-13712.713475890334
2022-04-21,10105.55685845625,16332.328531687046,6297.014136951111,2619.615055796712
2022-04-22,5633.535448464469,6504.543932662825,11930.54958541558,9124.158988459538
2022-04-25,10434.665959839376,15838.083812414701,22365.215545254956,24962.24280087424
2022-04-26,-783.8699309149524,-525.6159619617044,21581.345614340004,24436.626838912536
2022-04-27,-10521.148162137817,-6665.593136799125,11060.197452202186,17771.03370211341
2022-04-28,6279.539336912912,12269.007337463257,17339.7367891151,30040.041039576667
2022-04-29,-6342.335178401381,-9730.0968469951,10997.40161071372,20309.944192581566
2022-05-02,2876.3529290433016,4679.572121621304,13873.754539757021,24989.51631420287
2022-05-03,-1207.037991935019,3711.310215463137,12666.716547822001,28700.826529666007
2022-05-04,-1236.3340970762017,3230.4035112191577,11430.3824507458,31931.230040885166
2022-05-05,2430.72220678605,-7336.4947058540765,13861.104657531849,24594.735335031088
2022-05-06,-2739.6875888423992,-987.912206960648,11121.41706868945,23606.82312807044
2022-05-09,6535.9015771125,6572.975404851615,17657.318645801948,30179.798532922054
2022-05-10,-4309.058177020105,-8215.8230283003,13348.260468781842,21963.975504621754
2022-05-11,-10685.90774211549,-17555.00733727315,2662.3527266663514,4408.968167348605
2022-05-12,11459.382781592072,16699.47081265708,14121.735508258424,21108.438980005685
2022-05-13,4690.142903023501,12878.386915538596,18811.878411281927,33986.82589554428
2022-05-16,-11037.4831179733,-19796.153812575227,7774.3952933086275,14190.672082969053
2022-05-17,-14674.496943510923,-10787.543655371472,-6900.101650202296,3403.1284275975813
2022-05-18,-3781.290634125723,-8507.959373366828,-10681.39228432802,-5104.830945769247
2022-05-19,105.5734509876263,3020.70044785733,-10575.818833340394,-2084.130497911917
2022-05-20,1741.8243987043306,4286.393989850629,-8833.994434636064,2202.263491938712
2022-05-23,-4994.476633872039,-6537.420780657503,-13828.471068508105,-4335.157288718791
2022-05-24,-13735.510996076207,-27791.983313109682,-27563.982064584314,-32127.140601828472
2022-05-25,7240.38809684797,9583.726449378415,-20323.593967736342,-22543.41415245006
2022-05-26,8788.434568274093,14440.864596003132,-11535.159399462249,-8102.549556446927
2022-05-27,-10351.441211314388,-11049.02602507958,-21886.600610776637,-19151.575581526507
2022-05-31,3243.428874651768,6103.931258752681,-18643.17173612487,-13047.644322773827
2022-06-01,-2422.167162243383,237.4130343828474,-21065.338898368253,-12810.23128839098
2022-06-02,-4564.225249990972,356.8045653756165,-25629.564148359226,-12453.426723015364
2022-06-03,-1341.4867820550894,-2431.18327788135,-26971.050930414316,-14884.610000896713
2022-06-06,1436.1368202941426,3538.636609136161,-25534.914110120175,-11345.973391760552
2022-06-07,-10217.220093145632,-10573.403627010051,-35752.13420326581,-21919.377018770603
2022-06-08,4699.593310628411,5958.817972124782,-31052.540892637397,-15960.559046645822
2022-06-09,4383.880813526973,12134.093644744878,-26668.660079110425,-3826.465401900943
2022-06-10,-385.72566212463107,-13338.904317586619,-27054.385741235055,-17165.369719487564
2022-06-13,-1344.400965166715,-3362.6572484081025,-28398.78670640177,-20528.02696789567
2022-06-14,3954.013412106002,2909.634943242563,-24444.773294295766,-17618.392024653105
2022-06-15,3302.0852376426424,3572.562203816148,-21142.688056653125,-14045.829820836956
2022-06-16,1522.9049100962643,-220.67576009072417,-19619.78314655686,-14266.50558092768
2022-06-17,10619.478497420769,9926.039329417385,-9000.304649136091,-4340.4662515102955
2022-06-21,-2436.300150408967,-7783.517928996984,-11436.604799545057,-12123.98418050728
2022-06-22,12705.861609132504,22867.607549125332,1269.2568095874467,10743.623368618053
2022-06-23,3911.140034810131,34619.50468585731,5180.396844397577,45363.12805447537
2022-06-24,4808.907468696991,4600.099722196334,9989.304313094568,49963.2277766717
2022-06-27,-2237.803346634026,-7265.1878443017495,7751.500966460542,42698.03993236995
2022-06-28,-2549.909725354833,-9648.144554888353,5201.591241105709,33049.895377481604
2022-06-29,-4976.260682571378,-9862.539827696908,225.33055853433052,23187.355549784697
2022-06-30,-221.35329877272366,-2106.544958200624,3.9772597616068595,21080.81059158407
2022-07-01,3975.6570746680945,13744.534527575217,3979.6343344297015,34825.34511915929
2022-07-05,18723.110925129502,31431.85058451607,22702.745259559204,66257.19570367536
2022-07-06,-9317.98377607363,-17735.725080235017,13384.761483485574,48521.47062344034
2022-07-07,-383.2022464679835,-1379.184598811318,13001.559237017591,47142.28602462902
2022-07-08,-3246.2022688972866,-3958.623743043886,9755.356968120304,43183.66228158514
2022-07-11,228.76567489146947,1701.405000655841,9984.122643011773,44885.067282240976
2022-07-12,5024.882895109941,4666.09011237242,15009.005538121713,49551.157394613394
2022-07-13,2333.646490228149,5489.964416743682,17342.65202834986,55041.12181135708
2022-07-14,-4631.924300898491,-3270.7387763817464,12710.727727451369,51770.38303497533
2022-07-15,3253.323842175993,1388.4301400959516,15964.051569627361,53158.813175071286
2022-07-18,2118.3900450567694,11717.727435308694,18082.441614684132,64876.540610379976
2022-07-19,2458.6174418562637,5476.618385732427,20541.059056540395,70353.1589961124
2022-07-20,7151.895899604822,19869.706154760737,27692.954956145215,90222.86515087314
2022-07-21,-2798.742897321905,896.5295986611541,24894.21205882331,91119.3947495343
2022-07-22,-3684.340436708746,-2878.5877280555424,21209.871622114562,88240.80702147876
2022-07-25,-6016.739361203445,-13633.368286654124,15193.132260911118,74607.43873482464
2022-07-26,-5418.072290357555,-12191.335954864337,9775.059970553562,62416.1027799603
2022-07-27,10141.816681562646,10812.299755711978,19916.87665211621,73228.40253567229
2022-07-28,-2000.3419121898055,-3513.5310942235596,17916.534739926406,69714.87144144872
2022-07-29,-2861.0559724608333,-8651.760668234976,15055.478767465573,61063.110773213746
2022-08-01,6657.801257968194,10616.165450836153,21713.280025433767,71679.2762240499
2022-08-02,12938.588577149909,5625.182631982241,34651.86860258368,77304.45885603214
2022-08-03,-524.7393232467861,-1036.136586249741,34127.12927933689,76268.3222697824
2022-08-04,-3645.0367072087297,4632.5212569358655,30482.092572128164,80900.84352671826
2022-08-05,-2887.695175192719,-5589.654089369367,27594.397396935445,75311.18943734889
2022-08-08,3286.744732499598,5647.535263752022,30881.142129435044,80958.72470110092
2022-08-09,-4537.976767075822,-12690.62970756781,26343.16536235922,68268.0949935331
2022-08-10,2213.4666423013873,10689.59123320092,28556.63200466061,78957.68622673402
2022-08-11,2948.958268610505,10308.798006345927,31505.590273271115,89266.48423307994
2022-08-12,2161.1207764745277,1269.90750219901,33666.711049745645,90536.39173527896
2022-08-15,-138.93525107001312,-6804.003496700931,33527.77579867563,83732.38823857803
2022-08-16,396.7701838730625,2744.4805904132377,33924.5459825487,86476.86882899127
2022-08-17,-5596.887952567387,-15748.963514459718,28327.65802998131,70727.90531453156
2022-08-18,-33.00331693505683,-3936.653085125527,28294.654713046253,66791.25222940603
2022-08-19,-6926.694292829457,-24497.57522634357,21367.960420216798,42293.67700306246
2022-08-22,-5235.1190469418725,-6048.080718865606,16132.841373274925,36245.59628419686
2022-08-23,1163.8033428114431,2021.1878676143253,17296.644716086368,38266.78415181118
2022-08-24,750.6174605304459,4280.085595986409,18047.262176616816,42546.869747797595
2022-08-25,-1473.1098659626957,-416.76733683294475,16574.15231065412,42130.10241096465
2022-08-26,-2142.5267093072966,-14281.733950491769,14431.625601346825,27848.368460472884
2022-08-29,200.32900619852018,-914.4863207228625,14631.954607545345,26933.88213975002
2022-08-30,2347.806951471669,476.75372904549954,16979.761559017013,27410.63586879552
2022-08-31,2558.3909308908615,1575.5547055490779,19538.152489907876,28986.1905743446
2022-09-01,1193.2308352316513,-7217.185937501223,20731.383325139526,21769.004636843376
2022-09-02,1272.1870350290062,7696.699106130613,22003.57036016853,29465.703742973987
2022-09-06,2678.1366757808187,-137.1028625437409,24681.70703594935,29328.600880430247
2022-09-07,3626.239379389605,-360.79567554712946,28307.946415338953,28967.80520488312
2022-09-08,-97.17536874928636,832.3223844709798,28210.771046589667,29800.1275893541
2022-09-09,498.8623440167153,4851.095558759581,28709.63339060638,34651.22314811368
2022-09-12,1800.3177876759783,4109.976909671403,30509.95117828236,38761.20005778508
2022-09-13,-6374.759640337377,-16752.31449944703,24135.191537944986,22008.885558338046
2022-09-14,3019.561949205849,-3893.002909320917,27154.753487150836,18115.88264901713
2022-09-15,1930.7010189081698,4008.3408508769908,29085.454506059006,22124.22349989412
2022-09-16,-2407.321617236532,-6925.6627086858025,26678.132888822474,15198.560791208318
2022-09-19,0.0,0.0,26678.132888822474,15198.560791208318
2022-09-20,-1108.2485883160907,-948.7071357486234,25569.884300506383,14249.853655459694
2022-09-21,-33.63680268756238,-414.72330685726854,25536.247497818822,13835.130348602426
2022-09-22,442.86429171125855,-19872.093389820697,25979.11178953008,-6036.9630412182705
2022-09-23,-209.57567246720026,69.9713097675426,25769.536117062882,-5966.9917314507275
2022-09-26,-1744.7254995408775,-11042.354959429053,24024.810617522005,-17009.346690879778
2022-09-27,1433.8832262581536,-5421.711860625187,25458.69384378016,-22431.058551504964
2022-09-28,3423.475164419311,8750.850073124473,28882.169008199467,-13680.208478380491
2022-09-29,-957.884355298395,-8728.02586973623,27924.28465290107,-22408.23434811672
2022-09-30,2066.5771919935114,4750.143739519819,29990.86184489458,-17658.0906085969
2022-10-03,-3.8240338458347196,-969.8166199709823,29987.037811048747,-18627.90722856788
2022-10-04,28.226303278256637,9128.740804418605,30015.264114327005,-9499.166424149276
2022-10-05,-3849.1107103856148,-5433.861542121678,26166.15340394139,-14933.027966270954
2022-10-06,2029.8749808128043,9338.473943790344,28196.028384754194,-5594.55402248061
2022-10-07,-700.7672368648305,-1013.5645772457705,27495.261147889363,-6608.11859972638
2022-10-10,2116.823480397594,-4869.833914181882,29612.084628286957,-11477.952513908262
2022-10-11,354.21144543758896,3122.958800711821,29966.296073724545,-8354.99371319644
2022-10-12,-1056.970517203233,591.5963568505895,28909.32555652131,-7763.39735634585
2022-10-13,2603.5454210387397,-935.14009900311,31512.87097756005,-8698.53745534896
2022-10-14,1137.6242360752635,3620.365537063659,32650.495213635313,-5078.171918285301
2022-10-17,-599.0440116447726,5397.89119073514,32051.45120199054,319.7192724498391
2022-10-18,2212.1970015449183,9751.738031440913,34263.64820353546,10071.457303890751
2022-10-19,-7225.77561230574,-29903.242680855565,27037.872591229716,-19831.785376964814
2022-10-20,-5172.546203642967,-11278.028043173803,21865.32638758675,-31109.813420138616
2022-10-21,-2179.9454181752617,-9750.280334722034,19685.380969411486,-40860.09375486065
2022-10-24,-88.7674724560851,2334.5213647981745,19596.6134969554,-38525.57239006248
2022-10-25,5341.039586959731,21958.541918464492,24937.65308391513,-16567.030471597987
2022-10-26,955.9205354948575,1911.569154093608,25893.573619409988,-14655.46131750438
2022-10-27,2976.6886488750793,-11474.755753194948,28870.262268285067,-26130.217070699327
2022-10-28,4635.705827181991,11831.266166585545,33505.968095467055,-14298.950904113783
2022-10-31,-1562.7482510674406,-5494.597317061927,31943.219844399613,-19793.54822117571
2022-11-01,-575.0922261052559,-12.789451280543574,31368.12761829436,-19806.337672456255
2022-11-02,-2885.9355897350674,-5660.111731317554,28482.19202855929,-25466.449403773808
2022-11-03,4269.618226468664,-20982.171307053857,32751.810255027955,-46448.620710827665
2022-11-04,-4755.855194705806,-6014.711646252514,27995.95506032215,-52463.33235708018
2022-11-07,-370.1994465693173,-1580.5622549758825,27625.755613752834,-54043.894612056065
2022-11-08,713.162979671527,1902.7338996028125,28338.91859342436,-52141.16071245325
2022-11-09,-172.86940624018473,416.7300292989797,28166.049187184177,-51724.43068315427
2022-11-10,6053.125360383555,55050.79047700504,34219.17454756773,3326.3597938507664
2022-11-11,356.4050261396801,12216.44646481356,34575.57957370741,15542.806258664326
2022-11-14,-5155.745961587063,-14044.460415396876,29419.833612120347,1498.3458432674506
2022-11-15,1185.4123020403179,17714.602549377425,30605.245914160663,19212.948392644874
2022-11-16,-205.1716974366783,-12233.264815179587,30400.074216723984,6979.683577465286
2022-11-17,-4517.429100153801,-20559.26763743194,25882.645116570184,-13579.584059966655
2022-11-18,2198.6594940520235,158.72707111414945,28081.304610622206,-13420.856988852505
2022-11-21,4754.2375294071335,-3238.619947535146,32835.54214002934,-16659.47693638765
2022-11-22,148.0073768392126,-1301.2908028328093,32983.54951686855,-17960.76773922046
2022-11-23,-1462.123455271147,-1686.2415515812836,31521.426061597405,-19647.009290801743
2022-11-25,3119.2808638764272,6914.176393065497,34640.70692547383,-12732.832897736247
2022-11-28,-1986.6407565709023,-6183.726297481125,32654.06616890293,-18916.55919521737
2022-11-29,-54.62099760441359,-3518.6768177604035,32599.445171298517,-22435.236012977773
2022-11-30,-1358.3505332445595,5772.452281404036,31241.094638053957,-16662.783731573738
2022-12-01,1413.6167787474496,14146.95638815656,32654.71141680141,-2515.827343417179
2022-12-02,-961.1008499898142,-12471.972007709508,31693.610566811596,-14987.799351126687
2022-12-05,-3289.0080405965846,-9147.46448049247,28404.60252621501,-24135.26383161916
2022-12-06,-3036.7350803526942,-7775.483813719796,25367.867445862317,-31910.747645338954
2022-12-07,274.3842424477102,8337.39193789769,25642.25168831003,-23573.355707441264
2022-12-08,-1647.454926595236,3454.0347408577145,23994.79676171479,-20119.32096658355
2022-12-09,541.131837723988,8494.993635630155,24535.92859943878,-11624.327330953394
2022-12-12,5333.168753689041,11544.203643782665,29869.09735312782,-80.12368717072968
2022-12-13,5600.83047424371,23365.086991855966,35469.92782737153,23284.963304685236
2022-12-14,-391.44274770950096,-7818.640859028467,35078.48507966203,15466.32244565677
2022-12-15,550.6788038647353,472.68792912877683,35629.163883526766,15939.010374785546
2022-12-16,-1060.9508242637435,-8622.020298144791,34568.21305926302,7316.990076640755
2022-12-19,-1843.6265889361298,-15741.413447720217,32724.58647032689,-8424.423371079462
2022-12-20,-2989.3133075949704,-7945.533123968173,29735.27316273192,-16369.956495047634
2022-12-21,482.7092136061823,-1940.9919193562148,30217.982376338103,-18310.94841440385
2022-12-22,3865.714137207815,7266.084869685223,34083.69651354592,-11044.863544718628
2022-12-23,-229.62890754199208,-5004.105465161861,33854.067606003926,-16048.96900988049
2022-12-27,561.9761428521616,-5965.387061458471,34416.043748856086,-22014.35607133896
2022-12-28,-522.5979662434631,-5742.5011026973525,33893.44578261262,-27756.85717403631
2022-12-29,2739.6397680843106,16108.755552029152,36633.08555069693,-11648.10162200716
2022-12-30,-1897.3832628513962,-3323.065998397028,34735.70228784553,-14971.167620404187
2023-01-03,3010.4641011158055,11525.962082539216,37746.16638896134,-3445.205537864971
2023-01-04,2761.3888875679204,18986.829888817338,40507.55527652926,15541.624350952367
2023-01-05,-1768.711459230925,-12897.375955135965,38738.84381729834,2644.248395816401
2023-01-06,12.964303391255726,2766.7248470434965,38751.808120689595,5410.973242859898
2023-01-09,748.2339506971812,7940.84119409701,39500.04207138678,13351.814436956909
2023-01-10,-1474.4723832727163,1122.1709694802503,38025.56968811406,14473.98540643716
2023-01-11,592.7399467157204,5819.4433136811,38618.309634829784,20293.42872011826
2023-01-12,-1682.236505121153,-531.1573310981787,36936.07312970863,19762.27138902008
2023-01-13,-2543.72389494694,-6817.108189723869,34392.34923476169,12945.16319929621
2023-01-17,4251.040389739371,15295.0600283633,38643.38962450106,28240.22322765951
2023-01-18,-155.95611280513765,703.461930255286,38487.43351169593,28943.685157914795
2023-01-19,-3240.92884269058,-8649.924186435373,35246.50466900535,20293.760971479423
2023-01-20,1958.6559921781286,10284.073129214636,37205.16066118348,30577.83410069406
2023-01-23,546.4032390532767,8373.143419407334,37751.56390023675,38950.9775201014
2023-01-24,-8737.328766706176,-18940.745948124204,29014.23513353058,20010.231571977194
2023-01-25,-5022.948957036237,-13788.031554855872,23991.286176494345,6222.200017121322
2023-01-26,-2769.081758280872,-3804.785984127215,21222.204418213474,2417.414032994107
2023-01-27,2744.5087273149347,10234.996015120274,23966.71314552841,12652.410048114381
2023-01-30,1963.7976898183504,-3876.7787652701168,25930.510835346762,8775.631282844264
2023-01-31,4915.7445416474075,18899.545005940447,30846.25537699417,27675.17628878471
2023-02-01,3296.154381885522,10790.711244373551,34142.409758879694,38465.88753315826
2023-02-02,9099.487541227261,37034.77047397429,43241.89730010695,75500.65800713256
2023-02-03,-2162.9012372403877,-6325.7464649956055,41078.996062866565,69174.91154213695
2023-02-06,-1588.4785331382677,-16730.798816695507,39490.5175297283,52444.112725441446
2023-02-07,274.9392146734533,4426.492213977531,39765.45674440175,56870.604939418976
2023-02-08,-1718.7141652587677,-10485.084309013626,38046.742579142985,46385.52063040535
2023-02-09,-4603.404046090334,-16144.465752690474,33443.33853305265,30241.054877714876
2023-02-10,4027.283508201212,-3587.6847554022297,37470.62204125386,26653.370122312648
2023-02-13,-1442.4259383412852,-4502.273005089017,36028.196102912574,22151.09711722363
2023-02-14,-3169.316577705821,-3986.6283883645324,32858.87952520675,18164.468728859098
2023-02-15,137.75906725110042,-9605.08678653352,32996.63859245785,8559.381942325577
2023-02-16,-5235.885857582817,-20616.9671072663,27760.752734875034,-12057.585164940723
2023-02-17,744.2671549703381,-2283.344218921206,28505.01988984537,-14340.929383861929
2023-02-21,-4774.234330141021,-15231.39254332842,23730.78555970435,-29572.32192719035
2023-02-22,5051.149668835278,19798.64540975038,28781.935228539627,-9773.67651743997
2023-02-23,1990.070409281845,1365.0121717080733,30772.005637821472,-8408.664345731897
2023-02-24,6827.830397234945,4703.672022940536,37599.83603505642,-3704.9923227913605
2023-02-27,4330.475983343191,14275.839241715013,41930.31201839961,10570.846918923653
2023-02-28,-3210.7537756209736,-9517.025202871746,38719.558242778636,1053.821716051907
2023-03-01,-6082.885338824712,-19048.029299854315,32636.672903953924,-17994.20758380241
2023-03-02,-1938.3575711582296,-1513.5572046913362,30698.315332795693,-19507.764788493747
2023-03-03,-3806.8004143049748,-5001.347830319226,26891.51491849072,-24509.11261881297
2023-03-06,1360.389451921063,-3189.8181276065156,28251.904370411783,-27698.930746419486
2023-03-07,665.4641606887242,3097.187594508033,28917.368531100507,-24601.743151911454
2023-03-08,-1662.670587925113,-144.22611035499696,27254.697943175393,-24745.96926226645
2023-03-09,-1847.694301210101,-6362.379422437781,25407.003641965293,-31108.348684704233
2023-03-10,-6030.810792896089,-6241.530138724937,19376.192849069204,-37349.87882342917
2023-03-13,-3776.258307126353,-6029.750221363103,15599.934541942852,-43379.62904479227
2023-03-14,2925.2804898086592,-2807.711286493807,18525.21503175151,-46187.34033128608
2023-03-15,3477.1648479433807,16288.943526166695,22002.37987969489,-29898.396805119388
2023-03-16,3413.6397565763873,-4735.464817164738,25416.019636271278,-34633.86162228412
2023-03-17,-744.7588602976568,3799.4973859967868,24671.26077597362,-30834.364236287336
2023-03-20,-3765.7864648609984,-13573.93722363555,20905.474311112623,-44408.301459922885
2023-03-21,0.0,0.0,20905.474311112623,-44408.301459922885
2023-03-22,-1938.5974604674545,-8357.871593686503,18966.876850645167,-52766.17305360939
2023-03-23,-3434.496312591983,-5154.491217416917,15532.380538053185,-57920.664271026304
2023-03-24,3747.56534745928,5606.632340171227,19279.945885512465,-52314.031930855075
2023-03-27,849.586486539678,9360.89821756698,20129.532372052145,-42953.133713288094
2023-03-28,-452.44910723950454,-166.77571291606307,19677.08326481264,-43119.909426204154
2023-03-29,2048.3261352691597,9576.003387402458,21725.4094000818,-33543.906038801695
2023-03-30,-352.7745927082168,-3685.866382180311,21372.634807373583,-37229.77242098201
2023-03-31,-416.36494101041603,9815.779776110365,20956.269866363167,-27413.992644871643
2023-04-03,-409.515190966613,-7848.290930595702,20546.754675396554,-35262.28357546734
2023-04-04,5082.870775867716,10664.962785142523,25629.62545126427,-24597.32079032482
2023-04-05,6788.807170983092,160.3083931459321,32418.43262224736,-24437.012397178885
2023-04-06,2283.768616732249,10162.3060097685,34702.20123897961,-14274.706387410386
2023-04-10,-2689.478310147418,-11024.03808793846,32012.72292883219,-25298.744475348845
2023-04-11,141.2976129506277,-4969.939438591668,32154.02054178282,-30268.683913940513
2023-04-12,1138.381826674262,-2330.4002279136653,33292.40236845708,-32599.08414185418
2023-04-13,-1139.5930217332857,5990.570833649115,32152.809346723792,-26608.513308205063
2023-04-14,-2027.2941629460934,283.1180196371554,30125.515183777698,-26325.395288567906
2023-04-17,-138.66393041876373,464.1815974095723,29986.851253358935,-25861.213691158333
2023-04-18,-1638.2472358147013,-13057.692333147801,28348.604017544232,-38918.90602430613
2023-04-19,1415.9440470668408,16458.521808026537,29764.548064611074,-22460.384216279595
2023-04-20,-1248.3023703875851,4426.383092841364,28516.24569422349,-18034.001123438233
2023-04-21,-504.2254033029039,3709.4105478888296,28012.020290920587,-14324.590575549402
2023-04-24,112.47215235246318,-4768.576962364495,28124.49244327305,-19093.167537913898
2023-04-25,2089.6860123012116,-11301.352896082844,30214.178455574263,-30394.520433996742
2023-04-26,329.1203367551976,-9894.508825932557,30543.29879232946,-40289.0292599293
2023-04-27,2081.9704901893365,1305.4721395698293,32625.2692825188,-38983.55712035947
2023-04-28,-3950.330693515783,-539.9024664400047,28674.938589003017,-39523.45958679948
2023-05-01,-1317.007649419273,9547.917902609595,27357.930939583744,-29975.541684189884
2023-05-02,2356.4091691483177,-147.91908278736133,29714.340108732064,-30123.460766977245
2023-05-03,721.7033145053812,126.37070132339386,30436.043423237446,-29997.09006565385
2023-05-04,1559.9790360103766,4638.167217206688,31996.022459247823,-25358.92284844716
2023-05-05,-1021.2915795134516,272.3633928431916,30974.730879734372,-25086.55945560397
2023-05-08,-965.6901051120532,-10352.977977738972,30009.040774622317,-35439.53743334294
2023-05-09,58.71580151305477,961.2262526666213,30067.756576135373,-34478.31118067632
2023-05-10,1629.4784451227129,2805.2752821034474,31697.235021258086,-31673.03589857287
2023-05-11,-3355.047088094588,-58.851276338716616,28342.1879331635,-31731.887174911586
2023-05-12,-275.9749874893256,-2764.501507309774,28066.212945674175,-34496.38868222136
2023-05-15,-3372.77288058888,4314.77613034012,24693.440065085295,-30181.61255188124
2023-05-16,-3106.579399577684,-12103.863833080799,21586.86066550761,-42285.476384962036
2023-05-17,-4238.116805406874,-6817.21682103274,17348.743860100738,-49102.69320599477
2023-05-18,-3303.565819945865,1791.5247415038975,14045.178040154873,-47311.168464490875
2023-05-19,-1684.5391767446504,-2556.4054557059417,12360.638863410222,-49867.57392019682
2023-05-22,1910.49267788629,11617.17076624271,14271.131541296512,-38250.4031539541
2023-05-23,-2945.271496667679,-5462.678116079177,11325.860044628833,-43713.08127003328
2023-05-24,-178.050389646295,-3756.645940265242,11147.809654982539,-47469.72721029852
2023-05-25,-10546.113836920957,-10023.45882485944,601.695818061582,-57493.18603515796
2023-05-26,-2973.4528074422424,-4731.54226381326,-2371.7569893806603,-62224.72829897122
2023-05-30,934.148747501948,1435.2821585156428,-1437.6082418787123,-60789.44614045558
2023-05-31,4630.990011504664,4243.15111097735,3193.3817696259516,-56546.29502947823
2023-06-01,-4348.58100286924,-9810.205556209414,-1155.1992332432887,-66356.50058568764
2023-06-02,-3867.2628256267326,-4903.092147124866,-5022.462058870022,-71259.59273281251
2023-06-05,1884.4518519989472,5905.224649486318,-3138.010206871075,-65354.36808332619
2023-06-06,-1481.3744640252662,-5231.616859392205,-4619.384670896341,-70585.9849427184
2023-06-07,3629.325421966337,15546.353840514315,-990.0592489300038,-55039.631102204075
2023-06-08,476.94818521223596,-7862.99016929934,-513.1110637177678,-62902.62127150341
2023-06-09,-851.5320648824011,-8016.49517886618,-1364.643128600169,-70919.11645036959
2023-06-12,-1289.901507626832,-278.9061875642918,-2654.544636227001,-71198.02263793389
2023-06-13,-1873.946396768951,-6922.924945733221,-4528.491032995952,-78120.9475836671
2023-06-14,-598.5805934713703,17017.25213606957,-5127.071626467323,-61103.695447597536
2023-06-15,339.33017247751934,-693.6506849273053,-4787.741453989804,-61797.34613252484
2023-06-16,719.4406198842756,1200.1725342894747,-4068.300834105528,-60597.17359823537
2023-06-20,-2503.2561006452934,-8499.84233075951,-6571.556934750821,-69097.01592899488
2023-06-21,2075.0589102814724,-109.65797316223434,-4496.498024469349,-69206.67390215711
2023-06-22,-1479.6947543014235,-4402.050624133263,-5976.192778770772,-73608.72452629037
2023-06-23,-3884.7323273116926,-5040.854299820049,-9860.925106082464,-78649.57882611042
2023-06-26,4308.365161759782,10113.399329750768,-5552.559944322683,-68536.17949635965
2023-06-27,-5020.371252579448,-6802.461228496557,-10572.931196902131,-75338.6407248562
2023-06-28,-2198.9742693019043,3885.199070938552,-12771.905466204036,-71453.44165391765
2023-06-29,-2878.9815770795135,1421.7799129634363,-15650.88704328355,-70031.66174095421
2023-06-30,757.3036245384166,2885.814344802386,-14893.583418745133,-67145.84739615182
2023-07-03,1986.1935377900704,6342.186071004219,-12907.389880955063,-60803.6613251476
2023-07-05,4702.785754560176,7267.7444942068705,-8204.604126394886,-53535.91683094073
2023-07-06,513.8362959453718,3584.4079028873048,-7690.767830449515,-49951.50892805343
2023-07-07,72.5115925617398,3567.037728111368,-7618.256237887775,-46384.47119994206
2023-07-10,-6664.945100815664,-12002.431784577138,-14283.201338703439,-58386.9029845192
2023-07-11,4099.51597186625,6834.280815043429,-10183.685366837188,-51552.62216947577
2023-07-12,637.5647638488922,-779.458931822878,-9546.120602988296,-52332.081101298645
2023-07-13,859.3957620501948,509.8910318821462,-8686.7248409381,-51822.1900694165
2023-07-14,-3863.7791951440704,-14955.602548899318,-12550.504036082171,-66777.79261831581
2023-07-17,-2517.3424063825355,-2979.2761327397193,-15067.846442464706,-69757.06875105553
2023-07-18,-1896.227801152095,5682.278695979102,-16964.0742436168,-64074.790055076424
2023-07-19,577.9143730277051,9835.114589842782,-16386.159870589094,-54239.67546523364
2023-07-20,3622.7273956726217,5108.138680026104,-12763.432474916472,-49131.536785207536
2023-07-21,3603.706392882993,7600.141547964667,-9159.726082033478,-41531.39523724287
2023-07-24,-487.44980587329593,-1660.4298215620483,-9647.175887906773,-43191.82505880492
2023-07-25,-350.27725515841956,-21679.418786833077,-9997.453143065193,-64871.243845638
2023-07-26,2257.434916650319,22284.25362585994,-7740.018226414874,-42586.99021977806
2023-07-27,-1770.9232850495944,-10694.85855073839,-9510.941511464469,-53281.84877051645
2023-07-28,-3093.509331867958,-5516.317651379078,-12604.450843332426,-58798.16642189553
2023-07-31,1672.7213996769594,-3316.0826946353027,-10931.729443655468,-62114.24911653083
2023-08-01,-3832.5729043998517,-13375.821807558663,-14764.30234805532,-75490.0709240895
2023-08-02,-694.3934024075152,-582.966325721213,-15458.695750462835,-76073.0372498107
2023-08-03,-2424.5198970123506,6389.550886735216,-17883.215647475186,-69683.48636307548
2023-08-04,-1620.5778963905846,-2612.132876831464,-19503.79354386577,-72295.61923990696
2023-08-07,-1267.9254910640886,-1599.5924694196985,-20771.719034929858,-73895.21170932666
2023-08-08,7064.260000523758,8394.51566708022,-13707.4590344061,-65500.69604224643
2023-08-09,4985.8694429137995,4621.234212522929,-8721.5895914923,-60879.46182972351
2023-08-10,2502.4732784894154,5808.784871943544,-6219.116313002885,-55070.676957779964
2023-08-11,3232.701938661756,2973.8886011992154,-2986.4143743411296,-52096.78835658075
2023-08-14,-3044.743931986449,-6314.613443712137,-6031.158306327578,-58411.401800292886
2023-08-15,-2539.932422167457,-1973.5674382398684,-8571.090728495035,-60384.96923853275
2023-08-16,961.7635112013675,1503.5460092937183,-7609.327217293668,-58881.42322923903
2023-08-17,5329.570941757306,9336.857426565368,-2279.7562755363615,-49544.565802673664
2023-08-18,-3097.249109788318,-2253.3806869208397,-5377.005385324679,-51797.946489594506
2023-08-21,-7239.575486104897,-12680.223097494385,-12616.580871429576,-64478.169587088894
2023-08-22,-1028.736818421772,-1719.604064812378,-13645.317689851348,-66197.77365190127
2023-08-23,482.68119495264295,-3431.0088292828123,-13162.636494898705,-69628.78248118408
2023-08-24,65.70071522516952,4718.687807906857,-13096.935779673535,-64910.09467327723
2023-08-25,1076.4629650301017,4612.192707574941,-12020.472814643434,-60297.90196570229
2023-08-28,58.604146133527365,-1085.3832974550812,-11961.868668509906,-61383.28526315737
2023-08-29,-892.1744879287825,-7643.812043555687,-12854.043156438687,-69027.09730671305
2023-08-30,-1873.3359234962973,-4375.46572868378,-14727.379079934984,-73402.56303539683
2023-08-31,-834.9908484606808,-1321.8523192065186,-15562.369928395665,-74724.41535460335
2023-09-01,-845.3472707327753,-177.21943243736484,-16407.71719912844,-74901.63478704072
2023-09-05,2022.6931193567034,-358.0984274152349,-14385.024079771738,-75259.73321445595
2023-09-06,-2214.008803097147,-10692.160153361066,-16599.032882868883,-85951.89336781701
2023-09-07,2626.1317882044173,-1454.23161217852,-13972.901094664467,-87406.12497999554
2023-09-08,1398.682665157566,3899.649312923941,-12574.2184295069,-83506.4756670716
2023-09-11,-3973.2340395820074,-9047.87788342174,-16547.45246908891,-92554.35355049334
2023-09-12,1989.353525181904,12115.852940638491,-14558.098943907004,-80438.50060985485
2023-09-13,5403.2749240028625,4897.429322349834,-9154.824019904141,-75541.07128750501
2023-09-14,919.5844049990927,-62.03448477797264,-8235.23961490505,-75603.10577228299
2023-09-15,4038.779323612452,6465.337338308775,-4196.460291292597,-69137.76843397421
2023-09-18,-1781.7366418799293,-4355.739895176907,-5978.196933172526,-73493.50832915113
2023-09-19,-3609.8553363789442,-6131.801997613991,-9588.05226955147,-79625.31032676512
2023-09-20,0.0,0.0,-9588.05226955147,-79625.31032676512
2023-09-21,0.0,-5701.3742072290925,-9588.05226955147,-85326.68453399421
2023-09-22,0.0,-10168.808396095541,-9588.05226955147,-95495.49293008975
2023-09-25,237.22965203903019,378.9641821344138,-9350.82261751244,-95116.52874795534
2023-09-26,-501.59259599242336,-2378.6039788902244,-9852.415213504863,-97495.13272684556
2023-09-27,-1086.4383579417022,-2771.5902105692926,-10938.853571446565,-100266.72293741486
2023-09-28,558.4593100669301,-5501.754434614688,-10380.394261379635,-105768.47737202955
2023-09-29,1369.2454159429058,1812.667193075818,-9011.14884543673,-103955.81017895373
2023-10-02,-2095.770441245724,-9091.033939052042,-11106.919286682454,-113046.84411800577
2023-10-03,1145.3036546329947,6446.564560300607,-9961.61563204946,-106600.27955770516
2023-10-04,-1616.9014008906122,-4493.740575489253,-11578.517032940072,-111094.02013319441
2023-10-05,-1779.5528373889656,-7249.922758531947,-13358.069870329036,-118343.94289172636
2023-10-06,1672.4198363524279,-3822.818347631368,-11685.650033976608,-122166.76123935773
2023-10-09,1718.5217085562936,1922.0891434603454,-9967.128325420315,-120244.67209589739
2023-10-10,2747.415179741938,12016.260499740481,-7219.713145678377,-108228.4115961569
2023-10-11,668.1589818767313,-3049.756645298642,-6551.554163801646,-111278.16824145554
2023-10-12,-838.2056066713712,-7867.250636989523,-7389.759770473017,-119145.41887844507
2023-10-13,-3140.3534104253617,-2547.7973595667945,-10530.11318089838,-121693.21623801187
2023-10-16,1447.6145742446727,6504.020453677307,-9082.498606653706,-115189.19578433456
2023-10-17,2194.2849707748765,2508.4292960790267,-6888.213635878829,-112680.76648825553
2023-10-18,-4767.173331933069,-9949.693020860108,-11655.386967811897,-122630.45950911564
2023-10-19,-139.005755285335,4837.379348806417,-11794.392723097233,-117793.08016030923
2023-10-20,2541.9893832254193,1975.3830299885783,-9252.403339871813,-115817.69713032065
2023-10-23,-3387.7819855131215,-10054.454553559422,-12640.185325384935,-125872.15168388007
2023-10-24,-1549.914890684171,-7418.991391942986,-14190.100216069106,-133291.14307582306
2023-10-25,-4282.759568711168,-8733.027792255289,-18472.859784780274,-142024.17086807833
2023-10-26,958.8386734494027,2489.1468928719323,-17514.021111330872,-139535.0239752064
2023-10-27,-2021.4014282135436,-9339.118063388016,-19535.422539544415,-148874.1420385944
2023-10-30,1929.2727779215375,4141.384935030264,-17606.149761622877,-144732.75710356413
2023-10-31,1156.132299712203,8509.188194254752,-16450.017461910673,-136223.56890930937
2023-11-01,-994.8861195187798,-11887.774392597728,-17444.90358142945,-148111.3433019071
2023-11-02,5264.2693421970225,1601.5419107017037,-12180.63423923243,-146509.8013912054
2023-11-03,6030.682893057106,123.89560246047859,-6149.951346175323,-146385.90578874492
2023-11-06,-3326.646877731715,-7512.032112688347,-9476.598223907038,-153897.93790143327
2023-11-07,-195.06272918065451,753.5418849189363,-9671.660953087692,-153144.39601651434
2023-11-08,-257.0132480327244,-1336.3130507783173,-9928.674201120417,-154480.70906729266
2023-11-09,-5483.377157086501,-9969.250817097678,-15412.051358206918,-164449.95988439032
2023-11-10,1948.5359232125622,1720.6419988226303,-13463.515434994355,-162729.3178855677
2023-11-13,-3412.790669419981,-10811.718572434474,-16876.306104414336,-173541.03645800217
2023-11-14,8565.29612140075,6644.850134976339,-8311.009983013586,-166896.18632302585
2023-11-15,5732.233784223593,14392.020423100423,-2578.776198789993,-152504.16589992543
2023-11-16,-375.3959595085464,2798.438462144868,-2954.172158298539,-149705.72743778056
2023-11-17,4227.235978956963,4685.540305418857,1273.0638206584235,-145020.1871323617
2023-11-20,-2293.30319536737,-1714.9364009122564,-1020.2393747089463,-146735.12353327396
2023-11-21,-2705.3658629411543,-2967.3067272615735,-3725.6052376501007,-149702.43026053553
2023-11-22,-286.79007619926483,2599.091538667215,-4012.3953138493653,-147103.33872186832
2023-11-24,1444.7124516132267,1332.9947109616542,-2567.6828622361386,-145770.34401090667
2023-11-27,-2680.0412655915497,-6513.033455668101,-5247.724127827689,-152283.37746657478
2023-11-28,1867.188023685083,4897.75969290486,-3380.536104142606,-147385.61777366992
2023-11-29,4534.018210151211,6759.784346697664,1153.4821060086051,-140625.83342697224
2023-11-30,1421.3116055414828,3217.1067411181975,2574.793711550088,-137408.72668585405
2023-12-01,3905.04741705416,9562.643273776504,6479.841128604248,-127846.08341207755
2023-12-04,1083.4872003103255,9168.134443547477,7563.328328914574,-118677.94896853008
2023-12-05,-1848.7210189430948,-8995.385957922068,5714.6073099714795,-127673.33492645215
2023-12-06,3346.0271768040366,6378.905064790598,9060.634486775516,-121294.42986166156
2023-12-07,-245.29535860770176,-5793.939325311271,8815.339128167814,-127088.36918697282
2023-12-08,-1735.5579547099396,-8747.28113778749,7079.7811734578745,-135835.6503247603
2023-12-11,-2110.7404501384613,2550.595159471277,4969.040723319413,-133285.05516528903
2023-12-12,-1659.9133261402571,-4428.740921692418,3309.1273971791557,-137713.79608698146
2023-12-13,11954.115504988384,15808.02934306578,15263.24290216754,-121905.76674391568
2023-12-14,12284.281219289946,10926.366683323253,27547.524121457485,-110979.40006059242
2023-12-15,454.34633967925197,27.44882375682289,28001.870461136736,-110951.9512368356
2023-12-18,-4959.832947896202,-5261.668793008834,23042.03751324053,-116213.62002984443
2023-12-19,-1127.7748918502477,-5674.503604483829,21914.262621390284,-121888.12363432827
2023-12-20,-2744.8577198275216,-8483.257116291084,19169.40490156276,-130371.38075061936
2023-12-21,-442.27229922015437,2799.928297411466,18727.132602342605,-127571.4524532079
2023-12-22,-799.302524634807,2736.9446467423554,17927.830077707797,-124834.50780646554
2023-12-26,689.3608431979471,373.9992468482751,18617.190920905745,-124460.50855961726
2023-12-27,-1967.7099913961024,-5248.708640290744,16649.480929509642,-129709.217199908
2023-12-28,1388.7016604736384,5366.665614411499,18038.18258998328,-124342.5515854965
2023-12-29,-1091.3247803605577,-457.82358329809233,16946.85780962272,-124800.37516879459
2024-01-02,-826.5264613361085,6681.23155636744,16120.331348286612,-118119.14361242716
2024-01-03,-3113.7679219603324,427.82941776969284,13006.56342632628,-117691.31419465746
2024-01-04,1819.3298146096413,1818.3163291932133,14825.893240935922,-115872.99786546425
2024-01-05,680.7962393416416,1870.7504793908806,15506.689480277564,-114002.24738607337
2024-01-08,601.8034998827438,-2271.3874422622125,16108.492980160308,-116273.63482833559
2024-01-09,765.3417909414211,2139.1393909896597,16873.83477110173,-114134.49543734593
2024-01-10,2551.3551150847134,-1702.7551482038816,19425.189886186443,-115837.25058554982
2024-01-11,-2169.220023787521,-7250.917300373583,17255.96986239892,-123088.1678859234
2024-01-12,-522.1870141493002,659.7866704077026,16733.78284824962,-122428.38121551569
2024-01-16,2105.195794423584,4864.356647978867,18838.978642673203,-117564.02456753682
2024-01-17,-67.17076357483882,-1594.6781527141031,18771.807879098364,-119158.70272025092
2024-01-18,2601.4155959231402,7095.208018040923,21373.223475021503,-112063.49470221
2024-01-19,2705.2014497593327,1638.702828820243,24078.424924780837,-110424.79187338975
2024-01-22,30.16208960101352,-3709.737601689176,24108.58701438185,-114134.52947507893
2024-01-23,-1493.0258800523836,4120.444468299923,22615.561134329466,-110014.08500677902
2024-01-24,-5643.607630166607,-10783.293708468205,16971.95350416286,-120797.37871524722
2024-01-25,-151.8265848346993,-7300.94000066223,16820.12691932816,-128098.31871590945
2024-01-26,-1399.7554883579164,-1353.0727133484647,15420.371430970243,-129451.39142925791
2024-01-29,2258.678957287696,2603.0603469837947,17679.05038825794,-126848.33108227412
2024-01-30,-2261.5418958360906,-7844.428405612569,15417.50849242185,-134692.75948788668
2024-01-31,1194.819666287044,5567.039013442548,16612.328158708893,-129125.72047444413
2024-02-01,-965.9802551599798,-251.20554715056227,15646.347903548913,-129376.92602159469
2024-02-02,-1345.2810740661093,-4854.459596530374,14301.066829482803,-134231.38561812506
2024-02-05,1347.6782247906003,-4279.3331651488925,15648.745054273404,-138510.71878327394
2024-02-06,1059.9349140616105,5143.131669258764,16708.679968335015,-133367.5871140152
2024-02-07,-1617.690098677342,-7349.6081618137305,15090.989869657673,-140717.1952758289
2024-02-08,-1441.1168293130881,-682.9911765388391,13649.873040344584,-141400.18645236775
2024-02-09,923.6472768832393,2640.805513913007,14573.520317227823,-138759.38093845473
2024-02-12,645.203184478392,-2945.6318222599407,15218.723501706216,-141705.0127607147
2024-02-13,-3208.8647930973916,-3377.5994593681253,12009.858708608825,-145082.6122200828
2024-02-14,-1401.8837507681044,-4850.299841525706,10607.97495784072,-149932.9120616085
2024-02-15,1669.1320284596136,8745.987799141138,12277.106986300334,-141186.92426246736
2024-02-16,-3143.8205022237626,-1120.6440278102118,9133.286484076572,-142307.5682902776
2024-02-20,2212.357265293483,-5518.261756702406,11345.643749370056,-147825.83004698
2024-02-21,2194.1082218600886,6322.5645971049025,13539.751971230144,-141503.2654498751
2024-02-22,-3328.5570285274607,-15378.541034743326,10211.194942702683,-156881.80648461843
2024-02-23,1502.0234605831356,2123.1138853609514,11713.218403285819,-154758.69259925748
2024-02-26,-2538.781803003997,-7340.2432757870065,9174.43660028182,-162098.9358750445
2024-02-27,909.8238268700076,8893.429685039247,10084.260427151828,-153205.50619000525
2024-02-28,449.3037037679072,-1578.1766707425968,10533.564130919736,-154783.68286074785
2024-02-29,4469.49367131079,14445.633428936888,15003.057802230527,-140338.04943181097
2024-03-01,-811.0752094051486,-7962.782082898984,14191.982592825378,-148300.83151470995
2024-03-04,2124.919431780856,-2553.4182799039527,16316.902024606234,-150854.2497946139
2024-03-05,-416.3642610586817,-409.3209442907671,15900.537763547552,-151263.57073890464
2024-03-06,-2328.8465486433315,1862.4155331629845,13571.691214904222,-149401.15520574167
2024-03-07,1694.5780958921227,-214.30428794283057,15266.269310796344,-149615.4594936845
2024-03-08,-390.8635063073019,312.15121452433806,14875.405804489043,-149303.30827916015
2024-03-11,3535.4282366046173,7577.9856333610005,18410.834041093658,-141725.32264579914
2024-03-12,-733.990698073301,-16069.853044646563,17676.84334302036,-157795.1756904457
2024-03-13,-2091.7785088317023,-9314.475445730892,15585.064834188655,-167109.6511361766
2024-03-14,-1618.7871384535572,-2223.6766285137705,13966.277695735098,-169333.32776469036
2024-03-15,-938.2892943560979,-6933.892759474891,13027.988401379,-176267.22052416526
2024-03-18,-1192.6620301153557,-1115.6481553624512,11835.326371263644,-177382.86867952772
2024-03-19,-1189.9308266008902,-2086.3723427797304,10645.395544662753,-179469.24102230745
2024-03-20,1780.6873574170072,4818.589472507268,12426.082902079761,-174650.65154980018
2024-03-21,0.0,0.0,12426.082902079761,-174650.65154980018
2024-03-22,-587.4444301547843,1237.3251466047166,11838.638471924976,-173413.32640319547
2024-03-25,220.2666624358454,1887.302550902053,12058.905134360823,-171526.0238522934
2024-03-26,-2350.0978647352363,-4906.03697926587,9708.807269625586,-176432.06083155927
2024-03-27,3236.2273690310712,11848.485720238761,12945.034638656656,-164583.5751113205
2024-03-28,1329.6422655589693,-474.3861377495529,14274.676904215625,-165057.96124907007
2024-04-01,-1023.7734527863639,-4977.298923742178,13250.903451429262,-170035.26017281224
2024-04-02,1198.6425719587082,1673.222597334469,14449.54602338797,-168362.03757547776
2024-04-03,-1530.0594566219918,-6766.716181271056,12919.486566765978,-175128.75375674883
2024-04-04,1237.6824470883716,8002.303330123481,14157.169013854349,-167126.45042662535
2024-04-05,-350.6870769323069,-6901.941188116544,13806.481936922042,-174028.3916147419
2024-04-08,426.5270703028997,8002.932447004706,14233.009007224942,-166025.4591677372
2024-04-09,2384.737113728526,14136.327454887574,16617.746120953467,-151889.13171284963
2024-04-10,-4959.385750871596,-8575.992358553525,11658.360370081871,-160465.12407140314
2024-04-11,1270.0931316407023,-499.9882630490947,12928.453501722573,-160965.11233445225
2024-04-12,-578.5018030646634,-7436.730683392407,12349.951698657911,-168401.84301784466
2024-04-15,-2483.421706067636,4147.195224523818,9866.529992590275,-164254.64779332085
2024-04-16,-2769.790783303015,-3181.161425718507,7096.73920928726,-167435.80921903937
2024-04-17,1223.1527674359681,3401.804425542111,8319.891976723227,-164034.00479349727
2024-04-18,1927.2642291815796,3211.216345258109,10247.156205904806,-160822.78844823915
2024-04-19,713.5185477116438,7106.684742103572,10960.674753616451,-153716.1037061356
2024-04-22,-275.28975583886165,-2656.7979845414393,10685.38499777759,-156372.90169067704
2024-04-23,3080.9957798493165,-5969.533219894522,13766.380777626906,-162342.43491057155
2024-04-24,-2931.8259366277603,5385.538626683247,10834.554840999146,-156956.89628388832
2024-04-25,2427.5387989092287,3734.2999976221026,13262.093639908375,-153222.59628626623
2024-04-26,-49.87226628279541,-11043.147408415203,13212.22137362558,-164265.74369468144
2024-04-29,-4.983959346610192,2568.3330182390678,13207.23741427897,-161697.41067644238
2024-04-30,-2176.505832545239,3702.8506300703907,11030.731581733731,-157994.56004637197
2024-05-01,3415.507348648693,5830.502026495,14446.238930382424,-152164.05801987697
2024-05-02,1184.2631774035062,-4138.305476839856,15630.502107785931,-156302.36349671683
2024-05-03,2708.0737692120506,-4101.9267609993985,18338.57587699798,-160404.29025771623
2024-05-06,-1782.898300653535,-4372.938529168641,16555.677576344446,-164777.22878688487
2024-05-07,3744.4533586753873,4774.442954773981,20300.13093501983,-160002.78583211088
2024-05-08,1097.0764583077525,3153.784410448023,21397.207393327582,-156849.00142166286
2024-05-09,1999.222283211091,9749.639331648497,23396.429676538675,-147099.36209001436
2024-05-10,-1750.229899723205,-8430.206562550078,21646.19977681547,-155529.56865256443
2024-05-13,517.7128938866031,3705.723957534452,22163.912670702073,-151823.84469502998
2024-05-14,-491.26637446029963,-3586.709037225118,21672.64629624177,-155410.5537322551
2024-05-15,4572.449155722638,-5341.305017186627,26245.09545196441,-160751.85874944172
2024-05-16,-974.9003988392526,6394.142609411866,25270.195053125157,-154357.71614002984
2024-05-17,1592.3793807069965,-1192.23143196202,26862.574433832153,-155549.94757199186
2024-05-20,1287.2825862511877,-289.29513806316334,28149.857020083342,-155839.24271005503
2024-05-21,-3862.4584290825815,833.574126532732,24287.39859100076,-155005.6685835223
2024-05-22,649.3910279045674,6271.798035202313,24936.789618905328,-148733.87054831997
2024-05-23,-955.4209255956359,-17107.198016644543,23981.36869330969,-165841.06856496452
2024-05-24,1898.0519995200673,252.16464900162524,25879.420692829757,-165588.9039159629
2024-05-28,136.65008777525486,11.453985705785499,26016.070780605012,-165577.4499302571
2024-05-29,884.5848213394438,-17.77378154680298,26900.655601944454,-165595.2237118039
2024-05-30,1774.0511009107504,-3701.516669825527,28674.706702855205,-169296.74038162944
2024-05-31,-1903.186364660166,18326.87141727729,26771.520338195038,-150969.86896435215
2024-06-03,-2267.4422243976455,2735.633635579636,24504.078113797394,-148234.2353287725
2024-06-04,-1257.6777860037782,6451.698160530992,23246.400327793614,-141782.5371682415
2024-06-05,1287.117173260925,-6017.115763000343,24533.51750105454,-147799.65293124184
2024-06-06,2271.779523149071,2677.1377090339524,26805.29702420361,-145122.51522220788
2024-06-07,945.3911306757535,4557.770843795393,27750.688154879364,-140564.7443784125
2024-06-10,1245.49412283041,7835.511891677991,28996.182277709773,-132729.2324867345
2024-06-11,1045.8904922380848,3789.743020169671,30042.07276994786,-128939.48946656482
2024-06-12,121.33598806470593,-1082.3512794536462,30163.408758012567,-130021.84074601847
2024-06-13,-2438.009222348879,-8052.943919716469,27725.399535663688,-138074.78466573494
2024-06-14,-947.4033606107785,-3846.9280388310935,26777.99617505291,-141921.71270456605
2024-06-17,-1512.52959257892,-4258.539305058372,25265.46658247399,-146180.2520096244
2024-06-18,426.6979936782749,1670.0926509951223,25692.164576152263,-144510.1593586293
2024-06-20,-504.87523114257124,7382.081944406101,25187.289345009693,-137128.0774142232
2024-06-21,661.9418282101001,8292.59441116502,25849.231173219792,-128835.48300305818
2024-06-24,-1253.8914040597424,155.05507810325787,24595.33976916005,-128680.42792495493
2024-06-25,-1327.3197037314978,-1145.8585976211884,23268.020065428555,-129826.28652257612
2024-06-26,-715.0878188204568,360.2415809766882,22552.9322466081,-129466.04494159944
2024-06-27,-1567.8869036579283,618.7126606113248,20985.045342950172,-128847.3322809881
2024-06-28,1305.758529164962,2443.4538286565703,22290.803872115135,-126403.87845233154
2024-07-01,1122.7897540061886,-6775.173999405232,23413.593626121325,-133179.05245173676
2024-07-02,1482.2538013970168,715.9990156525445,24895.84742751834,-132463.0534360842
2024-07-03,1428.2901478426118,-5064.382319576215,26324.13757536095,-137527.43575566044
2024-07-05,-90.09910398552816,4436.565336089904,26234.03847137542,-133090.87041957054
2024-07-08,-1063.2118762005045,-3671.9287206151694,25170.826595174916,-136762.7991401857
2024-07-09,-1737.018032625493,-2209.6418085770997,23433.808562549424,-138972.44094876279
2024-07-10,-89.37193530514384,-2854.9761539818755,23344.43662724428,-141827.41710274466
2024-07-11,1606.5501012944378,2752.9106892059763,24950.986728538715,-139074.50641353868
2024-07-12,499.34344865518045,-442.40106334700516,25450.330177193897,-139516.90747688568
2024-07-15,2083.8104045841583,-2610.960406428414,27534.140581778054,-142127.8678833141
2024-07-16,2644.3393494708057,-362.8293432418741,30178.47993124886,-142490.69722655596
2024-07-17,1978.6646162596396,12682.920812459208,32157.144547508502,-129807.77641409675
2024-07-18,-864.9897630176276,-14205.112673025396,31292.154784490875,-144012.88908712214
2024-07-19,-286.65343722994584,4829.378057264727,31005.501347260928,-139183.5110298574
2024-07-22,403.3517600143559,-2799.629838622858,31408.853107275285,-141983.14086848026
2024-07-23,-862.1758262831665,-8451.233820098294,30546.677280992117,-150434.37468857857
2024-07-24,-4942.985210013299,7310.292404001573,25603.692070978817,-143124.082284577
2024-07-25,3206.4210800865967,-2262.0068897320857,28810.113151065416,-145386.08917430908
2024-07-26,5767.583865194333,4370.7674730608915,34577.69701625975,-141015.32170124818
2024-07-29,738.9451155125937,5586.557135467434,35316.64213177234,-135428.76456578073
2024-07-30,338.58438647472076,4445.456171643662,35655.226518247066,-130983.30839413707
2024-07-31,1987.400605427552,6345.793239118654,37642.62712367462,-124637.51515501842
2024-08-01,-4634.343239431491,5962.822887006008,33008.28388424312,-118674.69226801241
2024-08-02,-1232.8475426232544,-144.41598616577812,31775.43634161987,-118819.1082541782
2024-08-05,-1362.1153692787373,-12332.52744938947,30413.32097234113,-131151.63570356768
2024-08-06,-325.5364367182427,-668.8763201308643,30087.78453562289,-131820.51202369854
2024-08-07,-6302.558549373677,9872.285900879904,23785.225986249214,-121948.22612281864
2024-08-08,2283.065641933055,-3964.418226507343,26068.29162818227,-125912.64434932599
2024-08-09,83.82836774769339,-9639.13316317123,26152.119995929963,-135551.7775124972
2024-08-12,-3388.7961640722156,-1346.7724440359257,22763.323831857746,-136898.54995653313
2024-08-13,2629.6582318833175,-4728.821854845577,25392.982063741063,-141627.3718113787
2024-08-14,-2095.842511732013,-3530.5816729512726,23297.139552009052,-145157.95348432995
2024-08-15,5289.772923174934,15676.680737928782,28586.912475183984,-129481.27274640117
2024-08-16,-1355.437826609069,-890.8760614607768,27231.474648574917,-130372.14880786194
2024-08-19,923.8283428776797,-4488.788864357172,28155.302991452598,-134860.93767221912
2024-08-20,-2039.3583905383534,-1264.1559558660194,26115.944600914245,-136125.09362808513
2024-08-21,61.41756797277117,-1053.1337637903814,26177.362168887015,-137178.22739187552
2024-08-22,-2572.0388343068607,-3773.4817644821155,23605.323334580156,-140951.70915635763
2024-08-23,2383.353901494557,-3584.216528476617,25988.677236074713,-144535.92568483425
2024-08-26,-2785.442625563386,-948.1602536592964,23203.234610511325,-145484.08593849355
2024-08-27,2993.8905068344097,2520.3103510417354,26197.125117345735,-142963.77558745182
2024-08-28,385.94443648478756,-1331.30171908975,26583.069553830523,-144295.07730654156
2024-08-29,4110.646937599539,8691.812532626482,30693.716491430063,-135603.26477391509
2024-08-30,3022.2133338955246,2682.615107787177,33715.929825325584,-132920.6496661279
2024-09-03,-4442.099934454207,2584.305678854506,29273.829890871377,-130336.34398727339
2024-09-04,1912.3688835838332,8413.687187817495,31186.19877445521,-121922.65679945589
2024-09-05,160.54307605585134,-3970.121057991004,31346.74185051106,-125892.7778574469
2024-09-06,265.1580016592427,9106.94309501208,31611.899852170303,-116785.83476243482
2024-09-09,254.9719473780496,-6850.817906318951,31866.871799548353,-123636.65266875377
2024-09-10,-1684.3575023113617,-5713.770558997988,30182.51429723699,-129350.42322775176
2024-09-11,166.82672055742654,-1209.990412164858,30349.341017794417,-130560.41363991662
2024-09-12,4755.275238293994,-9801.441916362579,35104.61625608841,-140361.8555562792
2024-09-13,-691.8880685111185,463.8178464205829,34412.72818757729,-139898.03770985862
2024-09-16,330.0902537361154,284.7005217570421,34742.81844131341,-139613.33718810158
2024-09-17,444.89261177791684,8660.286544180262,35187.71105309133,-130953.05064392132
2024-09-18,2016.4833622528631,-1047.9948968661183,37204.19441534419,-132001.04554078743
2024-09-19,4692.973621919833,6353.082068404151,41897.16803726402,-125647.96347238327
2024-09-20,0.0,0.0,41897.16803726402,-125647.96347238327
2024-09-23,-82.37116585623019,-1170.9432127537725,41814.79687140779,-126818.90668513704
2024-09-24,656.6206558357071,1725.4835875123667,42471.417527243495,-125093.42309762468
2024-09-25,-223.32792462910052,2374.3004119905854,42248.0896026144,-122719.1226856341
2024-09-26,1364.8916685853596,7664.955842689574,43612.98127119976,-115054.16684294453
2024-09-27,-203.53961784173393,1949.6281766826457,43409.44165335802,-113104.53866626188
2024-09-30,-1265.4916456461867,-1903.8939001350307,42143.950007711835,-115008.43256639692
2024-10-01,-1236.2001231309027,-2644.3197465067988,40907.74988458093,-117652.75231290371
2024-10-02,466.84002111900014,848.6723824678136,41374.58990569993,-116804.0799304359
2024-10-03,-1204.9231012142588,967.7020124084274,40169.66680448568,-115836.37791802747
2024-10-04,397.87094168967445,4144.650615129913,40567.53774617535,-111691.72730289756
2024-10-07,832.3300082861559,2791.8586365606548,41399.867754461506,-108899.8686663369
2024-10-08,-704.4712256662093,-12120.388589149932,40695.396528795296,-121020.25725548684
2024-10-09,710.9301350290023,3375.0708977902664,41406.3266638243,-117645.18635769657
2024-10-10,-146.73347921376686,2700.7366165179637,41259.59318461053,-114944.4497411786
2024-10-11,-119.2234718799266,7702.341891767493,41140.3697127306,-107242.10784941111
2024-10-14,111.95095451793296,3063.96781482831,41252.32066724853,-104178.1400345828
2024-10-15,-2162.279546461556,-8970.100886805103,39090.04112078698,-113148.2409213879
2024-10-16,197.8971113231212,-215.1556622545952,39287.9382321101,-113363.39658364249
2024-10-17,-396.2570038477231,-6251.355851827162,38891.68122826238,-119614.75243546965
2024-10-18,-680.583315780437,1632.473248317714,38211.09791248194,-117982.27918715193
2024-10-21,70.88841995710425,-640.2953302283661,38281.986332439046,-118622.5745173803
2024-10-22,-360.9263966729151,3597.5417002088034,37921.059935766134,-115025.0328171715
2024-10-23,1730.443540036537,9986.737767972347,39651.503475802674,-105038.29504919915
2024-10-24,742.6713094332163,-3297.2817381615687,40394.17478523589,-108335.57678736073
2024-10-25,1277.1489777438983,5946.032136652809,41671.32376297979,-102389.54465070792
2024-10-28,-324.5622684539357,254.00631120260073,41346.761494525854,-102135.53833950532
2024-10-29,4252.029969625813,9073.450231984269,45598.79146415167,-93062.08810752105
2024-10-30,-1125.793909961446,-1091.880442482045,44472.997554190224,-94153.96855000309
2024-10-31,2519.7326970319486,2621.1431906040207,46992.73025122217,-91532.82535939907
2024-11-01,1923.062176357727,615.28991060206,48915.7924275799,-90917.535448797
2024-11-04,-94.61575940526676,-2026.031050493616,48821.17666817464,-92943.56649929062
2024-11-05,-2036.0195607650949,-25641.299397157418,46785.15710740954,-118584.86589644804
2024-11-06,4070.463180100955,27471.02870779386,50855.620287510494,-91113.83718865419
2024-11-07,2136.6882211425054,-702.9270688013928,52992.308508653,-91816.76425745558
2024-11-08,296.1210262680271,-3937.8145102817616,53288.42953492102,-95754.57876773734
2024-11-11,-1183.506688592362,-1370.8162744474837,52104.92284632866,-97125.39504218483
2024-11-12,108.60957054067069,3357.3269183354932,52213.53241686933,-93768.06812384934
2024-11-13,-249.77939065133774,2446.375646056505,51963.75302621799,-91321.69247779284
2024-11-14,-383.47581438414693,-4274.020590385642,51580.27721183385,-95595.71306817848
2024-11-15,865.6362290653608,-2760.20637083359,52445.91344089921,-98355.91943901207
2024-11-18,-813.1079942142403,1162.5501741313283,51632.80544668497,-97193.36926488073
2024-11-19,1887.8937218502515,-1981.149933865469,53520.699168535226,-99174.5191987462
2024-11-20,1219.6553927654109,333.288744733396,54740.354561300635,-98841.23045401281
2024-11-21,-1862.381998770524,1882.8529431087409,52877.972562530114,-96958.37751090407
2024-11-22,-1380.817720997853,-3155.8156235505403,51497.15484153226,-100114.19313445462
2024-11-25,1306.3261496159898,3595.359897819548,52803.48099114825,-96518.83323663507
2024-11-26,-2040.7907053665724,-9344.899689684607,50762.69028578168,-105863.73292631967
2024-11-27,-349.98563058256184,2873.668667579607,50412.70465519912,-102990.06425874007
2024-11-29,814.502591405581,1596.946155826132,51227.2072466047,-101393.11810291393
2024-12-02,3212.455078266614,5047.911416784216,54439.662324871315,-96345.2066861297
2024-12-03,-711.543426526317,-4923.105048048052,53728.118898345,-101268.31173417775
2024-12-04,-860.0310612004884,-1188.5954156414452,52868.08783714451,-102456.9071498192
2024-12-05,-1111.3488686569485,-2925.376265980199,51756.73896848756,-105382.28341579941
2024-12-06,561.0595100818682,-2000.7840883650724,52317.79847856943,-107383.06750416449
2024-12-09,4246.194637950124,8852.960388663152,56563.99311651955,-98530.10711550133
2024-12-10,-3275.4844826930785,3827.6266600775834,53288.508633826474,-94702.48045542375
2024-12-11,147.43135219665191,417.18389866696896,53435.93998602313,-94285.29655675677
2024-12-12,1612.0164013153437,5187.044227270608,55047.95638733847,-89098.25232948616
2024-12-13,-37.75560014708469,-18851.245465199838,55010.20078719138,-107949.497794686
2024-12-16,-3180.1507044204136,-17533.758620173285,51830.05008277097,-125483.2564148593
2024-12-17,1479.8632054840436,4616.236338814128,53309.91328825501,-120867.02007604517
2024-12-18,-250.0717517019932,-72.96124412834627,53059.841536553016,-120939.98132017352
2024-12-19,1845.5397066952492,4145.923908332671,54905.38124324827,-116794.05741184085
2024-12-20,739.1432425551682,-352.47253042104705,55644.524485803435,-117146.5299422619
2024-12-23,386.05777773167245,-4940.166808864249,56030.58226353511,-122086.69675112615
2024-12-24,-1021.4093717187089,-2638.0971550067507,55009.1728918164,-124724.7939061329
2024-12-26,-539.630360852389,-1889.4200839507744,54469.54253096401,-126614.21399008366
2024-12-27,374.9534757859893,1342.4038313689211,54844.49600675,-125271.81015871474
2024-12-30,-542.1280454629388,-381.3851373465416,54302.36796128706,-125653.19529606128
2024-12-31,1565.318422552224,6170.8361683361345,55867.68638383929,-119482.35912772515
2025-01-02,-1498.5494400225004,-2912.5289494083895,54369.13694381679,-122394.88807713354
2025-01-03,-2041.6687518852973,-946.3472959427236,52327.46819193149,-123341.23537307626
2025-01-06,451.5435880897371,521.0204934630883,52779.011780021225,-122820.21487961317
2025-01-07,1064.0018368248138,6934.948367338641,53843.01361684604,-115885.26651227452
2025-01-08,-1114.7222128002302,-4911.048576222777,52728.291404045805,-120796.3150884973
2025-01-10,245.6126150188618,3207.1322769533035,52973.90401906467,-117589.182811544
2025-01-13,1979.1548531686442,5292.229063312062,54953.05887223331,-112296.95374823194
2025-01-14,4542.743636609848,6218.9822080449085,59495.80250884316,-106077.97154018703
2025-01-15,-904.1428833527208,-6618.479630366349,58591.659625490436,-112696.45117055338
2025-01-16,-1891.5151265811692,-1921.620056700974,56700.14449890927,-114618.07122725436
2025-01-17,2378.113312785312,542.0314026889682,59078.25781169458,-114076.03982456539
2025-01-21,654.2123470613769,-1023.1365215094811,59732.470158755954,-115099.17634607488
2025-01-22,-3158.022685519608,-8107.988850165853,56574.447473236345,-123207.16519624073
2025-01-23,11.762800404908205,7487.595272326185,56586.210273641256,-115719.56992391455
2025-01-24,-2665.9061939966964,-2336.194013513949,53920.30407964456,-118055.76393742849
2025-01-27,4886.515732676582,31546.4634126871,58806.81981232114,-86509.3005247414
2025-01-28,-2548.2989511074,-9793.452387895815,56258.52086121374,-96302.75291263721
2025-01-29,-1743.4314332849071,2713.268831082855,54515.08942792883,-93589.48408155436
2025-01-30,2025.0213163548237,4571.729082200935,56540.11074428366,-89017.75499935342
2025-01-31,-1628.9689008788018,-5870.596131391221,54911.141843404854,-94888.35113074465
2025-02-03,-1456.9241484923582,-2691.872485174172,53454.2176949125,-97580.22361591882
2025-02-04,1728.1731649859403,-488.47785415750747,55182.39085989844,-98068.70147007632
2025-02-05,-1525.3248398804144,-5881.591425954719,53657.06602001803,-103950.29289603104
2025-02-06,-2456.1060258539364,-9184.181997140757,51200.95999416409,-113134.47489317179
2025-02-07,-493.1162779373707,1696.9951288584434,50707.84371622672,-111437.47976431335
2025-02-10,-2741.76889216342,-4966.365071041274,47966.074824063304,-116403.84483535463
2025-02-11,-212.34657106310118,2608.5917709981027,47753.728253000205,-113795.25306435653
2025-02-12,122.30481693852511,-860.9413700372943,47876.03306993873,-114656.19443439382
2025-02-13,-1915.2990457983146,4398.63871475759,45960.73402414041,-110257.55571963624
2025-02-14,4130.9538701869005,5380.920050268193,50091.68789432731,-104876.63566936804
2025-02-18,2846.1905192739146,9070.688927261044,52937.878413601225,-95805.946742107
2025-02-19,-11150.600939303691,-12123.593035331705,41787.27747429753,-107929.53977743871
2025-02-20,858.3348698174668,3196.195516578889,42645.612344115,-104733.34426085983
2025-02-21,3512.461561238426,11190.255415045543,46158.07390535342,-93543.08884581429
2025-02-24,1271.483624644352,4544.296874242895,47429.55752999777,-88998.7919715714
2025-02-25,1955.831767435574,6302.815978291236,49385.38929743334,-82695.97599328015
2025-02-26,-3727.7265819933154,-15709.126441745466,45657.66271544003,-98405.10243502562
2025-02-27,-843.170366946596,5858.640959068211,44814.49234849343,-92546.4614759574
2025-02-28,2349.724550856521,-756.2537707663587,47164.21689934995,-93302.71524672376
2025-03-03,-2547.7634188738302,1733.122827547378,44616.45348047612,-91569.59241917638
2025-03-04,1860.5883579472356,4686.2660564546795,46477.041838423356,-86883.3263627217
2025-03-05,7485.400054792974,11437.158323424806,53962.44189321633,-75446.16803929688
2025-03-06,-397.5855554825348,15276.613434893312,53564.8563377338,-60169.55460440357
2025-03-07,-943.7548625392878,-6125.7555296749815,52621.10147519451,-66295.31013407855
2025-03-10,-2457.178527577691,-3939.960001530495,50163.92294761682,-70235.27013560904
2025-03-11,438.81721661217756,1414.5924141140592,50602.740164229,-68820.67772149498
2025-03-12,-3322.9481049003643,-14887.818831208653,47279.79205932863,-83708.49655270364
2025-03-13,67.5882436626905,-4306.7696300511125,47347.380302991325,-88015.26618275476
2025-03-14,6137.277389069491,5879.6902875366595,53484.65769206081,-82135.57589521809
2025-03-17,1370.8065582197046,2334.3060721824922,54855.464250280515,-79801.2698230356
2025-03-18,-2157.4412193256912,-470.0847794508966,52698.02303095482,-80271.3546024865
2025-03-19,900.988826366294,1733.3533838336948,53599.011857321115,-78538.00121865282
2025-03-20,-2449.6383188942505,-7119.859827948836,51149.373538426866,-85657.86104660165
2025-03-21,-69.57565183771572,-3048.5454711420316,51079.79788658915,-88706.40651774369
2025-03-24,5848.092108080935,9628.741685778194,56927.889994670084,-79077.66483196549
2025-03-25,0.0,0.0,56927.889994670084,-79077.66483196549
2025-03-26,-245.17145977675764,827.6338681278554,56682.71853489333,-78250.03096383763
2025-03-27,-955.1207625945564,-6864.300925132135,55727.59777229877,-85114.33188896977
2025-03-28,-1439.017222923396,-9650.381054464106,54288.58054937538,-94764.71294343387
2025-03-31,-2566.546841962625,-2567.900282675252,51722.03370741275,-97332.61322610913
2025-04-01,-258.2664706347805,-1723.035714323313,51463.767236777974,-99055.64894043244
2025-04-02,2196.681452192548,12058.480759352131,53660.44868897052,-86997.16818108031
2025-04-03,-730.6118389641749,-49696.52188285442,52929.836850006344,-136693.69006393471
2025-04-04,1025.0037999673086,4592.296744116227,53954.84064997365,-132101.39331981848
2025-04-07,3999.6414514923545,5905.43705904268,57954.482101466005,-126195.9562607758
2025-04-08,-1703.0930169696483,-9200.083513238036,56251.38908449635,-135396.03977401383
2025-04-09,12113.63434858404,40230.50639646948,68365.0234330804,-95165.53337754434
2025-04-10,-7297.425548691853,-33901.21236410234,61067.59788438854,-129066.74574164668
2025-04-11,-5703.462079908608,-8888.284047025822,55364.13580447993,-137955.0297886725
2025-04-14,373.8805037946373,-4253.594117881856,55738.016308274564,-142208.62390655433
2025-04-15,62.079755047314734,-5452.933588058756,55800.09606332188,-147661.55749461308
2025-04-16,-1447.392729278983,-2226.688459138024,54352.7033340429,-149888.24595375112
2025-04-17,1911.937411187375,11089.689586698569,56264.640745230274,-138798.55636705254
2025-04-21,-756.85909411433,-809.5991851127877,55507.78165111595,-139608.15555216532
2025-04-22,568.620397594295,4111.09009414191,56076.40204871024,-135497.0654580234
2025-04-23,395.5979228551032,3337.916934139088,56471.99997156534,-132159.1485238843
2025-04-24,3326.5768264486373,4321.250369718552,59798.57679801398,-127837.89815416576
2025-04-25,2523.4433625007587,3483.372990062903,62322.02016051474,-124354.52516410286
2025-04-28,-1005.6534431365798,-1328.0468137045896,61316.36671737816,-125682.57197780744
2025-04-29,-1904.6592848970477,-4893.202701337354,59411.70743248111,-130575.7746791448
2025-04-30,-2256.4549220050194,-9435.953140275236,57155.25251047609,-140011.72781942005
2025-05-01,-1131.4918338930313,3672.322111976884,56023.760676583064,-136339.40570744316
2025-05-02,471.1685022834022,6249.705732847734,56494.92917886646,-130089.69997459542
2025-05-05,-113.96326157098173,-10112.36857488649,56380.96591729548,-140202.06854948192
2025-05-06,-262.9196748448145,101.26216730755596,56118.04624245066,-140100.80638217437
2025-05-07,220.177687626036,-280.27689699859786,56338.223930076696,-140381.08327917298
2025-05-08,1470.1671933470425,18936.627107208544,57808.39112342374,-121444.45617196444
2025-05-09,2778.3622080400023,-2785.136184331423,60586.75333146374,-124229.59235629586
2025-05-12,5710.554087847154,53541.80631504506,66297.30741931089,-70687.7860412508
2025-05-13,-1076.2198230872887,-7971.183552340435,65221.0875962236,-78658.96959359123
2025-05-14,582.560320895864,-2787.749865532099,65803.64791711947,-81446.71945912333
2025-05-15,-922.8916607114747,-11438.400519121345,64880.75625640799,-92885.11997824468
2025-05-16,1382.1364739444846,4219.366946652699,66262.89273035248,-88665.75303159197
2025-05-19,-2529.0316799379298,-13260.147088854406,63733.861050414554,-101925.90012044637
2025-05-20,232.8212658131156,12.77210609857434,63966.68231622767,-101913.12801434779
2025-05-21,-3147.317115017806,-18355.05535534144,60819.36520120986,-120268.18336968923
2025-05-22,-2175.4656905080783,3581.7932023453245,58643.89951070178,-116686.39016734391
2025-05-23,-1771.6003922211112,-12806.846624061453,56872.299118480674,-129493.23679140536
2025-05-27,1512.3652106225047,16349.392419166703,58384.66432910318,-113143.84437223866
2025-05-28,-1732.1861488983973,-6851.714776700594,56652.47818020478,-119995.55914893925
2025-05-29,-1654.039907095911,1742.5660927923718,54998.43827310887,-118252.99305614688
2025-05-30,-1447.815211391728,-13108.840080113516,53550.62306171714,-131361.8331362604
2025-06-02,-2988.28047943618,-12648.865052733188,50562.34258228096,-144010.69818899359
2025-06-03,126.58697640885708,8964.543828294549,50688.929558689815,-135046.15436069903
2025-06-04,132.39785702770962,3077.918101552499,50821.327415717526,-131968.23625914654
2025-06-05,-505.64878058741647,-77.3786105618268,50315.67863513011,-132045.61486970837
2025-06-06,-920.1636522394409,12215.886390410591,49395.51498289067,-119829.72847929777
2025-06-09,5748.082471701271,24666.429364595682,55143.597454591945,-95163.2991147021
2025-06-10,3293.6242107364787,20292.443139057577,58437.22166532843,-74870.85597564452
2025-06-11,-2505.069144522253,-14565.967585994522,55932.15252080617,-89436.82356163904
2025-06-12,-1237.1797068348,-14712.349295482883,54694.97281397137,-104149.17285712193
2025-06-13,-2597.4530436827777,-14127.801583531495,52097.51977028859,-118276.97444065343
2025-06-16,389.5101484790896,9590.453017909433,52487.02991876768,-108686.521422744
2025-06-17,338.9107818298402,-13887.138119357942,52825.94070059752,-122573.65954210194
2025-06-18,1793.3118357798955,1769.8749209516343,54619.25253637742,-120803.7846211503
2025-06-20,1638.993911806505,1842.825534432137,56258.24644818393,-118960.95908671817
2025-06-23,826.9255908827311,297.9455390744969,57085.17203906666,-118663.01354764367
2025-06-24,-356.6966300576721,6044.0526749971195,56728.475409008985,-112618.96087264655
2025-06-25,-1164.7635631374571,-5239.6733225078915,55563.71184587153,-117858.63419515445
2025-06-26,127.83649789876085,3491.279608123669,55691.548343770286,-114367.35458703077
2025-06-27,774.7320848248655,1568.697888217418,56466.28042859515,-112798.65669881336
2025-06-30,-2205.47462001036,-14248.398609644548,54260.80580858479,-127047.0553084579
2025-07-01,5135.009149904204,33306.117879201556,59395.81495848899,-93740.93742925634
2025-07-02,232.99186678219684,14719.716140940398,59628.80682527119,-79021.22128831595
2025-07-03,-4480.11629900169,-11100.000259254015,55148.6905262695,-90121.22154756996
2025-07-07,-1369.590317440318,-16716.188691623447,53779.10020882918,-106837.41023919341
2025-07-08,2480.6499027908403,20856.04899051288,56259.75011162002,-85981.36124868054
2025-07-09,-293.5357477621637,3451.0240791665665,55966.21436385786,-82530.33716951396
2025-07-10,2848.4063715287484,11893.97403139025,58814.620735386605,-70636.36313812372
2025-07-11,-4391.074919444904,-8792.078349271089,54423.5458159417,-79428.44148739481
2025-07-14,56.947528096040514,-12105.25417251582,54480.49334403774,-91533.69565991063
2025-07-15,-4668.966896796898,-14600.32538935067,49811.526447240845,-106134.0210492613
2025-07-16,3146.085902357793,7201.08777773296,52957.61234959864,-98932.93327152834
2025-07-17,-7067.756181154652,-13602.780531206032,45889.856168443985,-112535.71380273438
2025-07-18,-5757.760727171794,-10935.387526580944,40132.09544127219,-123471.10132931532
2025-07-21,1302.2506698018783,824.68880832869,41434.34611107407,-122646.41252098663
2025-07-22,5219.697195272469,22450.056656334964,46654.04330634654,-100196.35586465168
2025-07-23,7625.25607103931,4597.017347505196,54279.29937738585,-95599.33851714648
2025-07-24,-4506.996355999687,-31151.461191105485,49772.303021386164,-126750.79970825196
2025-07-25,196.85882658927855,5754.259288447974,49969.16184797544,-120996.54041980399
2025-07-28,-3686.892927267819,-1628.40402899756,46282.26892070762,-122624.94444880154
2025-07-29,1176.8780194593573,-2251.0382805781383,47459.146940166975,-124875.98272937968
2025-07-30,-3076.1860322088064,-19281.216045690788,44382.96090795817,-144157.1987750705
2025-07-31,-1800.3400963210076,-7588.985242941221,42582.62081163716,-151746.1840180117
2025-08-01,730.1844033876757,-10729.145287095122,43312.80521502484,-162475.32930510683
2025-08-04,-3853.530136126607,-10918.778946820945,39459.27507889823,-173394.10825192777
2025-08-05,-19.730702105251567,11176.707831189931,39439.544376792976,-162217.40042073783
2025-08-06,-5565.939717006736,-16840.26548594099,33873.60465978624,-179057.66590667883
2025-08-07,-273.5509388770018,8841.17220706004,33600.053720909236,-170216.4936996188
2025-08-08,2524.414227872585,1743.8249541747105,36124.46794878182,-168472.66874544407
2025-08-11,-18.478290296581747,-4281.514256582605,36105.98965848524,-172754.18300202666
2025-08-12,2083.457633394453,-3176.0641058930187,38189.44729187969,-175930.24710791968
2025-08-13,116.19778782286267,18280.162723684756,38305.64507970255,-157650.0843842349
2025-08-14,-593.8786339351708,-7927.035276336751,37711.76644576738,-165577.11966057165
2025-08-15,3419.9814724459934,11996.89490497844,41131.747918213376,-153580.22475559323
2025-08-18,308.93758638189166,4020.498462056702,41440.68550459527,-149559.7262935365
2025-08-19,-509.6993061998096,9788.240497399182,40930.98619839546,-139771.48579613733
2025-08-20,-1661.0915565997843,-8671.49724149449,39269.894641795676,-148442.9830376318
2025-08-21,-191.1156409187683,1160.0885269026944,39078.77900087691,-147282.89451072912
2025-08-22,5513.241911419997,35222.30278162851,44592.0209122969,-112060.59172910062
2025-08-25,1654.5257993828805,-6109.328010242162,46246.54671167978,-118169.91973934277
2025-08-26,-2804.0549472589946,-4612.839435833167,43442.49176442079,-122782.75917517595
2025-08-27,2566.00218543961,8583.931472407756,46008.4939498604,-114198.82770276819
2025-08-28,-1626.9280929407573,-3841.2651595004986,44381.565856919646,-118040.09286226869
2025-08-29,1349.8820256079046,8516.340787552888,45731.44788252755,-109523.7520747158
2025-09-02,-714.1831325859123,-2811.0985337695456,45017.26474994164,-112334.85060848534
2025-09-03,-2759.9508466896,-13250.80231049088,42257.31390325204,-125585.65291897622
2025-09-04,247.68821723769497,11984.127952706094,42505.002120489735,-113601.52496627012
2025-09-05,413.9080630837934,11809.836980202434,42918.91018357353,-101791.68798606769
2025-09-08,-1423.8246225911803,-11801.410552561192,41495.08556098235,-113593.09853862888
2025-09-09,-353.2373665399474,-10152.903413510398,41141.8481944424,-123746.00195213928
2025-09-10,-3076.302701520116,-17305.70167448676,38065.54549292228,-141051.70362662605
2025-09-11,669.226285242796,17106.6452938931,38734.77177816508,-123945.05833273295
2025-09-12,-2814.5984605413905,-11651.725048350432,35920.17331762369,-135596.7833810834
2025-09-15,-1892.8799876108046,-11397.247929332569,34027.293330012886,-146994.03131041597
2025-09-16,388.4859466685341,8332.469584369774,34415.779276681424,-138661.5617260462
2025-09-17,1305.1520967170227,1140.5102559716372,35720.931373398445,-137521.05147007457
2025-09-18,-979.4407161072816,-1249.4418807747456,34741.490657291164,-138770.4933508493
2025-09-19,-3320.7692935848727,-8795.138034744932,31420.721363706292,-147565.63138559426
2025-09-22,-2779.838684244727,-11176.903703133745,28640.882679461567,-158742.535088728
2025-09-23,958.3800477354382,-1945.0069439744598,29599.262727197005,-160687.54203270248
2025-09-24,0.0,0.0,29599.262727197005,-160687.54203270248
2025-09-25,-2129.185236885118,-14118.474896724594,27470.077490311887,-174806.01692942707
2025-09-26,604.1332484101449,6228.116403519531,28074.21073872203,-168577.90052590755
2025-09-29,-150.71666394376504,705.4618646281201,27923.494074778268,-167872.43866127942
2025-09-30,-597.1383820520689,1141.0480623403787,27326.3556927262,-166731.39059893903
2025-10-01,2187.554650184945,6374.703029591045,29513.910342911146,-160356.687569348
2025-10-02,228.22670084287984,13406.474058169784,29742.137043754024,-146950.2135111782
2025-10-03,1308.160649294909,2312.059505201831,31050.297693048935,-144638.1540059764
2025-10-06,-764.6109155628682,-9100.039128834705,30285.686777486066,-153738.1931348111
2025-10-07,688.9063234563134,-9461.906025305945,30974.59310094238,-163200.09916011704
2025-10-08,-2613.0405406437553,-5864.559323772424,28361.552560298624,-169064.65848388948
2025-10-09,-2987.6274033560635,-5719.872188513102,25373.92515694256,-174784.5306724026
2025-10-10,1047.4408332927055,-11811.239740037274,26421.365990235267,-186595.77041243986
2025-10-13,-2861.567294964761,-3541.1376471295575,23559.798695270507,-190136.90805956942
2025-10-14,725.1947724566598,6654.4648527552645,24284.993467727167,-183482.44320681415
2025-10-15,285.8608806543034,-7358.554255421726,24570.854348381472,-190840.9974622359
2025-10-16,-3518.0926648381733,-2871.013284967416,21052.7616835433,-193712.0107472033
2025-10-17,1837.6685962106367,6903.028100128253,22890.430279753935,-186808.98264707506
2025-10-20,2783.9572832116837,7715.106893189961,25674.387562965618,-179093.8757538851
2025-10-21,2320.1947650604247,11549.897214552344,27994.58232802604,-167543.97853933275
2025-10-22,803.2976885418698,-730.3726278109384,28797.88001656791,-168274.35116714367
2025-10-23,2758.4517601896578,12240.787101789274,31556.331776757568,-156033.5640653544
2025-10-24,-4436.279184806601,-5533.874765150863,27120.052591950967,-161567.43883050527
2025-10-27,2074.305246584656,7927.920946592212,29194.357838535623,-153639.51788391307
2025-10-28,-5783.800383454911,-19319.048010473434,23410.557455080714,-172958.5658943865
2025-10-29,-26232.438840658007,-54025.05580846251,-2821.8813855772933,-226983.621702849
2025-10-30,-1892.9134756876083,-13835.866685284302,-4714.794861264902,-240819.4883881333
2025-10-31,5398.015553955372,6474.652877267322,683.2206926904701,-234344.83551086596
2025-11-03,-314.37614845077303,-7128.058728298946,368.84454423969703,-241472.89423916492
2025-11-04,4310.907435669759,11366.01058761696,4679.751979909456,-230106.88365154795
2025-11-05,-3831.8124971501525,-6743.301919717157,847.9394827593037,-236850.18557126512
2025-11-06,-1919.8951991693898,-8516.929219175267,-1071.955716410086,-245367.1147904404
2025-11-07,5278.513407605105,27056.25326858938,4206.557691195019,-218310.861521851
2025-11-10,-4608.57928388402,-11382.381723237972,-402.0215926890005,-229693.243245089
2025-11-11,3189.593679217297,8940.468532022538,2787.5720865282965,-220752.77471306646
2025-11-12,3033.8487068685004,-4686.69564907107,5821.420793396797,-225439.47036213754
2025-11-13,3775.939240389441,13688.157688425263,9597.360033786237,-211751.31267371227
2025-11-14,-73.00088685407735,-3643.3106265652586,9524.35914693216,-215394.6233002775
2025-11-17,1579.9334158595852,-12376.354529474069,11104.292562791745,-227770.9778297516
2025-11-18,992.5030410040295,4633.280434641261,12096.795603795774,-223137.69739511033
2025-11-19,-2384.213223033115,-6216.957632267015,9712.582380762658,-229354.65502737733
2025-11-20,-469.8301474610395,1619.9658242762825,9242.752233301619,-227734.68920310104
2025-11-21,8849.433841692457,30778.23769153466,18092.186074994075,-196956.45151156638
2025-11-24,-2613.84812067923,-8757.921120001305,15478.337954314846,-205714.37263156768
2025-11-25,3308.042817145522,8697.404187065022,18786.380771460368,-197016.96844450265
2025-11-26,5319.719926422541,1137.5217144575008,24106.10069788291,-195879.44673004514
2025-11-28,2284.0628974230876,2421.1724595562646,26390.163595305996,-193458.27427048888
2025-12-01,-1596.4492454701272,7666.996858038969,24793.714349835867,-185791.2774124499
2025-12-02,1147.045197509349,3982.859882594171,25940.759547345217,-181808.41752985574
2025-12-03,3465.2206198570548,7910.87136801431,29405.980167202273,-173897.54616184143
2025-12-04,-4366.759068125161,-22147.08612996896,25039.221099077113,-196044.63229181038
2025-12-05,2130.3334301691893,7013.940212592386,27169.554529246303,-189030.692079218
2025-12-08,648.0643067571764,-3758.074077120491,27817.61883600348,-192788.76615633848
2025-12-09,-3475.4510224057585,-7254.6506674808525,24342.16781359772,-200043.41682381934
2025-12-10,-935.6390642054498,10752.87837871512,23406.52874939227,-189290.5384451042
2025-12-11,3246.070475790579,7750.01242784201,26652.59922518285,-181540.5260172622
2025-12-12,6095.449406306241,27565.84355377758,32748.04863148909,-153974.6824634846
2025-12-15,-2677.3955585103363,3374.908776059955,30070.653072978756,-150599.77368742466
2025-12-16,-1340.9069339932098,-9094.290636543392,28729.746138985545,-159694.06432396805
2025-12-17,-1717.8090660001317,7257.642346606779,27011.937072985413,-152436.42197736126
2025-12-18,2530.8396140284103,6440.852713645107,29542.776687013822,-145995.56926371614
2025-12-19,-8010.523525852232,-20923.27863958822,21532.253161161592,-166918.84790330435
2025-12-22,2182.1561270701122,5018.517741871443,23714.409288231705,-161900.3301614329
2025-12-23,-2720.9471345275715,-9548.57916330906,20993.462153704135,-171448.90932474198
2025-12-24,482.3411328918279,1355.3255361017643,21475.80328659596,-170093.58378864022
2025-12-26,-47.32419549602332,1733.699461989283,21428.479091099936,-168359.88432665094
2025-12-29,-832.7368966387376,687.829406604397,20595.7421944612,-167672.05492004653
2025-12-30,-1492.3990383943596,-1132.8020798870084,19103.34315606684,-168804.85699993355
2025-12-31,-1726.5981193081238,-3553.1245531135482,17376.745036758715,-172357.98155304708
2026-01-02,-1832.9213556638654,-3409.3992132159574,15543.82368109485,-175767.38076626303
2026-01-05,-662.6319382453876,1148.0259214221103,14881.191742849462,-174619.3548448409
2026-01-06,2158.3172297755486,14694.283387869345,17039.50897262501,-159925.07145697158
2026-01-07,-5342.073541116683,-10097.865137312445,11697.43543150833,-170022.93659428402
2026-01-08,6104.872115381016,19575.055277791518,17802.307546889344,-150447.8813164925
2026-01-09,4404.907329673449,4016.221912447605,22207.214876562794,-146431.6594040449
2026-01-12,-5456.888812270183,-9912.55925163785,16750.32606429261,-156344.21865568275
2026-01-13,346.71483153230815,2640.192533526755,17097.040895824917,-153704.026122156
2026-01-14,3445.0947045426137,17906.218611738248,20542.135600367532,-135797.80751041777
2026-01-15,-3666.8386552302663,-10794.352122171209,16875.296945137266,-146592.15963258897
2026-01-16,3368.869458046881,-1090.5522484797445,20244.166403184146,-147682.7118810687
2026-01-20,4398.296177922917,2590.1762218224767,24642.462581107065,-145092.53565924623
2026-01-21,-3959.3659529995275,16552.13826382028,20683.096628107538,-128540.39739542596
2026-01-22,96.8722554767983,-2833.0172981426595,20779.968883584337,-131373.41469356863
2026-01-23,-326.80451428834385,239.76450105105715,20453.16436929599,-131133.65019251758
2026-01-26,763.0321588986355,-870.9861591623003,21216.19652819463,-132004.6363516799
2026-01-27,-1740.2471430788062,-7499.871141340756,19475.949385115822,-139504.50749302065
2026-01-28,10919.796781950012,22072.59850461011,30395.746167065834,-117431.90898841053
2026-01-29,-3480.611238064199,-7826.896417799916,26915.134929001637,-125258.80540621045
2026-01-30,3723.8825233126254,7758.8614312142845,30639.017452314263,-117499.94397499616
2026-02-02,-1322.1730762843604,3379.2975575106525,29316.8443760299,-114120.6464174855
2026-02-03,-1249.8089434287617,7813.278651019506,28067.03543260114,-106307.367766466
2026-02-04,7433.299035176634,36183.698216403,35500.33446777777,-70123.669550063
2026-02-05,-914.7849591471054,-1143.2181396338924,34585.54950863067,-71266.88768969689
2026-02-06,-6426.394510632032,-6308.8436374260045,28159.154997998638,-77575.73132712289
2026-02-09,-1575.6081805014214,-14204.381256937791,26583.546817497216,-91780.11258406068
2026-02-10,1476.597335016109,14039.511363070338,28060.144152513323,-77740.60122099034
2026-02-11,-4967.460814197573,-2680.2940376223773,23092.68333831575,-80420.89525861271
2026-02-12,-351.00364899276536,3142.3727735841767,22741.679689322984,-77278.52248502853
2026-02-13,425.8935425446559,-4521.146947775443,23167.57323186764,-81799.66943280397
2026-02-17,1273.66091033264,-8042.311496597527,24441.23414220028,-89841.9809294015
2026-02-18,10630.066859082062,11316.453755242539,35071.30100128234,-78525.52717415895
2026-02-19,-584.9559452267806,6823.523745863525,34486.345056055565,-71702.00342829543
2026-02-20,-2917.802894268305,-9243.15636370138,31568.54216178726,-80945.1597919968
2026-02-23,-6729.233190482704,-18895.817517872707,24839.308971304556,-99840.97730986952
2026-02-24,-1565.6723462383236,-4385.1462312023905,23273.636625066232,-104226.12354107191
2026-02-25,-1015.4925696570874,-15652.702916919296,22258.144055409146,-119878.8264579912
2026-02-26,18244.192373733506,23692.543521222782,40502.336429142655,-96186.28293676843
2026-02-27,3800.432504298896,5138.35216225184,44302.76893344155,-91047.93077451659
2026-03-02,-8729.653315746453,-16424.884269114238,35573.1156176951,-107472.81504363082
2026-03-03,1567.3951055814105,20978.972720540893,37140.51072327651,-86493.84232308992
2026-03-04,647.8091688313873,-111.20390877179943,37788.319892107895,-86605.04623186172
2026-03-05,5416.468492104215,18995.048636230378,43204.78838421211,-67609.99759563134
2026-03-06,2051.6667804518192,4220.782035546886,45256.45516466393,-63389.215560084456
2026-03-09,-5734.391755389885,-8420.211952751983,39522.063409274044,-71809.42751283644
2026-03-10,-5038.571075568214,-10216.628141080866,34483.49233370583,-82026.05565391731
2026-03-11,12870.36288005753,22572.03118203207,47353.85521376336,-59454.02447188524
2026-03-12,-4918.322077615588,10332.263142553276,42435.53313614777,-49121.76132933197
2026-03-13,1570.646642721285,2028.5774242350751,44006.17977886906,-47093.18390509689
2026-03-16,-3522.836478188712,-13383.015811760573,40483.343300680346,-60476.19971685747
2026-03-17,2772.1422653947466,14934.85535166606,43255.48556607509,-45541.344365191406
2026-03-18,1056.8718259576394,8413.490427898287,44312.35739203273,-37127.85393729312
2026-03-19,102.458152669426,5903.905745889764,44414.815544702156,-31223.948191403353
2026-03-20,-1068.0377397822328,6124.077678758538,43346.777804919926,-25099.870512644815
2026-03-23,-4920.573928295085,-14515.05958725286,38426.203876624844,-39614.930099897676
2026-03-24,474.85140771836035,-4659.771046210642,38901.0552843432,-44274.70114610832
2026-03-25,2594.4193317735776,743.6794345910502,41495.47461611678,-43531.02171151726
2026-03-26,0.0,0.0,41495.47461611678,-43531.02171151726
2026-03-27,-95.57562484087829,-5581.6694396778785,41399.8989912759,-49112.69115119514
2026-03-30,-2473.1866638919255,-859.8571184218342,38926.712327383975,-49972.54826961697
2026-03-31,1488.3916392128199,-6087.943487088543,40415.1039665968,-56060.491756705516
2026-04-01,170.99956599238146,-5175.130677243396,40586.10353258918,-61235.62243394891
2026-04-02,-1894.9708087112217,-2320.438435029415,38691.132723877956,-63556.060868978326
2026-04-06,-285.36555449185306,1717.5456103697427,38405.767169386105,-61838.51525860858
2026-04-07,-283.3655269486937,-9917.753558271634,38122.40164243741,-71756.26881688021
2026-04-08,1994.398704353228,-3514.2149934721224,40116.80034679064,-75270.48381035234
2026-04-09,1708.2747393543818,-1680.4822332549147,41825.07508614502,-76950.96604360724
2026-04-10,-351.48526680306213,-5082.1996052598215,41473.589819341956,-82033.16564886707
2026-04-13,-494.3458630596717,1972.4854357353065,40979.243956282284,-80060.68021313177
2026-04-14,1314.0875544107355,167.93629490890248,42293.33151069302,-79892.74391822287
2026-04-15,-493.0526454166775,5638.558835014291,41800.27886527634,-74254.18508320858
2026-04-16,1480.9716473170115,-829.6932052537389,43281.25051259335,-75083.87828846232
2026-04-17,3350.913318877868,8880.331014864076,46632.16383147122,-66203.54727359825
2026-04-20,-681.8746654307511,207.9122508877672,45950.289166040464,-65995.63502271048
2026-04-21,1238.047220816504,8868.663480305257,47188.336386856965,-57126.97154240523
2026-04-22,-4713.113259321355,-11768.32773146801,42475.22312753561,-68895.29927387324
2026-04-23,5033.866087721732,11311.633760668277,47509.08921525734,-57583.665513204964
2026-04-24,41.57048824301205,-3136.1244040234815,47550.65970350036,-60719.789917228445
2026-04-27,-172.1598004597887,2749.9503491641135,47378.49990304057,-57969.83956806433
2026-04-28,3773.9554829705703,15954.008629193391,51152.455386011134,-42015.83093887094
2026-04-29,1188.3438828583862,1197.391060454963,52340.79926886952,-40818.43987841598
2026-04-30,1327.386642288725,-21363.131969862792,53668.185911158245,-62181.57184827877
2026-05-01,-6593.918930904642,-9339.379332208953,47074.266980253604,-71520.95118048773
2026-05-04,-2843.3312648817164,-1350.163881513443,44230.93571537189,-72871.11506200116
2026-05-05,-909.2080246682307,-7045.393510713387,43321.72769070366,-79916.50857271455
2026-05-06,-2103.86485146444,-8287.957590881222,41217.86283923922,-88204.46616359577
2026-05-07,4299.14031265678,15342.186124662529,45517.003151896,-72862.28003893324
2026-05-08,-5928.2248019322315,-12199.051013471248,39588.77834996377,-85061.3310524045
2026-05-11,-4964.704352541993,-18670.873021222415,34624.07399742178,-103732.20407362691
2026-05-12,525.5279641924535,4771.294655843596,35149.60196161423,-98960.90941778332
2026-05-13,-9243.340828109429,-11804.28522084455,25906.2611335048,-110765.19463862787
2026-05-14,2219.7138969475673,3981.4440451534215,28125.975030452366,-106783.75059347445
2026-05-15,2037.4096907061185,13192.744473611447,30163.384721158483,-93591.00611986301
2026-05-18,4654.200124217417,7303.6325642685,34817.5848453759,-86287.37355559452
2026-05-19,-1166.0209006768841,2151.3663720183445,33651.56394469902,-84136.00718357618
2026-05-20,-65.49608798081135,-1395.7468805068174,33586.067856718204,-85531.754064083
2026-05-21,4000.323063291359,6230.0417342009,37586.390920009566,-79301.7123298821
2026-05-22,-4670.144427349767,-7292.850749433863,32916.2464926598,-86594.56307931597
2026-05-26,-4251.968234376674,-14757.79042352014,28664.27825828312,-101352.35350283611
2026-05-27,6460.32613756247,6570.353261947437,35124.60439584559,-94782.00024088866
2026-05-28,-2340.04535742019,1959.3526778006799,32784.5590384254,-92822.64756308799
2026-05-29,1174.266095724964,3863.635609631313,33958.825134150364,-88959.01195345668
2026-06-01,8010.15127550216,23128.923105591344,41968.976409652525,-65830.08884786534
2026-06-02,-2716.529202240753,-17271.724752107377,39252.44720741177,-83101.81359997271
2026-06-03,-3853.3050115210954,322.9289482747942,35399.14219589068,-82778.88465169791
2026-06-04,9213.364204927075,13501.71864204219,44612.50640081776,-69277.16600965572
2026-06-05,17533.698554847517,36122.559459259704,62146.20495566528,-33154.60655039601
2026-06-08,-4524.576206899555,-9160.082954177687,57621.628748765725,-42314.689504573704
2026-06-09,2299.0021149455065,6845.255510667057,59920.63086371123,-35469.43399390665
2026-06-10,-165.62845574480616,9063.303034798992,59755.00240796642,-26406.130959107657
2026-06-11,-4133.477195536164,-19189.02516114213,55621.52521243026,-45595.15612024978
2026-06-12,47.31578359003936,-12206.629235099563,55668.8409960203,-57801.78535534935
2026-06-15,-7055.165847848038,-20446.584905674503,48613.67514817226,-78248.37026102385
2026-06-16,8437.671677593182,8063.793569172459,57051.346825765446,-70184.5766918514
2026-06-17,-5303.7601603039675,558.6821514049316,51747.58666546148,-69625.89454044646
2026-06-18,-6728.415614994759,-6601.536761710641,45019.17105046672,-76227.4313021571
2026-06-22,-774.2674436779052,-8502.429569834963,44244.903606788816,-84729.86087199206
2026-06-23,8747.390251315084,28579.756943108398,52992.2938581039,-56150.10392888366
2026-06-24,217.63816209242032,24104.623719610638,53209.93202019632,-32045.480209273024
2026-06-25,-1518.7371319920485,-12656.682527746121,51691.19488820427,-44702.16273701914
2026-06-26,5888.167629528206,20714.546300297417,57579.36251773248,-23987.616436721724
2026-06-29,-7204.056443580303,-9594.173614920028,50375.30607415218,-33581.79005164175
2026-06-30,-7283.321509815686,-16792.667707808992,43091.98456433649,-50374.45775945074
2026-07-01,4306.180180758016,16983.515799702407,47398.1647450945,-33390.941959748336
2026-07-02,8096.261290924374,15309.523919182206,55494.42603601888,-18081.418040566132
2026-07-06,-2830.831937708588,-5632.371140397139,52663.59409831029,-23713.78918096327
2026-07-07,9669.811697670695,22312.02822027175,62333.40579598099,-1401.7609606915212
2026-07-08,-3434.2185022608746,-9286.874154495994,58899.18729372011,-10688.635115187515
2026-07-09,-5061.467637602807,-4589.901347193196,53837.719656117304,-15278.53646238071
2026-07-10,737.4323478704199,-4252.9161200925355,54575.15200398772,-19531.45258247325
2026-07-13,7776.732911504985,11768.116030019253,62351.88491549271,-7763.336552453995
2026-07-14,-1954.8610674866259,-9698.023723429595,60397.02384800608,-17461.36027588359
2026-07-15,2611.913264864163,12023.422356319346,63008.93711287024,-5437.937919564245
2026-07-16,5511.457370832582,29380.79100616001,68520.39448370282,23942.853086595765
2026-07-17,3116.126220455662,-1192.8805575319843,71636.52070415848,22749.97252906378
2026-07-20,3044.539079953428,3154.909310449053,74681.0597841119,25904.881839512833
2026-07-21,-4775.636651592413,-19198.691273501438,69905.42313251949,6706.190566011395
2026-07-22,757.1612676163691,3486.3804170079356,70662.58440013585,10192.57098301933
2026-07-23,-2588.790868559437,-6057.024224924896,68073.79353157642,4135.546758094434
2026-07-24,4563.2852508228225,8772.65309994384,72637.07878239924,12908.199858038275
2026-07-27,-1829.3653091073159,5355.358113189791,70807.71347329192,18263.557971228067
2026-07-28,1528.183435264733,10687.35511171541,72335.89690855665,28950.913082943476
2026-07-29,7165.81599996363,20549.18991445638,79501.71290852028,49500.10299739985
2026-07-30,-3801.3436288469866,-15361.253133242151,75700.3692796733,34138.8498641577
2026-07-31,793.9037644053294,-1197.9390749680088,76494.27304407863,32940.91078918969
2026-08-03,1949.3130054373535,3458.4844684796353,78443.58604951597,36399.39525766933
2026-08-04,-6617.418684972998,-14089.130919022298,71826.16736454297,22310.26433864703
2026-08-05,-1534.9901819436582,761.2621272345509,70291.1771825993,23071.52646588158
2026-08-06,4730.331889985451,7246.619997292952,75021.50907258475,30318.146463174533
2026-08-07,-5044.2272363278635,-3797.0158252601077,69977.2818362569,26521.130637914426
2026-08-10,5677.77451416314,8303.413163713582,75655.05635042004,34824.54380162801
2026-08-11,2492.786613515253,3079.779706991953,78147.8429639353,37904.323508619964
2026-08-12,-2196.1151615446433,-8523.367518912402,75951.72780239065,29380.95598970756
2026-08-13,4893.813476068844,10206.823734843243,80845.5412784595,39587.779724550805
2026-08-14,1699.169024614626,-201.5150478026892,82544.71030307413,39386.26467674811
2026-08-17,-667.8925328212608,-9144.832812067616,81876.81777025286,30241.431864680497
2026-08-18,4155.9517395354105,8786.359568600252,86032.76950978827,39027.79143328075
2026-08-19,3405.2308085128025,13929.75853567284,89438.00031830107,52957.549968953586
2026-08-20,2613.870149119118,-2366.765796807114,92051.87046742019,50590.78417214647
2026-08-21,-1976.408106601456,1025.6200271027303,90075.46236081872,51616.404199249206
2026-08-24,-1309.6255004398208,907.8756397545512,88765.8368603789,52524.27983900376
2026-08-25,-4174.375034875753,-5992.645039173734,84591.46182550315,46531.63479983002
2026-08-26,423.1493654240726,-2081.0603006869815,85014.61119092723,44450.57449914304
2026-08-27,765.140223947076,-826.4910872750124,85779.7514148743,43624.08341186803
2026-08-28,4245.021980388798,13861.5706309017,90024.77339526311,57485.65404276973
2026-08-31,2514.899495836243,1609.1140021240765,92539.67289109936,59094.76804489381
2026-09-01,1294.6082168922708,7074.055734575482,93834.28110799163,66168.8237794693
2026-09-02,4794.759948781977,2613.3644775343855,98629.04105677361,68782.18825700368
2026-09-03,-1247.3372581255976,-572.2915391380966,97381.70379864801,68209.89671786559
2026-09-04,-5628.596102536599,-10329.83390214252,91753.10769611142,57880.06281572307
2026-09-08,2564.4291513203834,-7172.922857402155,94317.5368474318,50707.13995832091
2026-09-09,-992.5513038184786,322.32394186989137,93324.98554361332,51029.46390019081
2026-09-10,528.5974412957237,2477.6756038463936,93853.58298490905,53507.1395040372
2026-09-11,1682.6772116795864,3490.449494505561,95536.26019658864,56997.588998542764
2026-09-14,-3374.812699152836,9130.131913558764,92161.4474974358,66127.72091210153
2026-09-15,5502.017927623712,5753.627447336857,97663.46542505952,71881.34835943839
