period,window_start,window_end,days,n_selected,selected_pairs,sel_net_pnl,sel_return_pct,all_net_pnl,all_return_pct,sel_hit_rate,unsel_hit_rate,sel_avg_formation_pnl,sel_avg_next_pnl,unsel_avg_next_pnl,formation_vs_next_rank_corr
0,2022-03-18,2022-09-16,126,15,"CAT/CZR, BHP/NSC, CZR/NSC, PHM/RIO, BHP/CZR, NSC/RIO, CE/CZR, HLT/WM, CE/JPM, AVGO/PCAR, RIO/TXN, AVGO/DE, RSG/UNP, LUV/WYNN, LYB/MGM",26678.132888822467,1.7785421925881644,15198.560791208314,0.30397121582416625,0.5333333333333333,0.2857142857142857,11307.71617511242,1778.5421925881644,-327.9877742175471,0.3071010768199469
1,2022-09-19,2023-03-20,126,15,"MA/V, BHP/NSC, ICE/TXN, PHM/RIO, DUK/RSG, PCAR/PHM, BHP/UNP, CE/CZR, HLT/WM, CE/JPM, MGM/USB, AVGO/PCAR, RIO/TXN, ICE/PHM, LYB/MGM",-5772.658577709852,-0.3848439051806568,-59606.86225113119,-1.1921372450226237,0.26666666666666666,0.42857142857142855,6844.821266503193,-384.8439051806568,-1538.120104954896,-0.007101077778179025
2,2023-03-21,2023-09-19,126,15,"KBH/TXN, AVGO/DUK, PCAR/TMUS, CMI/KBH, DUK/WM, CZR/NSC, ICE/TXN, ED/RTX, IHG/MAR, DUK/RSG, DUK/KO, HLT/WM, MDLZ/SO, RIO/TXN, AVGO/DE",-30493.52658066412,-2.0329017720442746,-35217.00886684228,-0.7043401773368456,0.4,0.4,6180.834787716615,-2032.9017720442746,-134.9566367479478,-0.19060456983225485
3,2023-09-20,2024-03-20,126,15,"PGR/V, DUK/WM, H/MAR, ICE/TXN, BHP/CZR, PGR/UNP, ELV/UNP, BHP/UNP, ELV/NSC, DUK/KO, CZR/TXN, CE/JPM, MA/PGR, MDLZ/SO, MGM/USB",22014.13517163123,1.4676090114420821,-95025.34122303507,-1.9005068244607013,0.4666666666666667,0.34285714285714286,7100.139276598953,1467.609011442082,-3343.9850398476087,0.3736999334562821
4,2024-03-21,2024-09-19,126,15,"PGR/V, DUK/WM, BHP/NSC, AEP/MRK, ED/RTX, DUK/RSG, ELV/NSC, FIS/GPN, MDLZ/SO, MGM/USB, RIO/TXN, CBOE/H, RSG/UNP, PEP/PLD, CBOE/MAR",29471.08513518425,1.9647390090122834,49002.688077416846,0.980053761548337,0.5333333333333333,0.34285714285714286,6081.747096325183,1964.7390090122833,558.0457983495025,0.1968134499780069
5,2024-09-20,2025-03-24,126,15,"AVGO/DUK, KBH/NVR, PCAR/TMUS, DUK/WM, CZR/NSC, ICE/TXN, DUK/RSG, ELV/NSC, CE/CZR, RIO/TXN, NVR/PHM, LUV/WYNN, PEP/PLD, CBOE/MAR, LYB/MGM",15030.721957406065,1.0020481304937379,46570.29864041784,0.9314059728083568,0.3333333333333333,0.37142857142857144,7867.828681329133,1002.0481304937377,901.130762371765,0.003706680417026589
6,2025-03-25,2025-09-23,126,15,"KBH/TXN, AVGO/DUK, PHM/TXN, PGR/V, CMI/KBH, DUK/WM, CZR/NSC, PHM/RIO, KBH/PCAR, PCAR/PHM, ELV/UNP, DUK/KO, HLT/WM, AVGO/PCAR, RIO/TXN",-27328.627267473075,-1.821908484498205,-81609.87720073701,-1.6321975440147403,0.2,0.34285714285714286,7926.19518120431,-1821.908484498205,-1550.8928552361122,0.006622399206475844
7,2025-09-24,2026-03-25,126,15,"MA/V, PHM/TXN, ICE/PLD, H/MAR, ED/RTX, CAT/KBH, NSC/RIO, ELV/NSC, FIS/GPN, CZR/TXN, HLT/WM, MDLZ/SO, RIO/TXN, ICE/PHM, CBOE/MAR",11896.21188891976,0.7930807925946508,117156.52032118516,2.343130406423703,0.26666666666666666,0.42857142857142855,5710.968206585934,793.0807925946507,3007.4373837790117,-0.24063933516401684
8,2026-03-26,2026-09-15,119,15,"AVGO/DUK, PHM/TXN, PCAR/TMUS, CZR/NSC, ICE/TXN, BHP/UNP, ELV/NSC, CE/CZR, DUK/KO, CZR/TXN, CE/JPM, AVGO/PCAR, AVGO/DE, CBOE/H, LYB/MGM",56167.99080894273,3.7445327205961823,115412.37007095564,2.3082474014191128,0.4666666666666667,0.4,15222.126825783838,3744.532720596182,1692.6965503432264,0.15467256909595026
