period,window_start,window_end,pair,selected,eligible,formation_rank,formation_net_pnl,formation_sharpe,formation_trades,next_net_pnl,next_gross_pnl,next_costs,next_trades,next_win_rate
0,2022-03-18,2022-09-16,MA/V,False,True,19.0,6971.401720009085,2.617342296190273,3,2049.9935841913457,2154.9885290554284,104.99494486408273,1,1.0
0,2022-03-18,2022-09-16,CAT/CZR,True,True,6.0,11626.422220166449,2.4431563150650377,1,-1225.2725671091355,-733.3418458003487,491.9307213087886,3,0.6666666666666666
0,2022-03-18,2022-09-16,KBH/TXN,False,False,29.0,0.0,,0,-542.3873451928105,-155.2010017829043,387.1863434099058,2,0.5
0,2022-03-18,2022-09-16,AVGO/DUK,False,False,30.0,0.0,,0,0.0,0.0,0.0,0,
0,2022-03-18,2022-09-16,KBH/NVR,False,False,31.0,0.0,,0,1007.5338465997495,1313.7840762319952,306.25022963224524,1,1.0
0,2022-03-18,2022-09-16,PHM/TXN,False,False,32.0,0.0,,0,0.0,0.0,0.0,0,
0,2022-03-18,2022-09-16,ICE/PLD,False,True,27.0,1913.946631648995,0.551603272664264,1,-4665.399298934363,-4102.419033076238,562.9802658581273,5,0.4
0,2022-03-18,2022-09-16,PCAR/TMUS,False,True,16.0,7968.146590928255,1.3651525125274888,1,0.0,0.0,0.0,0,
0,2022-03-18,2022-09-16,PGR/V,False,True,50.0,-4258.079552222678,-0.5503535161710245,3,-11253.613731981088,-10993.004614564408,260.6091174166788,2,0.0
0,2022-03-18,2022-09-16,CMI/KBH,False,False,33.0,0.0,,0,-4501.180862435935,-4229.2675869118075,271.91327552412855,1,0.0
0,2022-03-18,2022-09-16,DUK/WM,False,False,34.0,0.0,,0,1921.8368039297975,2088.2970517277913,166.46024779799316,1,1.0
0,2022-03-18,2022-09-16,H/MAR,False,True,21.0,4952.294282938236,1.777447704378388,1,0.0,0.0,0.0,0,
0,2022-03-18,2022-09-16,BHP/NSC,True,True,9.0,10573.917371132586,1.9083913332502094,1,3780.0176723484983,3942.224359856632,162.2066875081327,1,1.0
0,2022-03-18,2022-09-16,CZR/NSC,True,True,3.0,13912.229952822632,2.9960221005033243,1,-2801.3564188244004,-2459.988014074324,341.36840475007784,2,0.5
0,2022-03-18,2022-09-16,AEP/MRK,False,True,24.0,4052.7994074293456,1.3043452186936229,1,0.0,0.0,0.0,0,
0,2022-03-18,2022-09-16,AVGO/JNJ,False,True,22.0,4605.038846767289,0.643727773495026,2,0.0,0.0,0.0,0,
0,2022-03-18,2022-09-16,ICE/TXN,False,True,25.0,2470.8869213681473,0.4409735539711283,2,6876.8181389100155,7235.601766150224,358.78362724020496,3,0.6666666666666666
0,2022-03-18,2022-09-16,PHM/RIO,True,True,8.0,10625.760173288047,1.7676210593088582,1,2800.6963612050977,2998.3893226956134,197.6929614905161,1,1.0
0,2022-03-18,2022-09-16,ED/RTX,False,False,35.0,0.0,,0,-2169.5773260088636,-1886.9971947274125,282.58013128145313,2,0.0
0,2022-03-18,2022-09-16,IHG/MAR,False,True,26.0,2328.9357710030667,0.500426441504824,2,-9245.873115201497,-8555.769502227606,690.1036129738911,2,0.0
0,2022-03-18,2022-09-16,CAT/KBH,False,True,28.0,1601.7453718331496,1.2826591062722748,1,-1122.9025471365494,-674.1565818544282,448.7459652821224,2,0.5
0,2022-03-18,2022-09-16,BHP/CZR,True,True,1.0,15054.406952665759,1.9094196017060572,2,-9447.769569273298,-8827.971701535424,619.7978677378808,3,0.3333333333333333
0,2022-03-18,2022-09-16,KBH/PCAR,False,False,36.0,0.0,,0,-1829.2974994896426,-1426.5999609693968,402.6975385202468,2,0.5
0,2022-03-18,2022-09-16,DUK/RSG,False,False,37.0,0.0,,0,5837.468618688081,5979.8445432124045,142.37592452432315,1,1.0
0,2022-03-18,2022-09-16,PCAR/PHM,False,False,38.0,0.0,,0,10519.776966078103,10867.193400384653,347.4164343065471,2,1.0
0,2022-03-18,2022-09-16,PGR/UNP,False,True,20.0,5827.152049068988,1.8462607293527555,1,-3873.120705101029,-3648.9496078327043,224.17109726832552,2,0.5
0,2022-03-18,2022-09-16,NSC/RIO,True,True,10.0,9958.104767980976,2.129397530956701,1,0.0,0.0,0.0,0,
0,2022-03-18,2022-09-16,ELV/UNP,False,False,39.0,0.0,,0,-3305.763627833872,-3045.2090995266035,260.55452830727086,2,0.5
0,2022-03-18,2022-09-16,BHP/UNP,False,True,17.0,7522.029811769868,1.51711397143238,1,14373.62994310419,14586.848350284406,213.21840718021616,2,1.0
0,2022-03-18,2022-09-16,ELV/NSC,False,True,49.0,-2254.2074227688504,-0.6375659854925336,1,-7051.206071468374,-6589.890802218895,461.3152692494757,4,0.25
0,2022-03-18,2022-09-16,FIS/GPN,False,True,47.0,-1115.1857148527818,-0.41188885938057856,1,755.9479007452247,1024.0305001200886,268.0825993748629,2,0.5
0,2022-03-18,2022-09-16,CE/CZR,True,True,5.0,12362.187545385827,2.1460498677820783,1,9794.347358258281,9986.103165275936,191.75580701765475,1,1.0
0,2022-03-18,2022-09-16,DUK/KO,False,True,23.0,4594.839862197032,2.447590264554545,1,0.0,0.0,0.0,0,
0,2022-03-18,2022-09-16,CZR/TXN,False,False,40.0,0.0,,0,-6584.951053587982,-6247.62239863496,337.32865495302116,2,0.5
0,2022-03-18,2022-09-16,HLT/WM,True,True,7.0,11561.688353867734,3.1802418064707476,1,3033.0837536595286,3202.5650420445,169.48128838497274,1,1.0
0,2022-03-18,2022-09-16,CE/JPM,True,True,14.0,8783.50858752126,2.5378024017143157,1,5354.219726099763,5498.490724575635,144.2709984758739,1,1.0
0,2022-03-18,2022-09-16,MA/PGR,False,True,48.0,-1969.2349079444693,-0.3434480395831063,1,-9276.044186331805,-8834.582441705148,441.4617446266561,4,0.25
0,2022-03-18,2022-09-16,MDLZ/SO,False,False,41.0,0.0,,0,-2023.3274691732277,-1925.3914366856134,97.9360324876145,1,0.0
0,2022-03-18,2022-09-16,MGM/USB,False,False,42.0,0.0,,0,7131.43340101514,7254.637798563136,123.20439754799406,1,1.0
0,2022-03-18,2022-09-16,AVGO/PCAR,True,True,11.0,9894.519763405478,1.2341397707094508,3,3517.294142906957,3674.5701527717756,157.276009864819,1,1.0
0,2022-03-18,2022-09-16,RIO/TXN,True,True,2.0,14587.857996039365,2.716177396017905,2,12867.494364504088,13092.292275985847,224.7979114817607,2,1.0
0,2022-03-18,2022-09-16,AVGO/DE,True,True,12.0,9424.619699519963,2.132858915594681,1,0.0,0.0,0.0,0,
0,2022-03-18,2022-09-16,CBOE/H,False,False,43.0,0.0,,0,0.0,0.0,0.0,0,
0,2022-03-18,2022-09-16,RSG/UNP,True,True,13.0,9215.074886858669,2.078162889760713,2,-6513.099897914349,-6247.461356276734,265.6385416376148,2,0.0
0,2022-03-18,2022-09-16,NVR/PHM,False,False,44.0,0.0,,0,0.0,0.0,0.0,0,
0,2022-03-18,2022-09-16,LUV/WYNN,True,True,4.0,13270.566015582594,3.788843259698371,1,0.0,0.0,0.0,0,
0,2022-03-18,2022-09-16,ICE/PHM,False,True,18.0,7485.783702317138,1.5254334102062919,2,9217.567003617365,9368.526774443195,150.95977082583119,1,1.0
0,2022-03-18,2022-09-16,PEP/PLD,False,False,45.0,0.0,,0,-3726.9334646161215,-3464.7103250678633,262.2231395482591,2,0.0
0,2022-03-18,2022-09-16,CBOE/MAR,False,False,46.0,0.0,,0,0.0,0.0,0.0,0,
0,2022-03-18,2022-09-16,LYB/MGM,True,True,15.0,8764.878340448979,1.6722973377189405,1,5518.477962961433,5699.569086778827,181.09112381739482,1,1.0
1,2022-09-19,2023-03-20,MA/V,True,True,15.0,2049.9935841913457,1.3845629346731048,1,0.0,0.0,0.0,0,
1,2022-09-19,2023-03-20,CAT/CZR,False,True,34.0,-1225.2725671091355,-0.10709621792135914,3,-13625.433507659454,-13211.391506591957,414.0420010675005,2,0.5
1,2022-09-19,2023-03-20,KBH/TXN,False,True,32.0,-542.3873451928105,-0.06630032049243276,2,2159.1202822757477,2385.9064308340303,226.78614855828252,1,1.0
1,2022-09-19,2023-03-20,AVGO/DUK,False,False,19.0,0.0,,0,1432.057937410331,1530.9326764263033,98.87473901597204,1,1.0
1,2022-09-19,2023-03-20,KBH/NVR,False,True,17.0,1007.5338465997495,0.25545124193075375,1,178.29535577922616,450.7689544521843,272.47359867295825,1,1.0
1,2022-09-19,2023-03-20,PHM/TXN,False,False,20.0,0.0,,0,0.0,0.0,0.0,0,
1,2022-09-19,2023-03-20,ICE/PLD,False,True,43.0,-4665.399298934363,-0.7495546452912503,5,0.0,0.0,0.0,0,
1,2022-09-19,2023-03-20,PCAR/TMUS,False,False,21.0,0.0,,0,2616.5822937896337,2760.9576419497025,144.37534816006905,1,1.0
1,2022-09-19,2023-03-20,PGR/V,False,True,50.0,-11253.613731981088,-1.4677310897780178,2,-675.4976441356546,-259.7797814960413,415.7178626396118,4,0.25
1,2022-09-19,2023-03-20,CMI/KBH,False,True,42.0,-4501.180862435935,-0.6248667874386189,1,2897.732461172412,3339.5832183966245,441.8507572242119,2,0.5
1,2022-09-19,2023-03-20,DUK/WM,False,True,16.0,1921.8368039297975,0.5406456355611318,1,5584.695648973947,5705.414377581916,120.71872860796965,1,1.0
1,2022-09-19,2023-03-20,H/MAR,False,False,22.0,0.0,,0,-8237.278923824228,-7897.545111425632,339.7338123985956,2,0.5
1,2022-09-19,2023-03-20,BHP/NSC,True,True,11.0,3780.0176723484983,0.6713215844034035,1,-7327.886856004136,-6689.004109671292,638.8827463328417,5,0.4
1,2022-09-19,2023-03-20,CZR/NSC,False,True,38.0,-2801.3564188244004,-0.30077116540914334,2,16078.436368108183,16464.346071642583,385.9097035343958,2,0.5
1,2022-09-19,2023-03-20,AEP/MRK,False,False,23.0,0.0,,0,-2048.202477325173,-1767.7418467294883,280.4606305956817,2,0.5
1,2022-09-19,2023-03-20,AVGO/JNJ,False,False,24.0,0.0,,0,-5456.902800382295,-5377.189091912809,79.71370846948756,1,0.0
1,2022-09-19,2023-03-20,ICE/TXN,True,True,7.0,6876.8181389100155,0.9848690037348257,3,2455.6884928342556,2686.8998981603736,231.21140532611778,2,1.0
1,2022-09-19,2023-03-20,PHM/RIO,True,True,14.0,2800.6963612050977,0.3213215808582066,1,0.0,0.0,0.0,0,
1,2022-09-19,2023-03-20,ED/RTX,False,True,37.0,-2169.5773260088636,-0.4175538837464204,2,10053.54332542531,10172.05886560146,118.51554017615109,1,1.0
1,2022-09-19,2023-03-20,IHG/MAR,False,True,47.0,-9245.873115201497,-1.5845273740410937,2,7824.018644847474,8547.93502805684,723.9163832093654,2,0.5
1,2022-09-19,2023-03-20,CAT/KBH,False,True,33.0,-1122.9025471365494,-0.101519874490058,2,1402.5082865757395,1820.7579380412644,418.24965146552495,2,0.5
1,2022-09-19,2023-03-20,BHP/CZR,False,True,49.0,-9447.769569273298,-0.7398804532032023,3,-14513.388329889087,-13906.4925637106,606.8957661784868,3,0.0
1,2022-09-19,2023-03-20,KBH/PCAR,False,True,35.0,-1829.2974994896426,-0.3227451877946538,2,-6616.578037841718,-6014.302209211213,602.275828630508,3,0.6666666666666666
1,2022-09-19,2023-03-20,DUK/RSG,True,True,8.0,5837.468618688081,2.022606366644981,1,5601.2936059525055,5729.049123767485,127.75551781498017,1,1.0
1,2022-09-19,2023-03-20,PCAR/PHM,True,True,3.0,10519.776966078103,2.3860399233865466,2,-878.9736545700919,-469.98064909093637,408.9930054791573,2,0.5
1,2022-09-19,2023-03-20,PGR/UNP,False,True,41.0,-3873.120705101029,-0.7856153660650409,2,-17312.340887995273,-16778.957692972876,533.3831950224014,5,0.2
1,2022-09-19,2023-03-20,NSC/RIO,False,False,25.0,0.0,,0,-4046.3405574853878,-3921.6977557617456,124.64280172364414,1,0.0
1,2022-09-19,2023-03-20,ELV/UNP,False,True,39.0,-3305.763627833872,-0.5023209595171138,2,-6325.163240891805,-5820.886753215103,504.2764876767027,5,0.4
1,2022-09-19,2023-03-20,BHP/UNP,True,True,1.0,14373.62994310419,3.515674256842159,2,-10911.815954130781,-10534.22207588999,377.59387824079107,3,0.3333333333333333
1,2022-09-19,2023-03-20,ELV/NSC,False,True,46.0,-7051.206071468374,-0.9300389641175592,4,-3399.4520665009713,-3044.809348180729,354.64271832024355,3,0.3333333333333333
1,2022-09-19,2023-03-20,FIS/GPN,False,True,18.0,755.9479007452247,0.18437705157533996,2,-22042.334091521847,-21089.710499803965,952.6235917178869,8,0.25
1,2022-09-19,2023-03-20,CE/CZR,True,True,4.0,9794.347358258281,1.3960198107205135,1,0.0,0.0,0.0,0,
1,2022-09-19,2023-03-20,DUK/KO,False,False,26.0,0.0,,0,4351.6876971715865,4513.544643008319,161.85694583673182,1,1.0
1,2022-09-19,2023-03-20,CZR/TXN,False,True,45.0,-6584.951053587982,-0.7319505443454699,2,-182.73018491195444,201.47092041503856,384.2011053269951,2,0.5
1,2022-09-19,2023-03-20,HLT/WM,True,True,13.0,3033.0837536595286,0.5729697222943633,1,9301.764533297232,9429.270450356022,127.50591705879083,1,1.0
1,2022-09-19,2023-03-20,CE/JPM,True,True,10.0,5354.219726099763,0.9920790169451231,1,-4405.841926355476,-3944.492918283163,461.3490080723103,3,0.3333333333333333
1,2022-09-19,2023-03-20,MA/PGR,False,True,48.0,-9276.044186331805,-1.162403244504417,4,264.061643703674,868.5083721850331,604.4467284813592,6,0.5
1,2022-09-19,2023-03-20,MDLZ/SO,False,True,36.0,-2023.3274691732277,-1.3202010162978393,1,6589.484960295784,6689.329244697705,99.84428440192124,1,1.0
1,2022-09-19,2023-03-20,MGM/USB,True,True,6.0,7131.43340101514,1.9302200590965186,1,-4866.765262269484,-4555.119882677425,311.6453795920605,2,0.5
1,2022-09-19,2023-03-20,AVGO/PCAR,True,True,12.0,3517.294142906957,0.6815873373217634,1,0.0,0.0,0.0,0,
1,2022-09-19,2023-03-20,RIO/TXN,True,True,2.0,12867.494364504088,2.6133300410796765,2,7566.410931164672,7691.6091709264965,125.1982397618242,1,1.0
1,2022-09-19,2023-03-20,AVGO/DE,False,False,27.0,0.0,,0,8200.004633030163,8349.408701811957,149.40406878179473,1,1.0
1,2022-09-19,2023-03-20,CBOE/H,False,False,28.0,0.0,,0,0.0,0.0,0.0,0,
1,2022-09-19,2023-03-20,RSG/UNP,False,True,44.0,-6513.099897914349,-1.5485010343868864,2,85.47516682201945,450.72209048626337,365.2469236642453,3,0.3333333333333333
1,2022-09-19,2023-03-20,NVR/PHM,False,False,29.0,0.0,,0,0.0,0.0,0.0,0,
1,2022-09-19,2023-03-20,LUV/WYNN,False,False,30.0,0.0,,0,-15639.323619493638,-15454.751356213186,184.57226328045311,1,0.0
1,2022-09-19,2023-03-20,ICE/PHM,True,True,5.0,9217.567003617365,1.79221202640185,1,-2306.532487628548,-2181.785694899521,124.74679272902728,1,0.0
1,2022-09-19,2023-03-20,PEP/PLD,False,True,40.0,-3726.9334646161215,-0.7738155875973429,2,-3430.9420089441014,-3035.6935715998343,395.24843734426815,4,0.25
1,2022-09-19,2023-03-20,CBOE/MAR,False,False,31.0,0.0,,0,0.0,0.0,0.0,0,
1,2022-09-19,2023-03-20,LYB/MGM,True,True,9.0,5518.477962961433,0.9308455602585046,1,0.0,0.0,0.0,0,
2,2023-03-21,2023-09-19,MA/V,False,False,20.0,0.0,,0,0.0,0.0,0.0,0,
2,2023-03-21,2023-09-19,CAT/CZR,False,True,46.0,-13625.433507659454,-1.2169800952364176,2,-12219.360221179999,-11745.777367586217,473.58285359378266,3,0.0
2,2023-03-21,2023-09-19,KBH/TXN,True,True,14.0,2159.1202822757477,0.33019364027689885,1,2019.1615082117548,2211.546178595001,192.38467038324399,1,1.0
2,2023-03-21,2023-09-19,AVGO/DUK,True,True,15.0,1432.057937410331,0.7004592804552361,1,-12653.031821718741,-12112.62019483848,540.4116268802625,6,0.16666666666666666
2,2023-03-21,2023-09-19,KBH/NVR,False,True,18.0,178.29535577922616,0.060950477900678354,1,0.0,0.0,0.0,0,
2,2023-03-21,2023-09-19,PHM/TXN,False,False,21.0,0.0,,0,-23532.610696535543,-22969.594621301465,563.0160752340785,5,0.0
2,2023-03-21,2023-09-19,ICE/PLD,False,False,22.0,0.0,,0,0.0,0.0,0.0,0,
2,2023-03-21,2023-09-19,PCAR/TMUS,True,True,12.0,2616.5822937896337,0.6527675280827742,1,-18918.830685992325,-18177.61297437949,741.2177116128316,7,0.0
2,2023-03-21,2023-09-19,PGR/V,False,True,31.0,-675.4976441356546,-0.09940518434007342,4,4475.81055604593,4597.619178403955,121.80862235802482,1,1.0
2,2023-03-21,2023-09-19,CMI/KBH,True,True,11.0,2897.732461172412,0.36336195519246184,2,0.0,0.0,0.0,0,
2,2023-03-21,2023-09-19,DUK/WM,True,True,9.0,5584.695648973947,1.4452471541884413,1,6669.010125717322,6883.000373904373,213.99024818705243,2,1.0
2,2023-03-21,2023-09-19,H/MAR,False,True,44.0,-8237.278923824228,-2.3629581492973215,2,7508.825079437745,7867.141983676315,358.3169042385698,2,1.0
2,2023-03-21,2023-09-19,BHP/NSC,False,True,43.0,-7327.886856004136,-0.9327731034765023,5,-1666.770868663329,-1231.8231715102606,434.9476971530669,3,0.6666666666666666
2,2023-03-21,2023-09-19,CZR/NSC,True,True,1.0,16078.436368108183,1.5473265154023537,2,0.0,0.0,0.0,0,
2,2023-03-21,2023-09-19,AEP/MRK,False,True,33.0,-2048.202477325173,-0.32780401914158,2,-7047.688566891321,-6698.081506226872,349.60706066444845,3,0.0
2,2023-03-21,2023-09-19,AVGO/JNJ,False,True,40.0,-5456.902800382295,-2.143860873439016,1,-13293.611115948823,-12930.222186081797,363.38892986702484,5,0.2
2,2023-03-21,2023-09-19,ICE/TXN,True,True,13.0,2455.6884928342556,0.587306265546885,2,6881.489946349609,6984.0678060852215,102.5778597356111,1,1.0
2,2023-03-21,2023-09-19,PHM/RIO,False,False,23.0,0.0,,0,-18165.763817602725,-17564.772572644782,600.9912449579376,4,0.25
2,2023-03-21,2023-09-19,ED/RTX,True,True,2.0,10053.54332542531,3.734300568465263,1,-1817.0382993852786,-1686.7385379488242,130.29976143645473,1,0.0
2,2023-03-21,2023-09-19,IHG/MAR,True,True,5.0,7824.018644847474,1.6866859352653902,2,0.0,0.0,0.0,0,
2,2023-03-21,2023-09-19,CAT/KBH,False,True,16.0,1402.5082865757395,0.1547290096615243,2,0.0,0.0,0.0,0,
2,2023-03-21,2023-09-19,BHP/CZR,False,True,47.0,-14513.388329889087,-1.2316033330213187,3,4047.3526475262665,4486.411732262683,439.0590847364184,2,0.5
2,2023-03-21,2023-09-19,KBH/PCAR,False,True,42.0,-6616.578037841718,-0.7656561747909966,3,0.0,0.0,0.0,0,
2,2023-03-21,2023-09-19,DUK/RSG,True,True,8.0,5601.2936059525055,1.2998204960435666,1,1009.3057729906067,1239.4677915859738,230.16201859536739,2,0.5
2,2023-03-21,2023-09-19,PCAR/PHM,False,True,32.0,-878.9736545700919,-0.10173209643083096,2,0.0,0.0,0.0,0,
2,2023-03-21,2023-09-19,PGR/UNP,False,True,49.0,-17312.340887995273,-2.437291719314969,5,18931.064429641294,19178.756358024468,247.69192838317184,2,1.0
2,2023-03-21,2023-09-19,NSC/RIO,False,True,37.0,-4046.3405574853878,-0.7282120810023371,1,2061.90232407975,2325.18768860008,263.2853645203292,2,0.5
2,2023-03-21,2023-09-19,ELV/UNP,False,True,41.0,-6325.163240891805,-0.726643987676598,5,7068.001667294437,7200.978405121972,132.9767378275343,1,1.0
2,2023-03-21,2023-09-19,BHP/UNP,False,True,45.0,-10911.815954130781,-1.6103078144443022,3,10956.91142307999,11263.251132345791,306.3397092658016,2,1.0
2,2023-03-21,2023-09-19,ELV/NSC,False,True,35.0,-3399.4520665009713,-0.3887842383026711,3,8292.033412082326,8524.329266638584,232.29585455625548,2,1.0
2,2023-03-21,2023-09-19,FIS/GPN,False,True,50.0,-22042.334091521847,-2.1732745634369577,8,-7506.851783719569,-7258.784455681671,248.06732803789808,2,0.0
2,2023-03-21,2023-09-19,CE/CZR,False,False,24.0,0.0,,0,0.0,0.0,0.0,0,
2,2023-03-21,2023-09-19,DUK/KO,True,True,10.0,4351.6876971715865,1.3783993314375478,1,3320.5371798888136,3588.420534996788,267.8833551079726,2,0.5
2,2023-03-21,2023-09-19,CZR/TXN,False,True,30.0,-182.73018491195444,-0.018514014523287454,2,5523.458986209378,5701.746820341241,178.28783413186034,1,1.0
2,2023-03-21,2023-09-19,HLT/WM,True,True,3.0,9301.764533297232,2.6710852446798237,1,0.0,0.0,0.0,0,
2,2023-03-21,2023-09-19,CE/JPM,False,True,38.0,-4405.841926355476,-0.5100069707931675,3,6045.013182012781,6364.853600588378,319.84041857559635,2,1.0
2,2023-03-21,2023-09-19,MA/PGR,False,True,17.0,264.061643703674,0.03664597133323273,6,7661.793298762698,7791.931345543746,130.13804678104873,1,1.0
2,2023-03-21,2023-09-19,MDLZ/SO,True,True,7.0,6589.484960295784,3.3565054162490466,1,4284.88441044335,4537.46042993308,252.57601948972763,2,1.0
2,2023-03-21,2023-09-19,MGM/USB,False,True,39.0,-4866.765262269484,-0.5854805320732723,2,4835.902804492335,5004.221634373584,168.31882988124778,1,1.0
2,2023-03-21,2023-09-19,AVGO/PCAR,False,False,25.0,0.0,,0,0.0,0.0,0.0,0,
2,2023-03-21,2023-09-19,RIO/TXN,True,True,6.0,7566.410931164672,1.6144180189904638,1,0.0,0.0,0.0,0,
2,2023-03-21,2023-09-19,AVGO/DE,True,True,4.0,8200.004633030163,1.2415079733254866,1,-21289.01471716923,-20840.85589227289,448.1588248963333,5,0.0
2,2023-03-21,2023-09-19,CBOE/H,False,False,26.0,0.0,,0,0.0,0.0,0.0,0,
2,2023-03-21,2023-09-19,RSG/UNP,False,True,19.0,85.47516682201945,0.012601334964353655,3,-515.5204673817836,-159.46001245811107,356.0604549236723,3,0.6666666666666666
2,2023-03-21,2023-09-19,NVR/PHM,False,False,27.0,0.0,,0,-4545.507138502986,-4225.474237695293,320.0329008076947,2,0.5
2,2023-03-21,2023-09-19,LUV/WYNN,False,True,48.0,-15639.323619493638,-2.2078357777501294,1,1926.8221011983178,2337.2011572481883,410.37905604986867,3,0.6666666666666666
2,2023-03-21,2023-09-19,ICE/PHM,False,True,34.0,-2306.532487628548,-0.7517150973046492,1,-5713.944504261679,-5304.956571882257,408.9879323794246,3,0.3333333333333333
2,2023-03-21,2023-09-19,PEP/PLD,False,True,36.0,-3430.9420089441014,-0.7177318406442862,4,149.25498264633575,442.1436230448537,292.8886403985177,2,0.5
2,2023-03-21,2023-09-19,CBOE/MAR,False,False,28.0,0.0,,0,0.0,0.0,0.0,0,
2,2023-03-21,2023-09-19,LYB/MGM,False,False,29.0,0.0,,0,0.0,0.0,0.0,0,
3,2023-09-20,2024-03-20,MA/V,False,False,21.0,0.0,,0,1462.2585379733373,1596.6559920328443,134.3974540595069,1,1.0
3,2023-09-20,2024-03-20,CAT/CZR,False,True,44.0,-12219.360221179999,-1.3636444577950355,3,-21441.603255115162,-21010.82370441769,430.77955069746827,3,0.3333333333333333
3,2023-09-20,2024-03-20,KBH/TXN,False,True,17.0,2019.1615082117548,0.3019025768924205,1,-16183.309265434216,-15779.154620694417,404.1546447398,2,0.0
3,2023-09-20,2024-03-20,AVGO/DUK,False,True,45.0,-12653.031821718741,-2.2090025148224997,6,-14575.453181428531,-14174.02936979805,401.42381163048066,4,0.25
3,2023-09-20,2024-03-20,KBH/NVR,False,False,22.0,0.0,,0,0.0,0.0,0.0,0,
3,2023-09-20,2024-03-20,PHM/TXN,False,True,50.0,-23532.610696535543,-3.5349657362469977,5,-17931.241759952838,-17063.20190638257,868.0398535702749,9,0.0
3,2023-09-20,2024-03-20,ICE/PLD,False,False,23.0,0.0,,0,-1545.8863812352924,-1436.4190818295676,109.46729940572556,1,0.0
3,2023-09-20,2024-03-20,PCAR/TMUS,False,True,48.0,-18918.830685992325,-2.5603904021596766,7,-15798.658535745786,-15422.951607525634,375.70692822014934,3,0.0
3,2023-09-20,2024-03-20,PGR/V,True,True,12.0,4475.81055604593,0.9287683757170208,1,3541.633726335151,3729.3875764681143,187.75385013296403,2,1.0
3,2023-09-20,2024-03-20,CMI/KBH,False,False,24.0,0.0,,0,0.0,0.0,0.0,0,
3,2023-09-20,2024-03-20,DUK/WM,True,True,8.0,6669.010125717322,1.4966820021160963,2,4393.987943098536,4624.528556942541,230.5406138440062,2,0.5
3,2023-09-20,2024-03-20,H/MAR,True,True,5.0,7508.825079437745,1.610794584745288,2,0.0,0.0,0.0,0,
3,2023-09-20,2024-03-20,BHP/NSC,False,True,38.0,-1666.770868663329,-0.23945039857652559,3,11215.230946659729,11530.834214428087,315.6032677683588,2,0.5
3,2023-09-20,2024-03-20,CZR/NSC,False,False,25.0,0.0,,0,-3566.955405944289,-3423.220311267783,143.7350946765049,1,0.0
3,2023-09-20,2024-03-20,AEP/MRK,False,True,42.0,-7047.688566891321,-1.309387739910709,3,3096.0844822583695,3339.0923920270398,243.00790976867188,2,1.0
3,2023-09-20,2024-03-20,AVGO/JNJ,False,True,46.0,-13293.611115948823,-1.7506050440954053,5,-20938.479561604603,-20464.547384394373,473.93217721023507,7,0.0
3,2023-09-20,2024-03-20,ICE/TXN,True,True,7.0,6881.489946349609,2.2800775660254367,1,-3028.666230060657,-2902.6914941919304,125.97473586872599,1,0.0
3,2023-09-20,2024-03-20,PHM/RIO,False,True,47.0,-18165.763817602725,-2.366758394901288,4,-25301.489895845953,-24836.619161773582,464.8707340723737,3,0.0
3,2023-09-20,2024-03-20,ED/RTX,False,True,39.0,-1817.0382993852786,-0.48851717331770184,1,3490.6594465925295,3646.4627890708653,155.80334247833602,1,1.0
3,2023-09-20,2024-03-20,IHG/MAR,False,False,26.0,0.0,,0,-6726.478044802929,-6212.420580024739,514.0574647781892,2,0.5
3,2023-09-20,2024-03-20,CAT/KBH,False,False,27.0,0.0,,0,0.0,0.0,0.0,0,
3,2023-09-20,2024-03-20,BHP/CZR,True,True,14.0,4047.3526475262665,0.4561807426172539,2,-4018.269799806267,-3615.407729749414,402.86207005685253,2,0.5
3,2023-09-20,2024-03-20,KBH/PCAR,False,False,28.0,0.0,,0,0.0,0.0,0.0,0,
3,2023-09-20,2024-03-20,DUK/RSG,False,True,19.0,1009.3057729906067,0.22876821190117005,2,1984.2864671609998,2208.1890508734778,223.90258371247637,2,1.0
3,2023-09-20,2024-03-20,PCAR/PHM,False,False,29.0,0.0,,0,0.0,0.0,0.0,0,
3,2023-09-20,2024-03-20,PGR/UNP,True,True,1.0,18931.064429641294,2.3737998825985285,2,1008.225559736095,1238.731467940277,230.5059082041791,2,0.5
3,2023-09-20,2024-03-20,NSC/RIO,False,True,16.0,2061.90232407975,0.42505555747466944,2,1742.7525600558445,1901.8832308079575,159.13067075211265,1,1.0
3,2023-09-20,2024-03-20,ELV/UNP,True,True,6.0,7068.001667294437,1.197982147525154,1,0.0,0.0,0.0,0,
3,2023-09-20,2024-03-20,BHP/UNP,True,True,2.0,10956.91142307999,1.4871578263044494,2,0.0,0.0,0.0,0,
3,2023-09-20,2024-03-20,ELV/NSC,True,True,3.0,8292.033412082326,1.265003292337503,2,6536.9927842783445,6681.3293410634415,144.33655678509749,1,1.0
3,2023-09-20,2024-03-20,FIS/GPN,False,True,43.0,-7506.851783719569,-1.530842812845676,2,6118.448943175153,6407.428250470777,288.9793072956244,2,0.5
3,2023-09-20,2024-03-20,CE/CZR,False,False,30.0,0.0,,0,-16389.962528277785,-15854.223102228267,535.7394260495223,3,0.0
3,2023-09-20,2024-03-20,DUK/KO,True,True,15.0,3320.5371798888136,0.8384530512179891,2,0.0,0.0,0.0,0,
3,2023-09-20,2024-03-20,CZR/TXN,True,True,10.0,5523.458986209378,0.8848593169874062,1,0.0,0.0,0.0,0,
3,2023-09-20,2024-03-20,HLT/WM,False,False,31.0,0.0,,0,0.0,0.0,0.0,0,
3,2023-09-20,2024-03-20,CE/JPM,True,True,9.0,6045.013182012781,0.83816434858249,2,0.0,0.0,0.0,0,
3,2023-09-20,2024-03-20,MA/PGR,True,True,4.0,7661.793298762698,1.4310881207257773,1,1926.9735212879082,2065.6569316318037,138.68341034389653,1,1.0
3,2023-09-20,2024-03-20,MDLZ/SO,True,True,13.0,4284.88441044335,1.043930725226229,2,3787.634086541689,3896.8825730100325,109.24848646834303,1,1.0
3,2023-09-20,2024-03-20,MGM/USB,True,True,11.0,4835.902804492335,0.6738563626319197,1,7865.623580220431,8067.241199067294,201.61761884685882,1,1.0
3,2023-09-20,2024-03-20,AVGO/PCAR,False,False,32.0,0.0,,0,-565.1132999631444,-485.9867661356718,79.12653382747271,1,0.0
3,2023-09-20,2024-03-20,RIO/TXN,False,False,33.0,0.0,,0,7695.600635320619,7856.931300594746,161.33066527412575,1,1.0
3,2023-09-20,2024-03-20,AVGO/DE,False,True,49.0,-21289.01471716923,-3.213694336191349,5,-14988.449705315626,-14722.350835672465,266.09886964316024,3,0.3333333333333333
3,2023-09-20,2024-03-20,CBOE/H,False,False,34.0,0.0,,0,12738.547976437552,13100.995109997091,362.4471335595405,2,1.0
3,2023-09-20,2024-03-20,RSG/UNP,False,True,37.0,-515.5204673817836,-0.07970330932649612,3,2312.1574353814526,2519.3707613431857,207.21332596173113,2,0.5
3,2023-09-20,2024-03-20,NVR/PHM,False,True,40.0,-4545.507138502986,-1.2522296526978582,2,-4007.798479275553,-3688.364316743915,319.4341625316375,2,0.5
3,2023-09-20,2024-03-20,LUV/WYNN,False,True,18.0,1926.8221011983178,0.1937308051853268,3,-1089.0907495077527,-584.4654015166943,504.62534799105794,3,0.6666666666666666
3,2023-09-20,2024-03-20,ICE/PHM,False,True,41.0,-5713.944504261679,-0.7661385888876177,3,-4294.851767649611,-4127.328773995964,167.5229936536498,1,0.0
3,2023-09-20,2024-03-20,PEP/PLD,False,True,20.0,149.25498264633575,0.02868234004067316,2,10597.630319618209,10700.321494580534,102.69117496232482,1,1.0
3,2023-09-20,2024-03-20,CBOE/MAR,False,False,35.0,0.0,,0,5851.687671798978,6162.16444335328,310.47677155430273,2,1.0
3,2023-09-20,2024-03-20,LYB/MGM,False,False,36.0,0.0,,0,0.0,0.0,0.0,0,
4,2024-03-21,2024-09-19,MA/V,False,True,18.0,1462.2585379733373,0.7350627923982153,1,1811.6340618946156,1880.3134109968944,68.67934910227866,1,1.0
4,2024-03-21,2024-09-19,CAT/CZR,False,True,49.0,-21441.603255115162,-2.7305448147927405,3,-4492.053664741385,-4067.9823472513726,424.0713174900152,3,0.3333333333333333
4,2024-03-21,2024-09-19,KBH/TXN,False,True,45.0,-16183.309265434216,-2.0381796209147,2,-5142.128978561505,-4644.006622621116,498.1223559403859,3,0.6666666666666666
4,2024-03-21,2024-09-19,AVGO/DUK,False,True,42.0,-14575.453181428531,-1.7248764633050355,4,13891.702605962184,14108.16031521282,216.45770925063266,2,0.5
4,2024-03-21,2024-09-19,KBH/NVR,False,False,20.0,0.0,,0,3376.144236336062,3546.860374241187,170.71613790512674,1,1.0
4,2024-03-21,2024-09-19,PHM/TXN,False,True,47.0,-17931.241759952838,-3.5081168278698813,9,-1799.1530570744876,-1411.1165362006614,388.0365208738286,3,0.6666666666666666
4,2024-03-21,2024-09-19,ICE/PLD,False,True,35.0,-1545.8863812352924,-0.8688680642660797,1,-9167.883179503502,-8661.956081503598,505.9270979999028,5,0.4
4,2024-03-21,2024-09-19,PCAR/TMUS,False,True,44.0,-15798.658535745786,-2.9968078927344304,3,22471.289746611073,22725.137355133087,253.84760852201364,2,1.0
4,2024-03-21,2024-09-19,PGR/V,True,True,11.0,3541.633726335151,1.0699802285171105,2,-6446.4397783530185,-6224.262545731661,222.17723262135652,2,0.0
4,2024-03-21,2024-09-19,CMI/KBH,False,False,21.0,0.0,,0,0.0,0.0,0.0,0,
4,2024-03-21,2024-09-19,DUK/WM,True,True,9.0,4393.987943098536,0.8630715240788183,2,6840.197338974772,6938.530264354973,98.33292538020025,1,1.0
4,2024-03-21,2024-09-19,H/MAR,False,False,22.0,0.0,,0,2209.3388241702132,2332.4418246293317,123.10300045911829,1,1.0
4,2024-03-21,2024-09-19,BHP/NSC,True,True,2.0,11215.230946659729,1.6872248234275193,2,0.0,0.0,0.0,0,
4,2024-03-21,2024-09-19,CZR/NSC,False,True,37.0,-3566.955405944289,-1.0855837211156074,1,8555.736843583776,8895.683311876342,339.94646829256516,2,1.0
4,2024-03-21,2024-09-19,AEP/MRK,True,True,13.0,3096.0844822583695,0.4716445990799913,2,0.0,0.0,0.0,0,
4,2024-03-21,2024-09-19,AVGO/JNJ,False,True,48.0,-20938.479561604603,-4.024118965870353,7,-4573.5272385324815,-4143.008738531541,430.51850000093856,6,0.16666666666666666
4,2024-03-21,2024-09-19,ICE/TXN,False,True,36.0,-3028.666230060657,-0.7742801599870881,1,7537.0085533175425,7785.6956480737845,248.68709475624124,2,1.0
4,2024-03-21,2024-09-19,PHM/RIO,False,True,50.0,-25301.489895845953,-3.2641934395414105,3,-11716.80510601792,-11273.302468797261,443.50263722065364,3,0.6666666666666666
4,2024-03-21,2024-09-19,ED/RTX,True,True,12.0,3490.6594465925295,0.7850741463279215,1,0.0,0.0,0.0,0,
4,2024-03-21,2024-09-19,IHG/MAR,False,True,41.0,-6726.478044802929,-1.1866390496929902,2,-2577.4427132938476,-2148.5586425089505,428.8840707848974,2,0.0
4,2024-03-21,2024-09-19,CAT/KBH,False,False,23.0,0.0,,0,0.0,0.0,0.0,0,
4,2024-03-21,2024-09-19,BHP/CZR,False,True,39.0,-4018.269799806267,-0.556534741232399,2,1606.5438266128713,1817.2295815806174,210.6857549677447,1,1.0
4,2024-03-21,2024-09-19,KBH/PCAR,False,False,24.0,0.0,,0,-4053.5509973152716,-3866.8784174638276,186.67257985144363,1,0.0
4,2024-03-21,2024-09-19,DUK/RSG,True,True,15.0,1984.2864671609998,0.407429993044229,2,7582.579589073444,7680.723978420877,98.14438934743289,1,1.0
4,2024-03-21,2024-09-19,PCAR/PHM,False,False,25.0,0.0,,0,-3322.422517990494,-3182.4037853506356,140.01873263985905,1,0.0
4,2024-03-21,2024-09-19,PGR/UNP,False,True,19.0,1008.225559736095,0.14753392113953537,2,-9488.699431156896,-9181.340966846668,307.3584643102278,3,0.0
4,2024-03-21,2024-09-19,NSC/RIO,False,True,17.0,1742.7525600558445,0.36053266433879294,1,0.0,0.0,0.0,0,
4,2024-03-21,2024-09-19,ELV/UNP,False,False,26.0,0.0,,0,0.0,0.0,0.0,0,
4,2024-03-21,2024-09-19,BHP/UNP,False,False,27.0,0.0,,0,0.0,0.0,0.0,0,
4,2024-03-21,2024-09-19,ELV/NSC,True,True,6.0,6536.9927842783445,1.2606773368885464,1,3899.418909105324,4041.7479814671315,142.32907236180722,1,1.0
4,2024-03-21,2024-09-19,FIS/GPN,True,True,7.0,6118.448943175153,1.1407945963874386,2,0.0,0.0,0.0,0,
4,2024-03-21,2024-09-19,CE/CZR,False,True,46.0,-16389.962528277785,-2.869426487717867,3,10942.75455750347,11306.255648369082,363.50109086561577,2,0.5
4,2024-03-21,2024-09-19,DUK/KO,False,False,28.0,0.0,,0,0.0,0.0,0.0,0,
4,2024-03-21,2024-09-19,CZR/TXN,False,False,29.0,0.0,,0,-796.5712338927699,-446.25722712728214,350.31400676548645,2,0.5
4,2024-03-21,2024-09-19,HLT/WM,False,False,30.0,0.0,,0,0.0,0.0,0.0,0,
4,2024-03-21,2024-09-19,CE/JPM,False,False,31.0,0.0,,0,-4713.660238675118,-4565.756124832202,147.90411384291662,1,0.0
4,2024-03-21,2024-09-19,MA/PGR,False,True,16.0,1926.9735212879082,0.4859549286781103,1,-439.3551329589809,-321.1541303513236,118.20100260765658,1,0.0
4,2024-03-21,2024-09-19,MDLZ/SO,True,True,10.0,3787.634086541689,1.5520921330812139,1,932.0860202216506,1164.8658991637544,232.7798789421019,2,0.5
4,2024-03-21,2024-09-19,MGM/USB,True,True,4.0,7865.623580220431,1.184869572414242,1,0.0,0.0,0.0,0,
4,2024-03-21,2024-09-19,AVGO/PCAR,False,True,33.0,-565.1132999631444,-0.48638796433180065,1,-1979.0232876896994,-1777.7054862079508,201.31780148175054,2,0.5
4,2024-03-21,2024-09-19,RIO/TXN,True,True,5.0,7695.600635320619,1.6312218066433344,1,4290.466132578557,4393.287130205079,102.82099762652038,1,1.0
4,2024-03-21,2024-09-19,AVGO/DE,False,True,43.0,-14988.449705315626,-2.645513043902911,3,-5267.074177041775,-4900.4895158912295,366.5846611505468,4,0.25
4,2024-03-21,2024-09-19,CBOE/H,True,True,1.0,12738.547976437552,1.5714551671268306,2,1970.7844028946706,2126.298937489643,155.5145345949728,1,1.0
4,2024-03-21,2024-09-19,RSG/UNP,True,True,14.0,2312.1574353814526,0.58164731656005,2,-1569.3385455150333,-1320.2686492414343,249.06989627359985,2,0.5
4,2024-03-21,2024-09-19,NVR/PHM,False,True,38.0,-4007.798479275553,-0.8960278416986739,2,4650.9303507825225,4788.758127312771,137.82777653024752,1,1.0
4,2024-03-21,2024-09-19,LUV/WYNN,False,True,34.0,-1089.0907495077527,-0.08460140121879675,3,4287.475069985172,4470.51570198747,183.04063200229825,1,1.0
4,2024-03-21,2024-09-19,ICE/PHM,False,True,40.0,-4294.851767649611,-0.7860855529177766,1,0.0,0.0,0.0,0,
4,2024-03-21,2024-09-19,PEP/PLD,True,True,3.0,10597.630319618209,3.0298927914122196,1,8842.434651398842,8983.629866274521,141.195214875676,1,1.0
4,2024-03-21,2024-09-19,CBOE/MAR,True,True,8.0,5851.687671798978,0.9235205936342713,2,3128.8964148050454,3264.2158296016632,135.31941479661833,1,1.0
4,2024-03-21,2024-09-19,LYB/MGM,False,False,32.0,0.0,,0,7720.395219919218,8035.555877583569,315.160657664351,2,0.5
5,2024-09-20,2025-03-24,MA/V,False,True,18.0,1811.6340618946156,1.757566971219172,1,-578.9476233866799,-269.07496293547774,309.872660451202,4,0.5
5,2024-09-20,2025-03-24,CAT/CZR,False,True,42.0,-4492.053664741385,-0.5146042296781695,3,-478.50556921847965,-125.87764770044498,352.62792151803205,2,0.5
5,2024-09-20,2025-03-24,KBH/TXN,False,True,45.0,-5142.128978561505,-0.5366666860018638,3,5958.210343904651,6113.069535503738,154.8591915990844,1,1.0
5,2024-09-20,2025-03-24,AVGO/DUK,True,True,2.0,13891.702605962184,1.388839256078857,2,12413.995733422817,12517.902803313164,103.9070698903508,1,1.0
5,2024-09-20,2025-03-24,KBH/NVR,True,True,14.0,3376.144236336062,1.1981892035221833,1,0.0,0.0,0.0,0,
5,2024-09-20,2025-03-24,PHM/TXN,False,True,37.0,-1799.1530570744876,-0.2073259702183035,3,3576.8749178986377,3699.919892895205,123.04497499656618,1,1.0
5,2024-09-20,2025-03-24,ICE/PLD,False,True,48.0,-9167.883179503502,-1.822561730198291,5,-14108.662656929473,-13653.515680149361,455.1469767801121,4,0.0
5,2024-09-20,2025-03-24,PCAR/TMUS,True,True,1.0,22471.289746611073,3.1936367184619683,2,0.0,0.0,0.0,0,
5,2024-09-20,2025-03-24,PGR/V,False,True,47.0,-6446.4397783530185,-1.2474859733463166,2,8469.05747887626,8572.757423629766,103.69994475350637,1,1.0
5,2024-09-20,2025-03-24,CMI/KBH,False,False,21.0,0.0,,0,5183.527353432343,5326.435759296481,142.90840586413756,1,1.0
5,2024-09-20,2025-03-24,DUK/WM,True,True,9.0,6840.197338974772,2.217025321245799,1,6449.42350808051,6541.531610426949,92.10810234643844,1,1.0
5,2024-09-20,2025-03-24,H/MAR,False,True,16.0,2209.3388241702132,1.7347935065280267,1,-137.20696932480772,-8.357528046836876,128.84944127797104,1,0.0
5,2024-09-20,2025-03-24,BHP/NSC,False,False,22.0,0.0,,0,0.0,0.0,0.0,0,
5,2024-09-20,2025-03-24,CZR/NSC,True,True,5.0,8555.736843583776,0.8948161274084521,2,1189.1362024711973,1511.847961519115,322.71175904791613,2,0.5
5,2024-09-20,2025-03-24,AEP/MRK,False,False,23.0,0.0,,0,-3273.8323803735875,-3137.5889614130674,136.24341896052127,1,0.0
5,2024-09-20,2025-03-24,AVGO/JNJ,False,True,43.0,-4573.5272385324815,-0.48585060193567936,6,-4080.9588460152345,-3897.8862817951344,183.07256422009792,2,0.5
5,2024-09-20,2025-03-24,ICE/TXN,True,True,8.0,7537.0085533175425,1.2731123762489545,2,-9903.926279778303,-9558.438980056717,345.48729972158856,3,0.3333333333333333
5,2024-09-20,2025-03-24,PHM/RIO,False,True,50.0,-11716.80510601792,-1.3591115868040249,3,14659.100096849641,14967.448349452887,308.34825260324897,2,1.0
5,2024-09-20,2025-03-24,ED/RTX,False,False,24.0,0.0,,0,0.0,0.0,0.0,0,
5,2024-09-20,2025-03-24,IHG/MAR,False,True,39.0,-2577.4427132938476,-0.6201292349256571,2,-2108.9646908099035,-1693.0826335464126,415.88205726349105,2,0.0
5,2024-09-20,2025-03-24,CAT/KBH,False,False,25.0,0.0,,0,0.0,0.0,0.0,0,
5,2024-09-20,2025-03-24,BHP/CZR,False,True,19.0,1606.5438266128713,0.2623575245785518,1,0.0,0.0,0.0,0,
5,2024-09-20,2025-03-24,KBH/PCAR,False,True,41.0,-4053.5509973152716,-0.8872535148460975,1,13940.67229368711,14104.618471945067,163.9461782579569,1,1.0
5,2024-09-20,2025-03-24,DUK/RSG,True,True,7.0,7582.579589073444,2.325865964251818,1,0.0,0.0,0.0,0,
5,2024-09-20,2025-03-24,PCAR/PHM,False,True,40.0,-3322.422517990494,-1.1043678065606302,1,13570.360678083309,13702.54062672891,132.17994864560188,1,1.0
5,2024-09-20,2025-03-24,PGR/UNP,False,True,49.0,-9488.699431156896,-1.4486092366245344,3,-4717.23607597965,-4411.953983344731,305.2820926349174,3,0.3333333333333333
5,2024-09-20,2025-03-24,NSC/RIO,False,False,26.0,0.0,,0,0.0,0.0,0.0,0,
5,2024-09-20,2025-03-24,ELV/UNP,False,False,27.0,0.0,,0,5769.9067294715105,5873.983408652228,104.07667918071799,1,1.0
5,2024-09-20,2025-03-24,BHP/UNP,False,False,28.0,0.0,,0,0.0,0.0,0.0,0,
5,2024-09-20,2025-03-24,ELV/NSC,True,True,13.0,3899.418909105324,0.7083266225428794,1,0.0,0.0,0.0,0,
5,2024-09-20,2025-03-24,FIS/GPN,False,False,29.0,0.0,,0,0.0,0.0,0.0,0,
5,2024-09-20,2025-03-24,CE/CZR,True,True,3.0,10942.75455750347,1.7169903605557295,2,-3520.6313988201214,-2803.9067873723957,716.7246114477243,3,0.3333333333333333
5,2024-09-20,2025-03-24,DUK/KO,False,False,30.0,0.0,,0,5000.41619309693,5213.649845036647,213.23365193971844,2,1.0
5,2024-09-20,2025-03-24,CZR/TXN,False,True,35.0,-796.5712338927699,-0.0736232816387102,2,-831.170591330904,-676.9543681886084,154.2162231422957,1,0.0
5,2024-09-20,2025-03-24,HLT/WM,False,False,31.0,0.0,,0,5561.977952373489,5820.27842478003,258.3004724065381,2,0.5
5,2024-09-20,2025-03-24,CE/JPM,False,True,44.0,-4713.660238675118,-0.8652500773158806,1,-20714.916931280848,-20556.845953372693,158.07097790815678,1,0.0
5,2024-09-20,2025-03-24,MA/PGR,False,True,34.0,-439.3551329589809,-0.12266215020466875,1,0.0,0.0,0.0,0,
5,2024-09-20,2025-03-24,MDLZ/SO,False,True,20.0,932.0860202216506,0.22828610199467267,2,-3889.066255604374,-3635.4157621719532,253.6504934324238,2,0.5
5,2024-09-20,2025-03-24,MGM/USB,False,False,32.0,0.0,,0,0.0,0.0,0.0,0,
5,2024-09-20,2025-03-24,AVGO/PCAR,False,True,38.0,-1979.0232876896994,-0.22482335240078857,2,9055.31404390269,9412.227524940105,356.91348103741456,3,0.6666666666666666
5,2024-09-20,2025-03-24,RIO/TXN,True,True,11.0,4290.466132578557,1.755443913032394,1,8094.954192513556,8204.837963352553,109.88377083899755,1,1.0
5,2024-09-20,2025-03-24,AVGO/DE,False,True,46.0,-5267.074177041775,-0.48065317681505965,4,313.5177724675666,656.482029895072,342.9642574275117,3,0.6666666666666666
5,2024-09-20,2025-03-24,CBOE/H,False,True,17.0,1970.7844028946706,0.3796695287446919,1,173.10692544281187,464.85648227811294,291.7495568352987,2,0.5
5,2024-09-20,2025-03-24,RSG/UNP,False,True,36.0,-1569.3385455150333,-0.32016426577216817,2,-3407.699544770689,-3174.3886575309243,233.31088723976384,2,0.0
5,2024-09-20,2025-03-24,NVR/PHM,True,True,10.0,4650.9303507825225,2.550452776751646,1,0.0,0.0,0.0,0,
5,2024-09-20,2025-03-24,LUV/WYNN,True,True,12.0,4287.475069985172,0.5706575300965194,1,0.0,0.0,0.0,0,
5,2024-09-20,2025-03-24,ICE/PHM,False,False,33.0,0.0,,0,-1365.2979614505516,-1261.1982831689356,104.0996782816155,1,0.0
5,2024-09-20,2025-03-24,PEP/PLD,True,True,4.0,8842.434651398842,1.9675019102747435,1,0.0,0.0,0.0,0,
5,2024-09-20,2025-03-24,CBOE/MAR,True,True,15.0,3128.8964148050454,0.6714434202049455,1,307.7699995164103,413.14997705346013,105.37997753704946,1,1.0
5,2024-09-20,2025-03-24,LYB/MGM,True,True,6.0,7720.395219919218,1.8022093016937801,2,0.0,0.0,0.0,0,
6,2025-03-25,2025-09-23,MA/V,False,True,38.0,-578.9476233866799,-0.25355729355451234,4,2794.3625721868857,3007.03493574234,212.67236355545563,2,0.5
6,2025-03-25,2025-09-23,CAT/CZR,False,True,37.0,-478.50556921847965,-0.04459049059215023,2,-4541.621746310434,-4459.551618860479,82.0701274499547,1,0.0
6,2025-03-25,2025-09-23,KBH/TXN,True,True,9.0,5958.210343904651,0.8510824770315047,1,0.0,0.0,0.0,0,
6,2025-03-25,2025-09-23,AVGO/DUK,True,True,4.0,12413.995733422817,1.7396979528748526,1,0.0,0.0,0.0,0,
6,2025-03-25,2025-09-23,KBH/NVR,False,False,19.0,0.0,,0,0.0,0.0,0.0,0,
6,2025-03-25,2025-09-23,PHM/TXN,True,True,14.0,3576.8749178986377,0.5146245311654922,1,19029.737341021915,19170.54794831133,140.81060728941407,1,1.0
6,2025-03-25,2025-09-23,ICE/PLD,False,True,49.0,-14108.662656929473,-2.51861353166419,4,3870.616559624827,4217.792470760221,347.1759111353932,3,0.6666666666666666
6,2025-03-25,2025-09-23,PCAR/TMUS,False,False,20.0,0.0,,0,0.0,0.0,0.0,0,
6,2025-03-25,2025-09-23,PGR/V,True,True,6.0,8469.05747887626,1.9307613391428826,1,0.0,0.0,0.0,0,
6,2025-03-25,2025-09-23,CMI/KBH,True,True,12.0,5183.527353432343,1.2358212345304773,1,-11491.21690778054,-11136.248885788342,354.96802199220093,2,0.0
6,2025-03-25,2025-09-23,DUK/WM,True,True,8.0,6449.42350808051,2.2590040034289443,1,-1666.5397941865276,-1556.7273965751453,109.81239761138292,1,0.0
6,2025-03-25,2025-09-23,H/MAR,False,True,36.0,-137.20696932480772,-0.0789800932514382,1,2661.5745994625595,2987.852341408184,326.27774194562653,2,0.5
6,2025-03-25,2025-09-23,BHP/NSC,False,False,21.0,0.0,,0,0.0,0.0,0.0,0,
6,2025-03-25,2025-09-23,CZR/NSC,True,True,15.0,1189.1362024711973,0.17938915490953303,2,-14760.140212080369,-14280.095242042975,480.044970037395,3,0.0
6,2025-03-25,2025-09-23,AEP/MRK,False,True,42.0,-3273.8323803735875,-0.788983941205658,1,-7911.712095656712,-7513.349187937504,398.3629077192083,3,0.0
6,2025-03-25,2025-09-23,AVGO/JNJ,False,True,46.0,-4080.9588460152345,-0.3709203670909239,2,-983.9824721218658,-792.0444644618165,191.93800766004864,2,0.5
6,2025-03-25,2025-09-23,ICE/TXN,False,True,48.0,-9903.926279778303,-1.2675024938110497,3,-2396.236675143201,-1949.798741237787,446.43793390541384,4,0.5
6,2025-03-25,2025-09-23,PHM/RIO,True,True,1.0,14659.100096849641,1.8175483252464115,2,0.0,0.0,0.0,0,
6,2025-03-25,2025-09-23,ED/RTX,False,False,22.0,0.0,,0,10332.766991928118,10523.25196711072,190.4849751826026,2,1.0
6,2025-03-25,2025-09-23,IHG/MAR,False,True,41.0,-2108.9646908099035,-0.5126334485394666,2,0.0,0.0,0.0,0,
6,2025-03-25,2025-09-23,CAT/KBH,False,False,23.0,0.0,,0,1853.0387334024947,2179.1380791604215,326.09934575792647,2,0.5
6,2025-03-25,2025-09-23,BHP/CZR,False,False,24.0,0.0,,0,0.0,0.0,0.0,0,
6,2025-03-25,2025-09-23,KBH/PCAR,True,True,2.0,13940.67229368711,2.420230141708049,1,0.0,0.0,0.0,0,
6,2025-03-25,2025-09-23,DUK/RSG,False,False,25.0,0.0,,0,0.0,0.0,0.0,0,
6,2025-03-25,2025-09-23,PCAR/PHM,True,True,3.0,13570.360678083309,2.5043485356463493,1,0.0,0.0,0.0,0,
6,2025-03-25,2025-09-23,PGR/UNP,False,True,47.0,-4717.23607597965,-0.729770983491169,3,-1450.7248575955132,-1247.0218050972937,203.703052498223,2,0.5
6,2025-03-25,2025-09-23,NSC/RIO,False,False,26.0,0.0,,0,300.63081142151896,425.63842944293356,125.00761802141535,1,1.0
6,2025-03-25,2025-09-23,ELV/UNP,True,True,10.0,5769.9067294715105,1.3264501851950918,1,-1995.84686862573,-1867.014069229725,128.83279939600644,1,0.0
6,2025-03-25,2025-09-23,BHP/UNP,False,False,27.0,0.0,,0,0.0,0.0,0.0,0,
6,2025-03-25,2025-09-23,ELV/NSC,False,False,28.0,0.0,,0,2757.5027919142717,2893.3284387945378,135.82564688026497,1,1.0
6,2025-03-25,2025-09-23,FIS/GPN,False,False,29.0,0.0,,0,7658.7493617292785,7870.272761200509,211.5233994712318,1,1.0
6,2025-03-25,2025-09-23,CE/CZR,False,True,44.0,-3520.6313988201214,-0.23227443262055955,3,-16161.50150442678,-14836.205457095008,1325.2960473317726,5,0.2
6,2025-03-25,2025-09-23,DUK/KO,True,True,13.0,5000.41619309693,1.430816923361283,2,-1883.8415902758186,-1778.2767964194586,105.56479385635963,1,0.0
6,2025-03-25,2025-09-23,CZR/TXN,False,True,39.0,-831.170591330904,-0.1803707091625647,1,10854.708463794283,11231.00614538067,376.297681586384,2,1.0
6,2025-03-25,2025-09-23,HLT/WM,True,True,11.0,5561.977952373489,0.9924026056262477,2,1140.8559346119607,1220.2892034359295,79.43326882396887,1,1.0
6,2025-03-25,2025-09-23,CE/JPM,False,True,50.0,-20714.916931280848,-1.7328193076636442,1,-42910.51204310126,-41737.342282862635,1173.1697602386216,6,0.16666666666666666
6,2025-03-25,2025-09-23,MA/PGR,False,False,30.0,0.0,,0,0.0,0.0,0.0,0,
6,2025-03-25,2025-09-23,MDLZ/SO,False,True,45.0,-3889.066255604374,-0.7314662553076219,2,25.268270281946457,128.7853248270219,103.51705454507558,1,1.0
6,2025-03-25,2025-09-23,MGM/USB,False,False,31.0,0.0,,0,0.0,0.0,0.0,0,
6,2025-03-25,2025-09-23,AVGO/PCAR,True,True,5.0,9055.31404390269,0.7895438578547641,3,-26943.617838876733,-26510.340181153,433.2776577237332,4,0.0
6,2025-03-25,2025-09-23,RIO/TXN,True,True,7.0,8094.954192513556,2.734583541524068,1,11241.98266871877,11353.455155811447,111.47248709267683,1,1.0
6,2025-03-25,2025-09-23,AVGO/DE,False,True,16.0,313.5177724675666,0.019596732281605495,3,-19210.46078201228,-18992.466279241195,217.99450277108372,2,0.0
6,2025-03-25,2025-09-23,CBOE/H,False,True,18.0,173.10692544281187,0.021964027417259276,2,-1711.778032008223,-1228.0816041907601,483.6964278174602,3,0.3333333333333333
6,2025-03-25,2025-09-23,RSG/UNP,False,True,43.0,-3407.699544770689,-0.5343805754380957,2,-2038.2762545916557,-1755.7598084460733,282.51644614558575,3,0.6666666666666666
6,2025-03-25,2025-09-23,NVR/PHM,False,False,32.0,0.0,,0,0.0,0.0,0.0,0,
6,2025-03-25,2025-09-23,LUV/WYNN,False,False,33.0,0.0,,0,0.0,0.0,0.0,0,
6,2025-03-25,2025-09-23,ICE/PHM,False,True,40.0,-1365.2979614505516,-0.6516642728816093,1,8477.77203394321,8793.698802558692,315.9267686154822,2,0.5
6,2025-03-25,2025-09-23,PEP/PLD,False,False,34.0,0.0,,0,0.0,0.0,0.0,0,
6,2025-03-25,2025-09-23,CBOE/MAR,False,True,17.0,307.7699995164103,0.12318347407599002,1,2664.955964746975,2944.2318822351936,279.2759174882185,2,1.0
6,2025-03-25,2025-09-23,LYB/MGM,False,False,35.0,0.0,,0,-9216.390624732372,-8512.402870660873,703.9877540715007,4,0.5
7,2025-09-24,2026-03-25,MA/V,True,True,8.0,2794.3625721868857,1.2987116512662853,2,0.0,0.0,0.0,0,
7,2025-09-24,2026-03-25,CAT/CZR,False,True,42.0,-4541.621746310434,-1.7064312500242518,1,-27874.644264668183,-27458.815020715916,415.82924395226183,2,0.0
7,2025-09-24,2026-03-25,KBH/TXN,False,False,16.0,0.0,,0,0.0,0.0,0.0,0,
7,2025-09-24,2026-03-25,AVGO/DUK,False,False,17.0,0.0,,0,9153.153937584795,9238.683470059652,85.52953247485804,1,1.0
7,2025-09-24,2026-03-25,KBH/NVR,False,False,18.0,0.0,,0,0.0,0.0,0.0,0,
7,2025-09-24,2026-03-25,PHM/TXN,True,True,1.0,19029.737341021915,2.007548927369075,1,20567.102052068054,20703.021214953504,135.91916288545048,1,1.0
7,2025-09-24,2026-03-25,ICE/PLD,True,True,7.0,3870.616559624827,0.6136311765136053,3,0.0,0.0,0.0,0,
7,2025-09-24,2026-03-25,PCAR/TMUS,False,False,19.0,0.0,,0,7049.83411238789,7176.999016655038,127.16490426714957,1,1.0
7,2025-09-24,2026-03-25,PGR/V,False,False,20.0,0.0,,0,0.0,0.0,0.0,0,
7,2025-09-24,2026-03-25,CMI/KBH,False,True,45.0,-11491.21690778054,-1.8611179261023951,2,-34150.99023336572,-33028.45411713601,1122.5361162297097,8,0.125
7,2025-09-24,2026-03-25,DUK/WM,False,True,36.0,-1666.5397941865276,-0.9639266670971387,1,1925.217087887718,2160.8755786427946,235.65849075507617,2,0.5
7,2025-09-24,2026-03-25,H/MAR,True,True,11.0,2661.5745994625595,0.6154401676773733,2,2048.6237613244507,2308.1099662696965,259.48620494524505,2,0.5
7,2025-09-24,2026-03-25,BHP/NSC,False,False,21.0,0.0,,0,0.0,0.0,0.0,0,
7,2025-09-24,2026-03-25,CZR/NSC,False,True,46.0,-14760.140212080369,-1.4845308431986375,3,4026.959411365086,4396.087670599877,369.12825923479085,2,0.5
7,2025-09-24,2026-03-25,AEP/MRK,False,True,43.0,-7911.712095656712,-1.113183871632982,3,-5466.394998537094,-5040.253592989993,426.1414055470949,3,0.3333333333333333
7,2025-09-24,2026-03-25,AVGO/JNJ,False,True,34.0,-983.9824721218658,-0.10721000041541784,2,0.0,0.0,0.0,0,
7,2025-09-24,2026-03-25,ICE/TXN,False,True,41.0,-2396.236675143201,-0.23213710795758738,4,14387.26432463164,14535.766451144085,148.50212651244644,1,1.0
7,2025-09-24,2026-03-25,PHM/RIO,False,False,22.0,0.0,,0,0.0,0.0,0.0,0,
7,2025-09-24,2026-03-25,ED/RTX,True,True,4.0,10332.766991928118,2.920288501964879,2,-570.6248810221098,-443.750156020655,126.87472500145569,1,0.0
7,2025-09-24,2026-03-25,IHG/MAR,False,False,23.0,0.0,,0,0.0,0.0,0.0,0,
7,2025-09-24,2026-03-25,CAT/KBH,True,True,12.0,1853.0387334024947,0.26029396703446617,2,-29381.78877020871,-29003.747839786854,378.040930421846,2,0.0
7,2025-09-24,2026-03-25,BHP/CZR,False,False,24.0,0.0,,0,-857.8340259159979,-640.7734642702881,217.06056164571046,1,0.0
7,2025-09-24,2026-03-25,KBH/PCAR,False,False,25.0,0.0,,0,-1184.0751682634436,-1048.463603456292,135.61156480715167,1,0.0
7,2025-09-24,2026-03-25,DUK/RSG,False,False,26.0,0.0,,0,1634.283301438518,1886.1220736576754,251.83877221915662,2,0.5
7,2025-09-24,2026-03-25,PCAR/PHM,False,False,27.0,0.0,,0,0.0,0.0,0.0,0,
7,2025-09-24,2026-03-25,PGR/UNP,False,True,35.0,-1450.7248575955132,-0.18023700720858185,2,0.0,0.0,0.0,0,
7,2025-09-24,2026-03-25,NSC/RIO,True,True,14.0,300.63081142151896,0.1016025099823989,1,0.0,0.0,0.0,0,
7,2025-09-24,2026-03-25,ELV/UNP,False,True,39.0,-1995.84686862573,-0.36225287503015946,1,-4597.21923473192,-4334.195692310941,263.0235424209814,2,0.5
7,2025-09-24,2026-03-25,BHP/UNP,False,False,28.0,0.0,,0,4891.035326113936,5013.160228686997,122.1249025730607,1,1.0
7,2025-09-24,2026-03-25,ELV/NSC,True,True,9.0,2757.5027919142717,0.4961280607307849,1,2246.7481340248823,2489.527173346711,242.7790393218276,2,1.0
7,2025-09-24,2026-03-25,FIS/GPN,True,True,6.0,7658.7493617292785,1.3489820488832762,1,0.0,0.0,0.0,0,
7,2025-09-24,2026-03-25,CE/CZR,False,True,47.0,-16161.50150442678,-0.8605317168391114,5,27810.91743997096,28287.31209878672,476.39465881575444,2,1.0
7,2025-09-24,2026-03-25,DUK/KO,False,True,38.0,-1883.8415902758186,-1.260881051138434,1,5897.349545153569,6017.049730478833,119.70018532526447,1,1.0
7,2025-09-24,2026-03-25,CZR/TXN,True,True,3.0,10854.708463794283,0.7665903646222495,2,30529.233690199333,31023.773628919156,494.539938719825,2,1.0
7,2025-09-24,2026-03-25,HLT/WM,True,True,13.0,1140.8559346119607,0.6354360459234331,1,-1889.1220416660335,-1652.067707835677,237.05433383035592,2,0.5
7,2025-09-24,2026-03-25,CE/JPM,False,True,50.0,-42910.51204310126,-2.335125938449009,6,34846.38476289543,35359.4795290623,513.094766166865,2,1.0
7,2025-09-24,2026-03-25,MA/PGR,False,False,29.0,0.0,,0,0.0,0.0,0.0,0,
7,2025-09-24,2026-03-25,MDLZ/SO,True,True,15.0,25.268270281946457,0.012600063546458118,1,-2913.0822219540714,-2684.2905914645726,228.79163048949533,2,0.5
7,2025-09-24,2026-03-25,MGM/USB,False,False,30.0,0.0,,0,0.0,0.0,0.0,0,
7,2025-09-24,2026-03-25,AVGO/PCAR,False,True,49.0,-26943.617838876733,-3.4167850185030177,4,23476.87304126932,23713.764315933768,236.89127466444927,2,1.0
7,2025-09-24,2026-03-25,RIO/TXN,True,True,2.0,11241.98266871877,1.9359312689682882,1,-8740.877833846034,-8441.82161393877,299.0562199072677,2,0.0
7,2025-09-24,2026-03-25,AVGO/DE,False,True,48.0,-19210.46078201228,-2.073927584804499,2,16255.172264599247,16489.277263342374,234.1049987431293,2,1.0
7,2025-09-24,2026-03-25,CBOE/H,False,True,37.0,-1711.778032008223,-0.1473526897329211,3,2468.9211656777643,2778.4806167457,309.55945106793877,2,0.5
7,2025-09-24,2026-03-25,RSG/UNP,False,True,40.0,-2038.2762545916557,-0.2604092665928027,3,0.0,0.0,0.0,0,
7,2025-09-24,2026-03-25,NVR/PHM,False,False,31.0,0.0,,0,843.1474579562373,1106.6630298683294,263.5155719120926,2,0.5
7,2025-09-24,2026-03-25,LUV/WYNN,False,False,32.0,0.0,,0,0.0,0.0,0.0,0,
7,2025-09-24,2026-03-25,ICE/PHM,True,True,5.0,8477.77203394321,1.060479657060553,2,0.0,0.0,0.0,0,
7,2025-09-24,2026-03-25,PEP/PLD,False,False,33.0,0.0,,0,0.0,0.0,0.0,0,
7,2025-09-24,2026-03-25,CBOE/MAR,True,True,10.0,2664.955964746975,0.27919470140643404,2,0.0,0.0,0.0,0,
7,2025-09-24,2026-03-25,LYB/MGM,False,True,44.0,-9216.390624732372,-0.9212209464749367,4,24724.95317881566,25222.347166634245,497.3939878185882,3,0.3333333333333333
8,2026-03-26,2026-09-15,MA/V,False,False,20.0,0.0,,0,-1113.2728550754423,-894.482575523184,218.79027955225794,2,0.5
8,2026-03-26,2026-09-15,CAT/CZR,False,True,48.0,-27874.644264668183,-1.7919612719460298,2,-15363.379350505487,-14960.17643175547,403.20291875002135,2,0.5
8,2026-03-26,2026-09-15,KBH/TXN,False,False,21.0,0.0,,0,-107.81288776325891,102.04007177639505,209.85295953965453,1,0.0
8,2026-03-26,2026-09-15,AVGO/DUK,True,True,9.0,9153.153937584795,1.9935049772756943,1,0.0,0.0,0.0,0,
8,2026-03-26,2026-09-15,KBH/NVR,False,False,22.0,0.0,,0,0.0,0.0,0.0,0,
8,2026-03-26,2026-09-15,PHM/TXN,True,True,6.0,20567.102052068054,2.3812051418465003,1,6573.3692940288,6740.016489678486,166.64719564968135,1,1.0
8,2026-03-26,2026-09-15,ICE/PLD,False,False,23.0,0.0,,0,0.0,0.0,0.0,0,
8,2026-03-26,2026-09-15,PCAR/TMUS,True,True,10.0,7049.83411238789,1.2500677318882574,1,-3055.42498412624,-2790.196955245863,265.2280288803786,2,0.0
8,2026-03-26,2026-09-15,PGR/V,False,False,24.0,0.0,,0,0.0,0.0,0.0,0,
8,2026-03-26,2026-09-15,CMI/KBH,False,True,50.0,-34150.99023336572,-3.7284088847387133,8,-11491.207055991592,-10856.4584652508,634.7485907407945,4,0.25
8,2026-03-26,2026-09-15,DUK/WM,False,True,17.0,1925.217087887718,0.515410802787687,2,3237.5588908015598,3519.5827626876307,282.023871886071,2,0.5
8,2026-03-26,2026-09-15,H/MAR,False,True,16.0,2048.6237613244507,0.46231048691429466,2,8483.555799596652,8671.662138271855,188.1063386752013,1,1.0
8,2026-03-26,2026-09-15,BHP/NSC,False,False,25.0,0.0,,0,9590.539834314106,9731.216866193188,140.67703187908054,1,1.0
8,2026-03-26,2026-09-15,CZR/NSC,True,True,13.0,4026.959411365086,0.26939111618480843,2,0.0,0.0,0.0,0,
8,2026-03-26,2026-09-15,AEP/MRK,False,True,46.0,-5466.394998537094,-0.7156366884990277,3,9240.307614079118,9555.723060348704,315.41544626958506,2,0.5
8,2026-03-26,2026-09-15,AVGO/JNJ,False,False,26.0,0.0,,0,0.0,0.0,0.0,0,
8,2026-03-26,2026-09-15,ICE/TXN,True,True,8.0,14387.26432463164,1.9652311662616613,1,1189.4045851297026,1508.9153743845782,319.5107892548688,3,0.3333333333333333
8,2026-03-26,2026-09-15,PHM/RIO,False,False,27.0,0.0,,0,0.0,0.0,0.0,0,
8,2026-03-26,2026-09-15,ED/RTX,False,True,40.0,-570.6248810221098,-0.13409175177454538,1,0.0,0.0,0.0,0,
8,2026-03-26,2026-09-15,IHG/MAR,False,False,28.0,0.0,,0,0.0,0.0,0.0,0,
8,2026-03-26,2026-09-15,CAT/KBH,False,True,49.0,-29381.78877020871,-2.4018914052524893,2,-12772.72630791451,-12430.28372666215,342.4425812523581,2,0.0
8,2026-03-26,2026-09-15,BHP/CZR,False,True,41.0,-857.8340259159979,-0.07394074620409287,1,-12285.795718507767,-11746.57820506211,539.2175134456596,2,0.0
8,2026-03-26,2026-09-15,KBH/PCAR,False,True,42.0,-1184.0751682634436,-0.660418106902225,1,11265.339904065959,11653.572323453076,388.23241938712096,2,1.0
8,2026-03-26,2026-09-15,DUK/RSG,False,True,18.0,1634.283301438518,0.4434604549447436,2,6016.818433483257,6317.2501845897,300.43175110644313,2,1.0
8,2026-03-26,2026-09-15,PCAR/PHM,False,False,29.0,0.0,,0,10434.284213782723,10738.536063382122,304.2518495993978,2,1.0
8,2026-03-26,2026-09-15,PGR/UNP,False,False,30.0,0.0,,0,0.0,0.0,0.0,0,
8,2026-03-26,2026-09-15,NSC/RIO,False,False,31.0,0.0,,0,0.0,0.0,0.0,0,
8,2026-03-26,2026-09-15,ELV/UNP,False,True,45.0,-4597.21923473192,-0.5298399937983492,2,12823.952071861764,12980.366572026785,156.4145001650234,1,1.0
8,2026-03-26,2026-09-15,BHP/UNP,True,True,12.0,4891.035326113936,0.9771762910422693,1,6710.9396909759525,6857.391201584498,146.4515106085439,1,1.0
8,2026-03-26,2026-09-15,ELV/NSC,True,True,15.0,2246.7481340248823,0.29370418827287564,2,0.0,0.0,0.0,0,
8,2026-03-26,2026-09-15,FIS/GPN,False,False,32.0,0.0,,0,-5000.9951276144,-4867.497418750583,133.4977088638177,1,0.0
8,2026-03-26,2026-09-15,CE/CZR,True,True,3.0,27810.91743997096,2.0333628857985917,2,3757.2271785031908,3947.8607139587357,190.6335354555443,1,1.0
8,2026-03-26,2026-09-15,DUK/KO,True,True,11.0,5897.349545153569,1.8842018825465565,1,-3774.4015111454883,-3672.991093140696,101.41041800479249,1,0.0
8,2026-03-26,2026-09-15,CZR/TXN,True,True,2.0,30529.233690199333,1.2776417091015082,2,0.0,0.0,0.0,0,
8,2026-03-26,2026-09-15,HLT/WM,False,True,43.0,-1889.1220416660335,-0.3105743767220743,2,109.81549895947514,318.5496646641038,208.73416570463002,2,0.5
8,2026-03-26,2026-09-15,CE/JPM,True,True,1.0,34846.38476289543,1.2896158630747425,2,0.0,0.0,0.0,0,
8,2026-03-26,2026-09-15,MA/PGR,False,False,33.0,0.0,,0,2752.0802832541012,2833.9559936523438,81.87571039824246,1,1.0
8,2026-03-26,2026-09-15,MDLZ/SO,False,True,44.0,-2913.0822219540714,-0.3990681703261999,2,0.0,0.0,0.0,0,
8,2026-03-26,2026-09-15,MGM/USB,False,False,34.0,0.0,,0,0.0,0.0,0.0,0,
8,2026-03-26,2026-09-15,AVGO/PCAR,True,True,5.0,23476.87304126932,2.296603848774898,2,11075.32136133978,11195.624552650817,120.30319131103658,1,1.0
8,2026-03-26,2026-09-15,RIO/TXN,False,True,47.0,-8740.877833846034,-0.9862643782636307,2,17757.20913589174,17889.026873329276,131.81773743753533,1,1.0
8,2026-03-26,2026-09-15,AVGO/DE,True,True,7.0,16255.172264599247,1.1127988786259821,2,0.0,0.0,0.0,0,
8,2026-03-26,2026-09-15,CBOE/H,True,True,14.0,2468.9211656777643,0.2511671041228729,2,19078.006016570824,19274.492990763025,196.4869741922006,1,1.0
8,2026-03-26,2026-09-15,RSG/UNP,False,False,35.0,0.0,,0,0.0,0.0,0.0,0,
8,2026-03-26,2026-09-15,NVR/PHM,False,True,19.0,843.1474579562373,0.23577232208753587,2,-5552.795730396943,-5045.9066922226975,506.8890381742446,4,0.25
8,2026-03-26,2026-09-15,LUV/WYNN,False,False,36.0,0.0,,0,0.0,0.0,0.0,0,
8,2026-03-26,2026-09-15,ICE/PHM,False,False,37.0,0.0,,0,14932.395145055365,15041.366728943582,108.9715838882179,1,1.0
8,2026-03-26,2026-09-15,PEP/PLD,False,False,38.0,0.0,,0,2561.41630555556,2660.530540959371,99.11423540381203,1,1.0
8,2026-03-26,2026-09-15,CBOE/MAR,False,False,39.0,0.0,,0,13727.09116508094,13841.516422980381,114.42525789943976,1,1.0
8,2026-03-26,2026-09-15,LYB/MGM,True,True,4.0,24724.95317881566,1.9259998046030873,3,14613.549177666211,14777.32382788867,163.77465022245994,1,1.0
