period,pair,entry_date,exit_date,side,exit_reason,days_held,entry_z,exit_z,beta,shares_y,shares_x,entry_notional,gross,costs,net
0,CAT/CZR,2022-04-11,2022-06-14,short_spread,stop,44,2.1169087479144357,4.191102747434801,0.5140930032461477,-328,498,99982.73112152473,-11639.158555114187,155.67348418025995,-11794.832039294448
0,CAT/CZR,2022-06-16,2022-09-13,short_spread,time,60,3.9639154571471296,2.214871569008972,0.5140930032461477,-353,845,100090.84121796094,9620.892268278185,208.13197632459259,9412.760291953593
0,CAT/CZR,2022-09-14,2022-09-16,short_spread,end_of_window,3,2.252301158128085,2.0932800931433064,0.5306992648810167,-379,762,100037.25671642629,1284.9244410356555,128.1252608039361,1156.7991802317194
0,BHP/NSC,2022-04-04,2022-06-30,short_spread,time,60,2.8288226933858116,2.03640152042484,0.8636495712288256,-967,192,99881.91539254553,3942.2243598566333,162.20668750813266,3780.0176723485006
0,CZR/NSC,2022-05-10,2022-08-05,long_spread,time,60,-2.074085657450274,-2.3391838731457755,1.6316452828380104,704,-270,100091.11080083135,-4335.09168019985,189.29172424534255,-4524.383404445192
0,CZR/NSC,2022-08-08,2022-09-16,long_spread,end_of_window,29,-2.429009318540003,-2.1683977568596355,1.5804058677168233,801,-264,99943.24063664553,1875.1036661255243,152.0766805047353,1723.026985620789
0,PHM/RIO,2022-03-28,2022-06-23,long_spread,time,60,-2.039956549140934,-1.315772671913184,0.8369367913100949,1295,-770,100011.70320694367,2998.3893226956134,197.6929614905161,2800.696361205097
0,BHP/CZR,2022-03-22,2022-06-08,short_spread,stop,54,2.0316595819486176,4.069055934128955,0.49278474200173206,-1309,419,100009.51969520863,-14293.432557102193,207.19527737510674,-14500.6278344773
0,BHP/CZR,2022-06-09,2022-06-14,short_spread,stop,3,3.9113063208203442,4.126336376562896,0.49278474200173206,-1270,645,99966.18615695694,-761.1003224317085,155.37077228658507,-916.4710947182936
0,BHP/CZR,2022-06-21,2022-09-15,short_spread,time,60,3.406505743684498,2.5885571709200903,0.5323106164952395,-1451,846,99968.20066621869,6226.561177998481,257.23181807618903,5969.3293599222925
0,CE/CZR,2022-05-05,2022-08-02,short_spread,time,60,2.4401151699334465,0.5925980123606824,0.4134727573285715,-485,445,100019.27283178162,9986.103165275937,191.75580701765477,9794.347358258283
0,HLT/WM,2022-07-01,2022-09-16,long_spread,end_of_window,54,-2.166732641162507,-1.6219945814070507,1.023690177789304,451,-354,100101.35176681145,3202.5650420445,169.48128838497277,3033.0837536595272
0,CE/JPM,2022-04-14,2022-06-30,short_spread,target,52,2.0729087585571992,0.4336668633561803,0.9094241199257549,-378,418,99926.01336103238,5498.490724575635,144.2709984758739,5354.219726099761
0,AVGO/PCAR,2022-04-01,2022-06-29,short_spread,time,60,2.097538578368758,1.144849389938945,1.8767546439104574,-592,1295,99999.83105188912,3674.570152771775,157.27600986481897,3517.294142906956
0,RIO/TXN,2022-04-12,2022-05-10,short_spread,target,19,2.0110986982940307,0.4637351754084939,0.9525421795252446,-840,316,99934.15163726464,7999.518928553539,108.0101932852458,7891.508735268293
0,RIO/TXN,2022-08-05,2022-08-24,long_spread,target,13,-2.002090393295001,-0.4898457796725276,1.0200637007040378,1112,-311,99921.20204089623,5092.773347432308,116.78771819651487,4975.985629235793
0,RSG/UNP,2022-05-09,2022-08-04,short_spread,time,60,2.144904818943312,2.8335050191705755,0.8980247377745566,-414,231,99953.50436263738,-2506.173168044196,150.77085243668262,-2656.9440204808784
0,RSG/UNP,2022-08-05,2022-09-16,short_spread,end_of_window,30,2.8505124861666085,3.7666849900981734,0.8891426225935657,-395,230,100130.44015896402,-3741.288188232538,114.86768920093223,-3856.15587743347
0,LYB/MGM,2022-05-05,2022-08-02,short_spread,time,60,2.058739184412729,0.841438281025795,0.5715175420429459,-761,892,99969.2637262524,5699.569086778827,181.09112381739482,5518.477962961432
1,BHP/NSC,2022-10-11,2022-10-31,short_spread,target,14,2.0793438850093673,0.4334066555505368,0.9350640767127689,-1222,250,99955.70555193521,6968.981497691595,137.39359786418976,6831.587899827406
1,BHP/NSC,2022-11-16,2023-01-27,short_spread,stop,48,2.0990016598880885,4.1445173635683075,0.9350640767127689,-1033,211,99967.63480445935,-10961.098778446647,174.82090719279768,-11135.919685639445
1,BHP/NSC,2023-02-01,2023-02-22,short_spread,stop,14,3.7851718925093087,4.0286092003033,0.9335491458009401,-877,214,99885.54213349795,611.3387019351969,106.33742417842998,505.00127775676697
1,BHP/NSC,2023-02-23,2023-03-14,short_spread,stop,13,3.7974098383895543,4.186096672065449,0.9335491458009401,-968,232,99905.03671558533,-1930.5876549732686,110.5050225414927,-2041.0926775147614
1,BHP/NSC,2023-03-16,2023-03-20,short_spread,end_of_window,3,3.8432239614030133,3.9432943617698455,0.9335491458009401,-1052,257,100029.75371134348,-1377.6378758781707,109.82579455593174,-1487.4636704341024
1,ICE/TXN,2022-09-20,2022-12-14,long_spread,time,60,-2.022562501500334,-1.454102184741247,0.7373622318747124,628,-288,100030.18267908177,2451.6233759874544,141.70018398769724,2309.9231919997574
1,ICE/TXN,2023-03-13,2023-03-20,long_spread,end_of_window,6,-2.553515953203165,-2.5520403429603746,0.737320170968241,638,-276,100007.3538301455,235.27652217291893,89.51122133842051,145.76530083449842
1,DUK/RSG,2022-10-03,2022-12-12,long_spread,target,49,-2.188029661304099,-0.4863196301487246,0.5107254466419736,818,-258,99999.78815315818,5729.049123767486,127.7555178149802,5601.2936059525055
1,PCAR/PHM,2022-10-05,2022-12-30,short_spread,time,60,2.064647120277994,2.3019247225406594,0.6030734296457086,-1216,961,99968.3930412498,-3496.8722024265726,221.6455186611903,-3718.5177210877628
1,PCAR/PHM,2023-01-03,2023-03-20,short_spread,end_of_window,53,2.3889647339212345,1.7893837128999484,0.608372190693935,-1063,840,99967.5796565493,3026.891553335639,187.34748681796705,2839.544066517672
1,BHP/UNP,2022-11-16,2023-01-25,short_spread,stop,46,2.319303988034696,4.205782285529785,1.0288263903064845,-986,263,99980.10275004602,-10537.845995595144,162.94173258769928,-10700.787728182842
1,BHP/UNP,2023-02-03,2023-02-22,short_spread,stop,12,3.325934823223158,4.1751251817860435,1.0196326597369085,-871,261,99956.92041533219,-1804.6814220370395,101.28457171366753,-1905.965993750707
1,BHP/UNP,2023-02-23,2023-03-20,short_spread,end_of_window,18,3.9666446117316916,3.355257751316957,1.0196326597369085,-927,285,99926.79629815207,1808.305341742196,113.36757393942425,1694.9377678027718
1,HLT/WM,2022-09-23,2022-10-31,long_spread,target,26,-2.2974783411454824,-0.499772926817768,1.0262975407878014,423,-326,100059.30677261934,9429.270450356022,127.50591705879084,9301.764533297232
1,CE/JPM,2022-09-23,2022-11-07,long_spread,stop,31,-2.2116436038083336,-4.345258796772796,0.9164968380115831,601,-479,100041.19173665317,-8689.403888653753,159.80631234509144,-8849.210200998845
1,CE/JPM,2022-11-11,2023-02-09,long_spread,time,60,-3.1450441170691303,-1.535648320560667,0.9164968380115831,520,-386,100005.8104245548,5530.585264031339,185.49005255622,5345.095211475119
1,CE/JPM,2023-02-22,2023-03-20,long_spread,end_of_window,19,-2.0431647148897785,-2.1468115198656954,0.9023599136979201,484,-370,100010.56615430435,-785.6742936607509,116.05264317099883,-901.7269368317498
1,MGM/USB,2022-10-07,2023-01-04,short_spread,time,60,2.1563829414869318,0.8626930399378406,1.4607653170751222,-1238,1728,99988.38257707938,5767.371511270709,181.40363669271318,5585.967874577996
1,MGM/USB,2023-02-10,2023-03-14,short_spread,stop,21,2.07980030378072,4.995882712810353,1.4568448777025145,-928,1434,99977.65836194128,-10322.491393948136,130.2417428993474,-10452.733136847482
1,RIO/TXN,2023-01-20,2023-03-16,short_spread,target,38,2.1536665793931102,0.43118971377751747,1.0218200077762318,-813,326,99961.80528956011,7691.6091709264965,125.19823976182418,7566.410931164673
1,ICE/PHM,2023-02-03,2023-03-20,long_spread,end_of_window,31,-2.284615870969792,-2.6074408723993328,0.79375894037816,544,-776,99997.20281444746,-2181.7856948995213,124.74679272902726,-2306.5324876285486
2,KBH/TXN,2023-06-22,2023-09-18,short_spread,time,60,2.1252300861653928,1.7879577910383087,0.7731639501266765,-1149,281,99914.95994565816,2211.546178595001,192.384670383244,2019.161508211757
2,AVGO/DUK,2023-03-22,2023-05-26,short_spread,stop,46,2.299249830201366,4.03604932976148,2.361490012596035,-487,851,100033.7730280568,-8759.418940989537,112.15913233171969,-8871.578073321256
2,AVGO/DUK,2023-06-27,2023-06-28,short_spread,stop,1,3.9984166788056053,4.244422062560978,2.375648936809745,-371,876,100010.7336609374,-738.7857427959874,80.05324520317839,-818.8389879991657
2,AVGO/DUK,2023-07-24,2023-07-31,short_spread,stop,5,3.917032721893293,4.158837973724893,2.375648936809745,-341,839,100029.36085542385,-825.1960558708977,85.69490902507556,-910.8909648959732
2,AVGO/DUK,2023-08-10,2023-08-16,short_spread,stop,4,3.898542610926997,4.056000470057559,2.375648936809745,-360,854,100031.0766760364,-1059.5272962019749,88.4002962714848,-1147.9275924734598
2,AVGO/DUK,2023-08-17,2023-08-22,short_spread,stop,3,3.94578252820736,4.343619532233108,2.375648936809745,-367,867,99962.7859323937,-2243.342364760003,88.14720692371559,-2331.4895716837186
2,AVGO/DUK,2023-09-12,2023-09-19,short_spread,end_of_window,6,3.958761201521521,3.5672433044976573,2.375648936809745,-361,857,99964.42091371183,1513.6502057799207,85.95683712508838,1427.6933686548323
2,PCAR/TMUS,2023-03-22,2023-06-08,short_spread,stop,54,2.138766294667858,4.02919144430958,0.6179325524681604,-973,277,99955.13320917386,-8848.125044286196,165.1914429120785,-9013.316487198275
2,PCAR/TMUS,2023-06-09,2023-06-13,short_spread,stop,2,3.886782110364385,4.030196764083737,0.6179325524681604,-904,308,99979.29549985247,-1403.5336564735126,105.10135082413908,-1508.6350072976516
2,PCAR/TMUS,2023-06-22,2023-07-12,short_spread,stop,13,3.4325903099886355,4.085174700931228,0.6452366075644607,-867,310,99972.49398483126,-4216.858226223316,114.72875981195024,-4331.586986035266
2,PCAR/TMUS,2023-07-26,2023-08-01,short_spread,stop,4,3.982307572543137,4.203267036140979,0.6452366075644607,-785,292,99999.59915612839,-340.0087485014324,87.03223316139102,-427.04098166282347
2,PCAR/TMUS,2023-08-18,2023-08-21,short_spread,stop,1,3.9970508421165127,4.131452968450729,0.6452366075644607,-815,303,100033.94733387331,-1128.255092514644,80.59245672676349,-1208.8475492414075
2,PCAR/TMUS,2023-08-30,2023-09-11,short_spread,stop,7,3.8565964218543076,4.032069184519226,0.6452366075644607,-821,300,99976.66915541046,-1445.266597333476,94.09837497374676,-1539.3649723072228
2,PCAR/TMUS,2023-09-12,2023-09-19,short_spread,stop,5,3.9886023753082873,4.10103939568063,0.6452366075644607,-798,294,100015.58026902712,-795.5656090469124,94.47309320276253,-890.038702249675
2,DUK/WM,2023-05-26,2023-08-23,long_spread,time,60,-2.076955581900197,-1.5117893494448824,0.5239198111949955,837,-224,99947.97303552539,2510.5316547218226,125.28653105378709,2385.2451236680354
2,DUK/WM,2023-09-06,2023-09-19,long_spread,end_of_window,10,-2.068969641122944,-0.7825740343980008,0.5300146518818414,842,-233,100062.41542609077,4372.4687191825515,88.70371713326537,4283.7650020492865
2,ICE/TXN,2023-03-22,2023-04-28,long_spread,target,26,-2.0991650624047726,-0.26051596031049473,0.7303040720481148,600,-263,99943.29506683789,6984.067806085221,102.5778597356111,6881.489946349609
2,ED/RTX,2023-07-26,2023-09-19,short_spread,end_of_window,39,2.2085659505433215,2.5916100339985233,0.6593634646461044,-690,489,99956.7191479738,-1686.7385379488242,130.29976143645473,-1817.0382993852788
2,DUK/RSG,2023-05-17,2023-08-14,long_spread,time,60,-2.1821699575893456,-2.217895245072335,0.5208130798112011,790,-242,100003.7194193186,-429.1940885680958,127.75570238677413,-556.94979095487
2,DUK/RSG,2023-08-15,2023-09-19,long_spread,end_of_window,25,-2.4619316901499007,-2.1112636568482905,0.5241275400509107,807,-241,100012.11460781677,1668.6618801540699,102.40631620859332,1566.2555639454765
2,DUK/KO,2023-03-23,2023-06-20,long_spread,time,60,-2.021141816656119,-2.6753537644136305,0.9280303333419149,638,-887,100016.21365511851,-1598.4721827869016,136.52796722477137,-1735.000150011673
2,DUK/KO,2023-06-21,2023-09-15,long_spread,target,60,-2.8339615479844893,-0.4603235899279234,0.9280303333419149,647,-863,99979.0079433047,5186.8927177836895,131.35538788320122,5055.537329900489
2,MDLZ/SO,2023-05-01,2023-07-27,short_spread,time,60,2.201377709926596,1.2877364156627695,0.8394246724394275,-779,702,99985.43663286653,1776.220952000207,140.3814260692929,1635.839525930914
2,MDLZ/SO,2023-08-03,2023-09-19,short_spread,end_of_window,33,2.0779919940896097,1.0779973342159568,0.8557293007316158,-783,724,100026.25404208695,2761.2394779328724,112.1945934204348,2649.0448845124374
2,AVGO/DE,2023-04-06,2023-05-26,short_spread,stop,35,2.064539696472117,4.098974595891121,0.8460040715201419,-905,129,100127.50281306804,-12616.487791546817,117.28234060343883,-12733.770132150255
2,AVGO/DE,2023-06-22,2023-07-13,short_spread,stop,14,3.507121124704046,4.1119315747253795,0.8742199520730606,-655,118,100220.08242928647,-4006.903568897794,87.77808416900794,-4094.6816530668016
2,AVGO/DE,2023-07-17,2023-07-18,short_spread,stop,1,3.960069544960191,4.068760516356667,0.8742199520730606,-621,117,99961.71581253118,-183.76989276434705,67.10263720317253,-250.8725299675196
2,AVGO/DE,2023-07-19,2023-08-22,short_spread,stop,24,3.788106025980152,4.192953626705655,0.8742199520730606,-616,112,99770.09593046024,-2828.6740855495887,91.90198722060842,-2920.5760727701972
2,AVGO/DE,2023-09-05,2023-09-19,short_spread,end_of_window,11,3.706254592077904,3.8566292892835734,0.8742199520730606,-636,115,99789.91490993403,-1205.020553514349,84.0937757001056,-1289.1143292144548
3,PGR/V,2023-10-17,2024-01-12,short_spread,time,60,2.0034407008901254,1.3513053950403877,1.2465227866965412,-308,237,100097.1572558698,2902.225925281212,125.8253076047497,2776.4006176764624
3,PGR/V,2024-03-18,2024-03-20,short_spread,end_of_window,3,2.099694944455686,1.9370088314930618,1.2939636183603465,-232,202,99905.00632298955,827.1616511869041,61.92854252821433,765.2331086586898
3,DUK/WM,2023-10-06,2024-01-03,long_spread,time,60,-2.004586881115716,-0.5965506554504362,0.51700766144738,875,-231,99955.32153363191,5677.913620569462,131.61327733935042,5546.300343230112
3,DUK/WM,2024-02-09,2024-03-20,long_spread,end_of_window,28,-2.012832670318131,-2.3177103759752984,0.5047788033056068,797,-185,100066.58943724754,-1053.38506362692,98.92733650465584,-1152.312400131576
3,ICE/TXN,2024-01-16,2024-03-20,short_spread,end_of_window,46,2.020317682172904,2.646943552533062,0.7108245187478913,-476,273,99959.16738111514,-2902.6914941919304,125.97473586872601,-3028.6662300606563
3,BHP/CZR,2023-10-16,2024-01-11,short_spread,time,60,2.0320077702721426,2.14605995553171,0.5047939964394583,-1297,782,100009.9982666223,-5560.012787543357,226.32059576249645,-5786.333383305854
3,BHP/CZR,2024-01-12,2024-03-20,short_spread,end_of_window,47,2.1442817819557454,2.0198830734541393,0.4915687174170215,-1179,723,99969.74824627051,1944.6050577939432,176.541474294356,1768.0635834995871
3,PGR/UNP,2023-09-25,2023-12-19,short_spread,time,60,2.050284213190304,1.2842576696155508,1.3351301520906322,-328,294,100053.3715216876,5771.56658627102,130.75600217521446,5640.810584095806
3,PGR/UNP,2024-01-29,2024-03-20,short_spread,end_of_window,37,2.006268028944824,2.6273740302795874,1.3468181441028515,-259,254,99866.86007706128,-4532.835118330746,99.74990602896466,-4632.585024359711
3,ELV/NSC,2023-09-27,2023-12-21,short_spread,time,60,2.012630363718739,1.001136100212405,1.0599010388714871,-114,275,99995.71985878547,6681.3293410634415,144.33655678509746,6536.992784278344
3,MA/PGR,2023-10-27,2024-01-25,long_spread,time,60,-2.186208227787931,-1.396373490123868,0.890068113990837,147,-336,100023.22270708147,2065.656931631804,138.68341034389655,1926.9735212879075
3,MDLZ/SO,2024-01-30,2024-03-20,short_spread,end_of_window,36,2.089965898631107,0.9139642126517433,0.8816808192544606,-757,744,99952.05430648153,3896.8825730100325,109.24848646834303,3787.6340865416896
3,MGM/USB,2023-10-10,2024-01-05,short_spread,time,60,2.0431821061853523,1.3052676656661404,1.010986233036678,-1330,1742,99990.8089491683,8067.241199067291,201.61761884685876,7865.623580220432
4,PGR/V,2024-04-02,2024-06-27,short_spread,time,60,2.1035214760800134,1.7461250278026088,1.3589401351484693,-220,211,100030.03960197007,-1663.85118705242,108.17363647182687,-1772.024823524247
4,PGR/V,2024-06-28,2024-09-19,short_spread,end_of_window,58,2.0719356499213823,2.608517431276167,1.4647102307078974,-210,226,100010.72483690415,-4560.411358679238,114.0035961495297,-4674.414954828768
4,DUK/WM,2024-03-22,2024-05-20,long_spread,target,40,-2.171182085906986,-0.4124144849873249,0.49752125487851073,765,-162,99926.04164277573,6938.530264354972,98.33292538020024,6840.197338974772
4,DUK/RSG,2024-03-25,2024-05-20,long_spread,target,39,-2.0806812221707394,-0.45161029876844805,0.4456297879387281,798,-166,99945.60422354551,7680.723978420878,98.1443893474329,7582.579589073445
4,ELV/NSC,2024-05-22,2024-08-19,short_spread,time,60,2.0558839454193136,1.4203812580542772,1.059062059817289,-93,240,99930.4305137845,4041.7479814671324,142.32907236180716,3899.4189091053254
4,MDLZ/SO,2024-06-04,2024-08-29,long_spread,time,60,-2.114372334417666,-1.991454221775705,0.8994039959376529,836,-635,99963.99363090744,-121.06933877629774,140.33644466751298,-261.4057834438107
4,MDLZ/SO,2024-08-30,2024-09-19,long_spread,end_of_window,14,-2.1095944643344993,-1.7353369110651833,0.8803525675917091,798,-582,100006.20274483098,1285.9352379400514,92.4434342745889,1193.4918036654624
4,RIO/TXN,2024-09-03,2024-09-19,long_spread,end_of_window,13,-2.0683433363067953,-1.4015473025559615,1.051964727078978,891,-256,100079.73752860844,4393.287130205079,102.82099762652038,4290.466132578558
4,CBOE/H,2024-08-06,2024-09-19,short_spread,end_of_window,32,2.0716710406973036,1.630989649671474,0.7201922972311947,-302,310,99919.15587051092,2126.2989374896433,155.51453459497282,1970.7844028946706
4,RSG/UNP,2024-03-25,2024-06-20,short_spread,time,60,2.0012982360160563,2.862379960826883,1.1613456260229325,-250,232,99980.9391458423,-4986.485240925892,118.40753090739234,-5104.892771833284
4,RSG/UNP,2024-06-21,2024-09-17,short_spread,time,60,2.7605684720217165,1.794707307309781,1.1613456260229325,-247,250,100134.42258562599,3666.2165916844583,130.66236536620752,3535.5542263182506
4,PEP/PLD,2024-04-19,2024-07-12,short_spread,target,57,2.2027072023303056,0.4170917935266592,0.6370170095421033,-389,401,99991.67525658845,8983.629866274521,141.1952148756759,8842.434651398846
4,CBOE/MAR,2024-08-05,2024-09-19,short_spread,end_of_window,33,2.4588196085559098,2.127919664107403,0.7345803390383568,-303,207,100041.95666368713,3264.2158296016632,135.31941479661833,3128.896414805045
5,AVGO/DUK,2024-12-16,2025-03-04,short_spread,target,51,2.2228057720324705,0.4493435858030596,3.100619963504499,-107,739,99999.41015253299,12517.902803313164,103.90706989035081,12413.995733422813
5,DUK/WM,2024-10-21,2024-11-08,short_spread,target,14,2.0198717743946566,0.3202531640642438,0.517195741055202,-584,165,99865.23570517908,6541.53161042695,92.10810234643841,6449.423508080511
5,CZR/NSC,2024-11-18,2025-02-18,long_spread,time,60,-2.0137823512333988,-1.5301569437189846,1.0561252277016713,1319,-204,100028.91633839902,4476.1541817453735,187.27738180508544,4288.876799940288
5,CZR/NSC,2025-03-04,2025-03-24,long_spread,end_of_window,15,-2.139811158874903,-2.3719967154896633,0.988619786475543,1629,-211,100093.54617578507,-2964.306220226259,135.43437724283075,-3099.7405974690896
5,ICE/TXN,2024-09-23,2024-12-17,short_spread,time,60,2.0593929076002477,2.272128789869861,0.7663665793696247,-362,225,100066.22016390393,-1007.1756557404696,131.55344225712017,-1138.7290979975896
5,ICE/TXN,2024-12-18,2025-03-19,short_spread,time,60,2.2005046404106743,3.6135972613688456,0.7663665793696247,-377,242,100077.34994145577,-9364.988001742879,142.4056365082268,-9507.393638251106
5,ICE/TXN,2025-03-20,2025-03-24,short_spread,end_of_window,3,3.558506056699369,3.480158686938201,0.7866010275938811,-328,256,99991.92422145259,813.7246774266343,71.52822095624163,742.1964564703927
5,CE/CZR,2024-11-27,2025-02-27,long_spread,time,60,-2.001871011164214,-3.5654642755265824,0.37121598722756555,1002,-698,100033.79657613054,-18001.323926505334,239.1567341831195,-18240.480660688452
5,CE/CZR,2025-02-28,2025-03-04,long_spread,stop,2,-3.7204903551184105,-4.022748694267179,0.3717330383561872,1463,-817,99978.63193622707,-3114.5323048847645,241.19636256504788,-3355.7286674498123
5,CE/CZR,2025-03-05,2025-03-24,long_spread,end_of_window,14,-3.8250628066379613,-2.4097749449541372,0.3717330383561872,1500,-879,99982.67524508448,18311.9494440177,236.37151469955685,18075.577929318144
5,RIO/TXN,2024-11-12,2024-12-11,long_spread,target,20,-2.0771057781633333,-0.39402802374675633,1.0209485718677325,899,-246,99956.91901314951,8204.837963352553,109.88377083899755,8094.954192513555
5,CBOE/MAR,2025-03-14,2025-03-24,short_spread,end_of_window,7,2.190559044468669,1.91072931239121,0.8089202080461858,-263,189,99853.09289031927,413.14997705346013,105.37997753704946,307.7699995164107
6,PHM/TXN,2025-04-07,2025-06-10,short_spread,target,44,2.017103560943815,0.4480305446767062,1.582344057243058,-396,423,100007.39037934702,19170.547948311327,140.81060728941404,19029.73734102191
6,CMI/KBH,2025-05-15,2025-08-12,short_spread,time,60,2.010145908928443,2.661390206964004,0.6709355455040141,-186,756,99930.44682949115,-7335.141340490996,209.3685243238787,-7544.509864814875
6,CMI/KBH,2025-08-13,2025-09-23,short_spread,end_of_window,29,2.658482788100051,3.064860702818667,0.665143274208914,-153,655,99854.42360620333,-3801.107545297345,145.59949766832216,-3946.7070429656674
6,DUK/WM,2025-08-07,2025-09-23,short_spread,end_of_window,33,2.0545083467340737,2.3947008876962674,0.5172382046866296,-552,150,99988.59691097433,-1556.7273965751451,109.81239761138292,-1666.539794186528
6,CZR/NSC,2025-03-26,2025-06-23,long_spread,time,60,-2.2029832914140517,-2.394310553697436,1.0023120912423658,1817,-220,99943.8570170232,-3127.795727247792,186.1911185845541,-3313.9868458323463
6,CZR/NSC,2025-06-24,2025-09-18,long_spread,time,60,-2.397381304691437,-2.6600575855280346,1.0023120912423658,1725,-198,99885.54665937531,-9513.495018679063,176.78974130139895,-9690.284759980463
6,CZR/NSC,2025-09-19,2025-09-23,long_spread,end_of_window,3,-2.600944391389085,-2.6909507697018658,0.9805070976506781,1905,-178,100123.9281031423,-1638.8044961161227,117.06411015144192,-1755.8686062675647
6,ELV/UNP,2025-07-03,2025-09-23,long_spread,end_of_window,57,-2.1687521116695194,-2.401824719293768,1.206501510437528,131,-236,99948.11148672091,-1867.0140692297246,128.83279939600644,-1995.846868625731
6,DUK/KO,2025-08-01,2025-09-23,short_spread,end_of_window,37,2.044275759747468,2.5869536221861016,0.8861701192104129,-453,708,99989.72374229087,-1778.276796419459,105.56479385635961,-1883.8415902758186
6,HLT/WM,2025-09-08,2025-09-23,short_spread,end_of_window,12,2.0522939397075,1.7606434281137968,1.1959430607168504,-167,253,99953.4966054457,1220.2892034359295,79.43326882396889,1140.8559346119605
6,AVGO/PCAR,2025-04-09,2025-06-03,short_spread,stop,37,2.0797415089012743,4.15140070939972,1.7791607524997772,-226,770,99902.19398873889,-15306.52298787076,138.0254845039942,-15444.548472374754
6,AVGO/PCAR,2025-06-09,2025-06-12,short_spread,stop,3,3.9141420570956384,4.012266372556824,1.7791607524997772,-148,701,99941.82255068384,-1298.9250176305763,87.44719560573793,-1386.3722132363143
6,AVGO/PCAR,2025-06-26,2025-07-22,short_spread,stop,17,3.471683227094076,4.03111168221306,1.828682891706209,-134,704,99901.52221596667,-1577.984099828001,93.98258372709489,-1671.9666835550959
6,AVGO/PCAR,2025-07-23,2025-09-08,short_spread,stop,32,3.3031223894475916,4.169695231972014,1.828682891706209,-129,669,100117.78797651388,-8326.908075823661,113.82239388690624,-8440.730469710568
6,RIO/TXN,2025-06-25,2025-07-24,long_spread,target,20,-2.0516430074002807,0.2055324672396275,0.9878111198966393,956,-249,99952.69277686559,11353.455155811447,111.4724870926768,11241.98266871877
7,PHM/TXN,2025-11-12,2026-01-29,short_spread,target,52,2.0136827234165615,0.16738893620108988,1.7011856713802487,-308,398,99939.48809427813,20703.0212149535,135.91916288545048,20567.10205206805
7,H/MAR,2025-11-06,2025-11-25,long_spread,target,13,-2.0425775731436575,-0.4315363389540739,0.934903832417896,365,-172,99972.28813282512,4898.595480959224,124.74019050192432,4773.8552904573
7,H/MAR,2026-02-11,2026-03-25,long_spread,end_of_window,30,-2.257770960411254,-2.939770059382818,0.9313572629541141,305,-135,99841.8715266106,-2590.4855146895284,134.7460144433207,-2725.231529132849
7,ED/RTX,2025-10-27,2026-01-23,long_spread,time,60,-2.0539550206981354,-1.5974813203552505,0.5608077515034042,667,-203,100004.86488479393,-443.7501560206547,126.87472500145569,-570.6248810221103
7,CAT/KBH,2025-09-25,2025-12-19,short_spread,time,60,2.0748129433586797,3.0197608392389426,0.9815419064194417,-110,803,100169.76673072585,-16732.264928387,180.15757922274634,-16912.422507609746
7,CAT/KBH,2025-12-22,2026-03-11,short_spread,stop,53,3.578280439658753,4.101479845078709,0.9815419064194417,-87,878,100052.31705713391,-12271.482911399857,197.88335119909965,-12469.366262598956
7,ELV/NSC,2025-09-25,2025-12-19,long_spread,time,60,-2.1206742685682407,-1.8254488608728021,0.9679117703459325,159,-170,99922.65039013658,2331.523149045353,129.96245861757282,2201.56069042778
7,ELV/NSC,2026-02-11,2026-03-25,long_spread,end_of_window,30,-2.043855834395035,-2.0334245984382817,0.8297503030630119,171,-145,100135.9598465378,158.00402430135728,112.81658070425479,45.18744359710249
7,CZR/TXN,2025-10-13,2026-01-08,long_spread,time,60,-2.0193604670763077,-1.7219140466614233,0.23110244744288966,3659,-111,99929.65946254577,3205.4275581241673,187.92806678773132,3017.4994913364358
7,CZR/TXN,2026-02-02,2026-03-25,long_spread,end_of_window,37,-2.0251820374361005,-1.3959091464343516,0.17446770823876193,4164,-70,100081.93155053133,27818.346070794993,306.61187193209366,27511.734198862898
7,HLT/WM,2025-10-23,2026-01-21,short_spread,time,60,2.035426269165152,1.906267167257754,1.2346827780340808,-164,258,100157.39967943906,-1830.8642843444381,128.7523402291652,-1959.6166245736033
7,HLT/WM,2026-01-30,2026-03-25,short_spread,end_of_window,38,2.1154391330962854,2.100717303241242,1.2738144963057714,-147,255,100007.6089463399,178.7965765087609,108.3019936011907,70.49458290757019
7,MDLZ/SO,2025-10-07,2026-01-02,long_spread,time,60,-2.0244608673846796,-2.414887205091477,0.5666817092760531,1062,-391,99988.7452448621,-4647.412268897677,109.45721065916516,-4756.869479556842
7,MDLZ/SO,2026-01-05,2026-03-25,long_spread,end_of_window,56,-2.450483158427068,-2.1715150059619663,0.4764070832296781,1291,-381,99983.50731202352,1963.1216774331042,119.33441983033012,1843.7872576027742
7,RIO/TXN,2025-10-23,2026-01-21,short_spread,time,60,2.0210288598847113,2.6727169491873903,0.9263971831974214,-773,290,99945.11374045865,-7551.68485680427,164.3974473435514,-7716.082304147821
7,RIO/TXN,2026-01-22,2026-03-25,short_spread,end_of_window,44,2.785059966643489,2.7393126331811457,0.9580511258486262,-609,252,99986.36895792081,-890.1367571344986,134.65877256371633,-1024.795529698215
8,PHM/TXN,2026-05-12,2026-08-07,long_spread,time,60,-2.175323186699768,-0.950853934594304,1.897902247376278,300,-222,99982.12629973955,6740.0164896784845,166.6471956496813,6573.369294028803
8,PCAR/TMUS,2026-04-13,2026-07-09,short_spread,time,60,2.011634112791291,2.047125922391737,0.9927455273927323,-397,257,99997.47599214873,-2703.079422847701,135.70119236404747,-2838.7806152117487
8,PCAR/TMUS,2026-07-10,2026-09-15,short_spread,end_of_window,47,2.040199898011098,2.0173487158197263,1.0285472397241227,-402,280,99956.48070700567,-87.11753239816062,129.52683651633117,-216.6443689144918
8,ICE/TXN,2026-04-24,2026-06-22,long_spread,stop,39,-2.106742065049455,-4.297800259425156,0.9437336135940482,330,-170,99856.7581752748,-14680.144184728957,117.9776556913804,-14798.121840420337
8,ICE/TXN,2026-06-24,2026-06-25,long_spread,stop,1,-3.9273456440127554,-4.0690371915567285,0.9437336135940482,387,-161,100026.32443218926,-3151.2440776955264,78.66301086460962,-3229.907088560136
8,ICE/TXN,2026-06-29,2026-09-04,long_spread,target,48,-3.0835961661208993,-0.4839278530470111,0.8243545863749194,435,-162,99992.12350680417,19340.30363680906,122.87012269887879,19217.433514110184
8,BHP/UNP,2026-04-15,2026-07-09,short_spread,target,58,2.001740904647759,0.482992025998495,1.244786892026629,-570,222,99877.15540356035,6857.391201584498,146.45151060854388,6710.939690975954
8,CE/CZR,2026-07-28,2026-09-15,long_spread,end_of_window,35,-2.010670129176824,-1.739330169721372,0.667150954639782,1344,-1334,100002.72143554688,3947.8607139587357,190.6335354555443,3757.227178503191
8,DUK/KO,2026-07-31,2026-09-15,long_spread,end_of_window,32,-2.0676979191095404,-3.25734479709305,0.9499931740364654,412,-559,100027.88999279542,-3672.9910931406957,101.41041800479249,-3774.4015111454883
8,AVGO/PCAR,2026-05-06,2026-07-07,short_spread,target,41,2.0255006517043626,0.46746753130527574,2.113632298369203,-74,591,100044.04732251282,11195.624552650816,120.30319131103654,11075.321361339778
8,CBOE/H,2026-03-27,2026-06-17,short_spread,target,56,2.308609182162625,0.01922063546442792,0.9468239235026759,-183,330,100119.64531058216,19274.492990763025,196.4869741922006,19078.006016570824
8,LYB/MGM,2026-06-23,2026-09-15,long_spread,end_of_window,59,-2.1216035867251746,-0.4087745099298571,0.6477121442335402,1062,-850,100014.3326052168,14777.32382788867,163.77465022245994,14613.54917766621
