Date,daily_return,equity,base_weight,active_weight,active_pairs
2020-11-04,0.0,1.0,1.0,1.0,5.0
2020-11-05,0.0,1.0,1.0,1.0,5.0
2020-11-06,0.0,1.0,1.0,1.0,5.0
2020-11-09,0.0,1.0,1.0,1.0,5.0
2020-11-10,0.0,1.0,1.0,1.0,5.0
2020-11-11,0.0,1.0,1.0,1.0,5.0
2020-11-12,0.0,1.0,1.0,1.0,5.0
2020-11-13,0.0,1.0,1.0,1.0,5.0
2020-11-16,0.0,1.0,1.0,1.0,5.0
2020-11-17,0.0,1.0,1.0,1.0,5.0
2020-11-18,0.0,1.0,1.0,1.0,5.0
2020-11-19,0.0,1.0,1.0,1.0,5.0
2020-11-20,0.0,1.0,1.0,1.0,5.0
2020-11-23,0.0,1.0,1.0,1.0,5.0
2020-11-24,0.0,1.0,1.0,1.0,5.0
2020-11-25,0.0,1.0,1.0,1.0,5.0
2020-11-27,0.0,1.0,1.0,1.0,5.0
2020-11-30,0.0,1.0,1.0,1.0,5.0
2020-12-01,0.0,1.0,1.0,1.0,5.0
2020-12-02,0.0,1.0,1.0,1.0,5.0
2020-12-03,0.0,1.0,1.0,1.0,5.0
2020-12-04,0.0,1.0,1.0,1.0,5.0
2020-12-07,0.0,1.0,1.0,1.0,5.0
2020-12-08,0.0,1.0,1.0,1.0,5.0
2020-12-09,0.0,1.0,1.0,1.0,5.0
2020-12-10,0.0,1.0,1.0,1.0,5.0
2020-12-11,0.0,1.0,1.0,1.0,5.0
2020-12-14,0.0,1.0,1.0,1.0,5.0
2020-12-15,0.0,1.0,1.0,1.0,5.0
2020-12-16,0.0,1.0,1.0,1.0,5.0
2020-12-17,0.0,1.0,1.0,1.0,5.0
2020-12-18,0.0,1.0,1.0,1.0,5.0
2020-12-21,0.0,1.0,1.0,1.0,5.0
2020-12-22,0.0,1.0,1.0,1.0,5.0
2020-12-23,0.0,1.0,1.0,1.0,5.0
2020-12-24,0.0,1.0,1.0,1.0,5.0
2020-12-28,0.0,1.0,1.0,1.0,5.0
2020-12-29,0.0,1.0,1.0,1.0,5.0
2020-12-30,0.0,1.0,1.0,1.0,5.0
2020-12-31,0.0,1.0,1.0,1.0,5.0
2021-01-04,0.0,1.0,1.0,1.0,5.0
2021-01-05,0.0,1.0,1.0,1.0,5.0
2021-01-06,0.0,1.0,1.0,1.0,5.0
2021-01-07,0.0,1.0,1.0,1.0,5.0
2021-01-08,0.0,1.0,1.0,1.0,5.0
2021-01-11,0.0,1.0,1.0,1.0,5.0
2021-01-12,0.0,1.0,1.0,1.0,5.0
2021-01-13,0.0,1.0,1.0,1.0,5.0
2021-01-14,0.0,1.0,1.0,1.0,5.0
2021-01-15,0.0,1.0,1.0,1.0,5.0
2021-01-19,0.0,1.0,1.0,1.0,5.0
2021-01-20,0.0,1.0,1.0,1.0,5.0
2021-01-21,0.0,1.0,1.0,1.0,5.0
2021-01-22,0.0,1.0,1.0,1.0,5.0
2021-01-25,0.0,1.0,1.0,1.0,5.0
2021-01-26,0.0,1.0,1.0,1.0,5.0
2021-01-27,0.0,1.0,1.0,1.0,5.0
2021-01-28,0.0,1.0,1.0,1.0,5.0
2021-01-29,0.0,1.0,1.0,1.0,5.0
2021-02-01,0.0,1.0,1.0,1.0,5.0
2021-02-02,0.0,1.0,1.0,1.0,5.0
2021-02-03,-0.001345004242253979,0.998654995757746,1.0,1.0,5.0
2021-02-04,-0.001160449280220487,0.9974961072867302,1.0,1.0,5.0
2021-02-05,0.004691126697756476,1.0021754879065312,1.0,1.0,5.0
2021-02-08,-0.0034573167761319475,0.9987106497795638,1.0,1.0,5.0
2021-02-09,-0.002858323602421068,0.9958560115573095,1.0,1.0,5.0
2021-02-10,0.0042289268638443615,1.0000674137971053,1.0,1.0,5.0
2021-02-11,0.0059943013774913095,1.0060621192732133,1.0,1.0,2.0
2021-02-12,0.00723805750970349,1.013344054750847,1.0,1.0,2.0
2021-02-16,-0.0008831487630733307,1.012449121202326,1.0,1.0,2.0
2021-02-17,-0.0061496515162161244,1.0062229119290325,1.0,1.0,4.0
2021-02-18,-0.008969891799824069,0.9971972012825251,1.0,1.0,4.0
2021-02-19,-0.0028424507220291073,0.9943627173777341,1.0,1.0,4.0
2021-02-22,0.008800732959118304,1.0031138381178786,1.0,1.0,5.0
2021-02-23,0.00991439887886992,1.0130591088298935,1.0,1.0,5.0
2021-02-24,0.005196733250259371,1.018323706785228,1.0,0.9999999999999999,4.0
2021-02-25,-0.001145632369951528,1.0171570821836458,1.0,0.9999999999999999,4.0
2021-02-26,0.005034644012162009,1.02227810599689,1.0,0.9999999999999999,4.0
2021-03-01,0.0069482072451062925,1.029381106139491,1.0,0.9999999999999999,4.0
2021-03-02,-0.009384232131279938,1.0197211548879244,1.0,1.0,3.0
2021-03-03,0.003802653050717377,1.02359880064844,1.0,1.0,3.0
2021-03-04,0.010921731879270202,1.0347782723010648,1.0,1.0,3.0
2021-03-05,-0.01720731049958061,1.0169725212713607,1.0,1.0,3.0
2021-03-08,0.003380144933281914,1.0204100357864232,1.0,1.0,3.0
2021-03-09,0.008828304023771081,1.029418525811253,1.0,1.0,3.0
2021-03-10,0.0037834458489927956,1.0333132750596097,1.0,0.9999999999999999,4.0
2021-03-11,-0.009875309878994274,1.0231089862663176,1.0,1.0,3.0
2021-03-12,-0.011155410983966257,1.0116957850431278,1.0,1.0,3.0
2021-03-15,0.001393703349133913,1.0131057888470472,1.0,1.0,3.0
2021-03-16,0.009671212565822004,1.0229037502826517,1.0,1.0,3.0
2021-03-17,-0.0010124218728220107,1.021868140152074,1.0,1.0,3.0
2021-03-18,0.006447636689690867,1.0284567746645445,1.0,1.0,3.0
2021-03-19,0.021372699792259246,1.050437672558765,1.0,1.0,3.0
2021-03-22,-0.008536155000166658,1.041470973767789,1.0,1.0,3.0
2021-03-23,0.004262097648998811,1.0459098247565852,1.0,1.0,3.0
2021-03-24,0.00426303381756253,1.0503685737096433,1.0,1.0,3.0
2021-03-25,0.01595649675693378,1.0671287764496264,1.0,1.0,3.0
2021-03-26,0.006594465618761383,1.0741659204767144,1.0,1.0,3.0
2021-03-29,0.005897565332884282,1.0805008841710837,1.0,1.0,5.0
2021-03-30,-0.0014369307742548429,1.0789482791990086,1.0,1.0,5.0
2021-03-31,0.0014293275974688257,1.0804904497507093,1.0,1.0,5.0
2021-04-01,0.004919971991391014,1.0858064325004484,1.0,1.0,5.0
2021-04-05,-0.001968062311750159,1.0836694977827883,1.0,1.0,5.0
2021-04-06,0.006315818586069774,1.0905137577380417,1.0,1.0,5.0
2021-04-07,0.0041972319526283955,1.0950908969268007,1.0,1.0,5.0
2021-04-08,0.004942466233281493,1.1005033467072354,1.0,1.0,5.0
2021-04-09,-0.00022922172501594866,1.1002510874317173,1.0,1.0,5.0
2021-04-12,0.0,1.1002510874317173,1.0,1.0,5.0
2021-04-13,0.0,1.1002510874317173,1.0,1.0,5.0
2021-04-14,0.0,1.1002510874317173,1.0,1.0,5.0
2021-04-15,0.0,1.1002510874317173,1.0,1.0,5.0
2021-04-16,0.0,1.1002510874317173,1.0,1.0,5.0
2021-04-19,0.0,1.1002510874317173,1.0,1.0,5.0
2021-04-20,0.0,1.1002510874317173,1.0,1.0,5.0
2021-04-21,-0.0073222572347227365,1.0921947659467588,1.0,1.0,2.0
2021-04-22,0.000556656637547922,1.092802743412718,1.0,1.0,2.0
2021-04-23,0.0024777657389205257,1.0955104526097446,1.0,1.0,3.0
2021-04-26,0.005450511367948305,1.1014815447854003,1.0,1.0,3.0
2021-04-27,0.0031816808897210296,1.1049861075668244,1.0,1.0,2.0
2021-04-28,0.004006901263131167,1.1094136777969763,1.0,1.0,2.0
2021-04-29,-0.0012231374645182023,1.108056712364014,1.0,1.0,3.0
2021-04-30,0.0010812439191458236,1.1092547919463263,1.0,1.0,3.0
2021-05-03,0.0012997145668788542,1.1106965065577992,1.0,1.0,3.0
2021-05-04,0.01609491216105226,1.1285730692684346,1.0,1.0,3.0
2021-05-05,-0.018053006277562993,1.108198932564243,1.0,1.0,3.0
2021-05-06,0.0044557089364844465,1.1131367444514721,1.0,1.0,2.0
2021-05-07,-0.013685829795158245,1.0979025444281727,1.0,1.0,2.0
2021-05-10,-0.0017118488539771466,1.0960231012157147,1.0,1.0,2.0
2021-05-11,0.005036759759364231,1.1015435062672514,1.0,1.0,3.0
2021-05-12,-0.010244308764698264,1.0902589544713013,1.0,1.0,3.0
2021-05-13,-0.0015465054845992612,1.088572863018578,1.0,1.0,3.0
2021-05-14,0.005785294745384173,1.0948705778829673,1.0,1.0,3.0
2021-05-17,-0.00047974575421267794,1.0943453183718155,1.0,1.0,3.0
2021-05-18,0.003977113962280633,1.0986976544170683,1.0,1.0,3.0
2021-05-19,-0.0015183212021071017,1.0970294784736616,1.0,1.0,3.0
2021-05-20,-0.006719073376439548,1.0896584569116798,1.0,1.0,3.0
2021-05-21,0.009547515235570146,1.100061987630612,1.0,1.0,3.0
2021-05-24,0.00864716167183293,1.1095744014866917,1.0,1.0,3.0
2021-05-25,-0.0034639880713021026,1.1057308489957196,1.0,1.0,3.0
2021-05-26,0.014482895990311752,1.121745033875004,1.0,1.0,2.0
2021-05-27,-0.007140934727249236,1.1137347258074866,1.0,1.0,2.0
2021-05-28,0.0030557664073168705,1.1171380389692716,1.0,1.0,2.0
2021-06-01,-0.0016687572186206458,1.1152738068025458,1.0,1.0,2.0
2021-06-02,0.002875443825692674,1.118480713984273,1.0,1.0,2.0
2021-06-03,0.010571200689101706,1.1303043980786904,1.0,1.0,2.0
2021-06-04,0.0019434080500223324,1.132501040744892,1.0,1.0,2.0
2021-06-07,0.0030963389286553077,1.1360076478040932,1.0,1.0,2.0
2021-06-08,-0.002820365193099619,1.1328036913751316,1.0,1.0,5.0
2021-06-09,-0.0011242273095989185,1.1315301625288732,1.0,1.0,5.0
2021-06-10,0.0008825872226839921,1.1325288365924029,1.0,1.0,5.0
2021-06-11,-0.005756875504595461,1.126009009074776,1.0,1.0,5.0
2021-06-14,0.0022873523217816637,1.1285845883960304,1.0,1.0,5.0
2021-06-15,0.007723114087109105,1.1373007759291658,1.0,1.0,5.0
2021-06-16,-0.003271193238288868,1.1335804453210456,1.0,1.0,5.0
2021-06-17,0.010496340350733158,1.145478891490071,1.0,1.0,5.0
2021-06-18,0.00033857478805590906,1.1458667217629799,1.0,1.0,5.0
2021-06-21,-0.0001905361357201589,1.1456483927457648,1.0,1.0,5.0
2021-06-22,0.0,1.1456483927457648,1.0,1.0,5.0
2021-06-23,-0.0031773940080552293,1.1420082164073162,1.0,1.0,3.0
2021-06-24,-0.0048255751025836615,1.136497369991275,1.0,1.0,3.0
2021-06-25,-0.001881062730450379,1.1343595471453296,1.0,1.0,3.0
2021-06-28,-0.010914863346375446,1.121978167702582,1.0,1.0,3.0
2021-06-29,-0.0036493888530601455,1.1178836330839914,1.0,1.0,3.0
2021-06-30,0.005911222891822169,1.1244916924062707,1.0,1.0,3.0
2021-07-01,-0.004948992745203163,1.1189265911785107,1.0,1.0,3.0
2021-07-02,1.6831096667950637e-05,1.118945423940131,1.0,1.0,3.0
2021-07-06,-0.006253935487586973,1.111947611444679,1.0,1.0,3.0
2021-07-07,-0.00947196982123253,1.1014152772262833,1.0,1.0,3.0
2021-07-08,0.011040228711609337,1.113575153793322,1.0,1.0,3.0
2021-07-09,0.00012919783600857677,1.113719025293425,1.0,1.0,3.0
2021-07-12,-0.018225795722424765,1.0934206098462491,1.0,1.0,3.0
2021-07-13,-0.005405038927328113,1.0875106288860872,1.0,1.0,3.0
2021-07-14,0.005867534263370485,1.093891634762856,1.0,1.0,3.0
2021-07-15,-0.0003134950877381945,1.09354870510884,1.0,1.0,3.0
2021-07-16,-0.006686152908706338,1.0862370712533644,1.0,1.0,3.0
2021-07-19,0.0026626930426300413,1.0891293871456378,1.0,1.0,3.0
2021-07-20,0.0001101814291882843,1.0892493889780845,1.0,1.0,3.0
2021-07-21,0.0016472499981880439,1.091043655032105,1.0,1.0,3.0
2021-07-22,-0.0007975855915097836,1.0901734543331432,1.0,1.0,3.0
2021-07-23,-9.94891330018898e-05,1.09006499392135,1.0,1.0,3.0
2021-07-26,0.006224769111479806,1.0968503968250172,1.0,1.0,3.0
2021-07-27,-0.005466300546462959,1.0908546829014645,1.0,1.0,3.0
2021-07-28,0.00011388830487198901,1.0909789184921617,1.0,0.9999999999999999,4.0
2021-07-29,-0.003810701872568847,1.0868215230845304,1.0,0.9999999999999999,4.0
2021-07-30,0.0020621737195486885,1.0890627378672753,1.0,0.9999999999999999,4.0
2021-08-02,-0.0024590759827929267,1.086384649844831,1.0,0.9999999999999999,4.0
2021-08-03,0.006916374933715436,1.093898493405391,1.0,0.9999999999999999,4.0
2021-08-04,0.0006927122052543581,1.0946562502430823,1.0,0.9999999999999999,4.0
2021-08-05,0.0003741193082430253,1.095065782282187,1.0,0.9999999999999999,4.0
2021-08-06,-0.0008181317789681935,1.0941698741656414,1.0,0.9999999999999999,4.0
2021-08-09,0.000589343782543226,1.094814716378027,1.0,0.9999999999999999,4.0
2021-08-10,-0.00022584725384499493,1.094567455480864,1.0,0.9999999999999999,4.0
2021-08-11,0.00024924545979283265,1.0948402714495797,1.0,0.9999999999999999,4.0
2021-08-12,-0.005201443173186435,1.0891455219939188,1.0,0.9999999999999999,4.0
2021-08-13,0.0011760560925882855,1.0904264182207748,1.0,1.0,3.0
2021-08-16,0.0010042148260790533,1.0915214405967004,1.0,1.0,3.0
2021-08-17,0.002523750963427385,1.0942761688840081,1.0,1.0,3.0
2021-08-18,-0.008350631363841482,1.085138271987421,1.0,1.0,3.0
2021-08-19,0.003928942162410319,1.0894017174962773,1.0,1.0,3.0
2021-08-20,0.0009279390793268793,1.0904126159230279,1.0,1.0,3.0
2021-08-23,0.004491882802992703,1.0953106216006587,1.0,1.0,3.0
2021-08-24,0.004076503435951466,1.099775659113048,1.0,1.0,3.0
2021-08-25,0.0010619488121344756,1.1009435645678576,1.0,1.0,3.0
2021-08-26,0.0001145663790517239,1.1010696956855905,1.0,1.0,3.0
2021-08-27,-0.0026257764017877995,1.0981785328619356,1.0,1.0,3.0
2021-08-30,-0.0040799510554562785,1.093698018197706,1.0,1.0,3.0
2021-08-31,-0.007986793414352022,1.0849628780686746,1.0,1.0,3.0
2021-09-01,0.000776791052004053,1.085805667524115,1.0,1.0,3.0
2021-09-02,0.0015937453113132292,1.087536165215729,1.0,1.0,3.0
2021-09-03,0.006547062937022991,1.0946563329356849,1.0,1.0,3.0
2021-09-07,-0.014052664080328143,1.0792734952055358,1.0,1.0,3.0
2021-09-08,0.0156367186338466,1.096149791179033,1.0,1.0,3.0
2021-09-09,0.009816627513602884,1.1069102853781512,1.0,1.0,3.0
2021-09-10,-0.0016279016902226908,1.1051083442536593,1.0,1.0,2.0
2021-09-13,0.0027052661575554283,1.108097956457801,1.0,1.0,2.0
2021-09-14,-0.0026193101058846198,1.105195504282141,1.0,1.0,2.0
2021-09-15,-0.0005354813704757139,1.1046036926788645,1.0,1.0,3.0
2021-09-16,0.004292890206305125,1.109345635053014,1.0,1.0,3.0
2021-09-17,-0.005697138631260846,1.103025539180133,1.0,1.0,5.0
2021-09-20,0.0003640539206685841,1.103427099952269,1.0,1.0,5.0
2021-09-21,0.005704418734129467,1.109721510172983,1.0,1.0,5.0
2021-09-22,0.00843353878566879,1.1190803895703179,1.0,1.0,5.0
2021-09-23,0.0008704609092120029,1.1200545053037045,1.0,1.0,5.0
2021-09-24,-0.019685049527343075,1.0980061768934775,1.0,1.0,5.0
2021-09-27,-0.010058028482060192,1.0869623994928048,1.0,1.0,5.0
2021-09-28,0.018464450917309333,1.1070325633672005,1.0,1.0,2.0
2021-09-29,-0.012329693422391184,1.0933831912522791,1.0,1.0,2.0
2021-09-30,-0.007961320335769295,1.084678417416974,1.0,1.0,2.0
2021-10-01,-0.0039043565641720744,1.0804434461179162,1.0,1.0,2.0
2021-10-04,0.0016606887120183798,1.0822377263528584,1.0,1.0,2.0
2021-10-05,0.016724203396936727,1.1003372902122222,1.0,1.0,2.0
2021-10-06,0.001502896729026812,1.1019909835265083,1.0,1.0,2.0
2021-10-07,-0.003159340118812161,1.0985094192016838,1.0,1.0,5.0
2021-10-08,0.01405111409508843,1.1139447003854162,1.0,1.0,5.0
2021-10-11,-0.004286711753660909,1.1091695405453457,1.0,1.0,5.0
2021-10-12,0.0010006686681402672,1.110279451752225,1.0,1.0,5.0
2021-10-13,0.002677272872393853,1.1132519728091774,1.0,1.0,5.0
2021-10-14,-0.004694794302441854,1.1080254837900507,1.0,1.0,5.0
2021-10-15,-0.004057446374599913,1.1035297298078826,1.0,1.0,5.0
2021-10-18,0.000372810038583399,1.1039411367690302,1.0,1.0,5.0
2021-10-19,0.008548234531554533,1.113377884515163,1.0,1.0,5.0
2021-10-20,-0.008065589544925743,1.104397835490266,1.0,1.0,5.0
2021-10-21,0.005633465551121251,1.1106194226512331,1.0,1.0,5.0
2021-10-22,0.006223939411556901,1.1175318506471126,1.0,1.0,5.0
2021-10-25,-0.004143307208273965,1.1129015728748506,1.0,1.0,5.0
2021-10-26,-0.01866403961862528,1.092130333827084,1.0,1.0,5.0
2021-10-27,0.00697091760966974,1.0997434844032137,1.0,1.0,5.0
2021-10-28,-0.014717111002615963,1.0835584374688478,1.0,1.0,5.0
2021-10-29,-0.006428336056660447,1.0765929596957682,1.0,1.0,2.0
2021-11-01,0.0071734360862126334,1.0843158304830123,1.0,1.0,2.0
2021-11-02,0.0020508827622424163,1.0865396351285765,1.0,1.0,2.0
2021-11-03,-0.0476519604264449,1.0347638914336657,1.0,1.0,2.0
2021-11-04,-0.010471347049740625,1.0239285196119237,1.0,1.0,3.0
2021-11-05,0.012761136968776178,1.0369950116969275,1.0,1.0,3.0
2021-11-08,-0.011781587050315647,1.0247775646958772,1.0,1.0,3.0
2021-11-09,-0.005055213905876259,1.0195970949003965,1.0,1.0,3.0
2021-11-10,0.004841954182637456,1.0245339373186544,1.0,1.0,3.0
2021-11-11,0.0002534065184430984,1.0247935608967371,1.0,1.0,3.0
2021-11-12,-0.009094559371114697,1.0154735150140257,1.0,1.0,3.0
2021-11-15,0.003514398431265767,1.019042293542183,1.0,1.0,3.0
2021-11-16,-0.008648617782534826,1.0102289862410991,1.0,1.0,3.0
2021-11-17,-0.00445654852908626,1.0057268517384261,1.0,1.0,3.0
2021-11-18,-0.0063377835616792305,0.9993527726299389,1.0,1.0,3.0
2021-11-19,0.008208648554758708,1.0075561083226818,1.0,1.0,3.0
2021-11-22,0.0038714223944477,1.0114567836041046,1.0,1.0,3.0
2021-11-23,0.001454377322537104,1.0129278234129047,1.0,1.0,3.0
2021-11-24,0.001399644939164309,1.0143455627146831,1.0,1.0,3.0
2021-11-26,-0.018653135115447757,0.9954248378796112,1.0,1.0,3.0
2021-11-29,-0.012891428926969359,0.9825923893299462,1.0,1.0,2.0
2021-11-30,-0.013301813576155317,0.9695221285457302,1.0,1.0,2.0
2021-12-01,0.016795268320079947,0.9858055128369109,1.0,1.0,2.0
2021-12-02,-0.0266441359481963,0.9595395767344029,1.0,1.0,2.0
2021-12-03,0.00659192087992942,0.9658647857053971,1.0,1.0,2.0
2021-12-06,0.006434355033060566,0.9720795026505566,1.0,1.0,2.0
2021-12-07,-0.010606216159663291,0.9617694173210669,1.0,1.0,3.0
2021-12-08,-0.005314744265132256,0.9566578588259802,1.0,1.0,3.0
2021-12-09,-0.011699380673580166,0.9454655543612029,1.0,1.0,3.0
2021-12-10,-0.010627163113528234,0.935417937696784,1.0,1.0,3.0
2021-12-13,0.014517272734120916,0.9489976550187172,1.0,1.0,3.0
2021-12-14,-0.005876552259595486,0.9434208207047662,1.0,1.0,3.0
2021-12-15,0.011264004270902815,0.9540475168584434,1.0,1.0,3.0
2021-12-16,0.004390237481435608,0.9582360120260258,1.0,1.0,3.0
2021-12-17,-0.016904178194229826,0.9420378197266097,1.0,1.0,3.0
2021-12-20,0.01303774734310456,0.9543198708078543,1.0,1.0,3.0
2021-12-21,-0.004239728955967149,0.9502738132183354,1.0,1.0,3.0
2021-12-22,0.004775181577319622,0.9548115432246248,1.0,1.0,3.0
2021-12-23,0.00416054747887303,0.9587840819835869,1.0,1.0,3.0
2021-12-27,-0.001366273651114225,0.957474120555265,1.0,1.0,3.0
2021-12-28,-0.0019766442308599146,0.9555815348586717,1.0,1.0,3.0
2021-12-29,0.000590150756787649,0.9561454720246408,1.0,1.0,2.0
2021-12-30,-0.004735707852300845,0.9516174464048319,1.0,1.0,2.0
2021-12-31,0.004002737109817294,0.955426520871906,1.0,1.0,2.0
2022-01-03,0.006413403486495568,0.9615540566519563,1.0,1.0,2.0
2022-01-04,-2.2035155183592683e-05,0.9615328686591005,1.0,1.0,2.0
2022-01-05,0.0,0.9615328686591005,1.0,1.0,5.0
2022-01-06,0.0,0.9615328686591005,1.0,1.0,5.0
2022-01-07,0.0,0.9615328686591005,1.0,1.0,5.0
2022-01-10,0.0,0.9615328686591005,1.0,1.0,5.0
2022-01-11,0.0,0.9615328686591005,1.0,1.0,5.0
2022-01-12,0.0,0.9615328686591005,1.0,1.0,5.0
2022-01-13,0.0,0.9615328686591005,1.0,1.0,5.0
2022-01-14,0.0,0.9615328686591005,1.0,1.0,5.0
2022-01-18,0.0,0.9615328686591005,1.0,1.0,5.0
2022-01-19,0.0,0.9615328686591005,1.0,1.0,5.0
2022-01-20,0.0,0.9615328686591005,1.0,1.0,5.0
2022-01-21,0.0,0.9615328686591005,1.0,1.0,5.0
2022-01-24,0.0,0.9615328686591005,1.0,1.0,5.0
2022-01-25,0.0,0.9615328686591005,1.0,1.0,5.0
2022-01-26,0.0,0.9615328686591005,1.0,1.0,5.0
2022-01-27,0.0,0.9615328686591005,1.0,1.0,5.0
2022-01-28,0.0,0.9615328686591005,1.0,1.0,5.0
2022-01-31,0.0,0.9615328686591005,1.0,1.0,5.0
2022-02-01,0.0,0.9615328686591005,1.0,1.0,5.0
2022-02-02,0.0,0.9615328686591005,1.0,1.0,5.0
2022-02-03,0.0,0.9615328686591005,1.0,1.0,5.0
2022-02-04,0.0,0.9615328686591005,1.0,1.0,5.0
2022-02-07,0.0,0.9615328686591005,1.0,1.0,5.0
2022-02-08,0.0,0.9615328686591005,1.0,1.0,5.0
2022-02-09,0.0,0.9615328686591005,1.0,1.0,5.0
2022-02-10,0.0,0.9615328686591005,1.0,1.0,5.0
2022-02-11,0.0,0.9615328686591005,1.0,1.0,5.0
2022-02-14,0.0,0.9615328686591005,1.0,1.0,5.0
2022-02-15,0.0,0.9615328686591005,1.0,1.0,5.0
2022-02-16,0.0,0.9615328686591005,1.0,1.0,5.0
2022-02-17,0.0,0.9615328686591005,1.0,1.0,5.0
2022-02-18,0.0,0.9615328686591005,1.0,1.0,5.0
2022-02-22,0.0,0.9615328686591005,1.0,1.0,5.0
2022-02-23,0.0,0.9615328686591005,1.0,1.0,5.0
2022-02-24,0.0,0.9615328686591005,1.0,1.0,5.0
2022-02-25,0.0,0.9615328686591005,1.0,1.0,5.0
2022-02-28,0.0,0.9615328686591005,1.0,1.0,5.0
2022-03-01,0.0,0.9615328686591005,1.0,1.0,5.0
2022-03-02,0.0,0.9615328686591005,1.0,1.0,5.0
2022-03-03,0.0,0.9615328686591005,1.0,1.0,5.0
2022-03-04,0.0,0.9615328686591005,1.0,1.0,5.0
2022-03-07,0.0,0.9615328686591005,1.0,1.0,5.0
2022-03-08,0.0,0.9615328686591005,1.0,1.0,5.0
2022-03-09,0.0,0.9615328686591005,1.0,1.0,5.0
2022-03-10,0.0,0.9615328686591005,1.0,1.0,5.0
2022-03-11,0.0,0.9615328686591005,1.0,1.0,5.0
2022-03-14,0.0,0.9615328686591005,1.0,1.0,5.0
2022-03-15,0.0,0.9615328686591005,1.0,1.0,5.0
2022-03-16,0.0,0.9615328686591005,1.0,1.0,5.0
2022-03-17,0.0,0.9615328686591005,1.0,1.0,5.0
2022-03-18,0.0,0.9615328686591005,1.0,1.0,5.0
2022-03-21,0.0,0.9615328686591005,1.0,1.0,5.0
2022-03-22,0.0,0.9615328686591005,1.0,1.0,5.0
2022-03-23,0.0,0.9615328686591005,1.0,1.0,5.0
2022-03-24,0.0,0.9615328686591005,1.0,1.0,5.0
2022-03-25,0.0,0.9615328686591005,1.0,1.0,5.0
2022-03-28,0.0,0.9615328686591005,1.0,1.0,5.0
2022-03-29,0.0,0.9615328686591005,1.0,1.0,5.0
2022-03-30,0.0,0.9615328686591005,1.0,1.0,5.0
2022-03-31,0.0,0.9615328686591005,1.0,1.0,5.0
2022-04-01,0.0,0.9615328686591005,1.0,1.0,5.0
2022-04-04,-0.0009476705338682213,0.9606216522921265,1.0,1.0,5.0
2022-04-05,-0.014466431438560719,0.9467248850208455,1.0,1.0,5.0
2022-04-06,0.008024842794533167,0.9543222033928102,1.0,1.0,5.0
2022-04-07,-0.009622744595786558,0.9451390045674728,1.0,1.0,3.0
2022-04-08,0.0024606679807634064,0.9474646778533826,1.0,1.0,3.0
2022-04-11,-0.0025641497286906095,0.945035236556721,1.0,1.0,3.0
2022-04-12,0.026504737918263053,0.9700831478251806,1.0,1.0,3.0
2022-04-13,0.003082733324437844,0.9730736554724568,1.0,1.0,3.0
2022-04-14,0.0007151673682516786,0.9737695659977561,1.0,1.0,2.0
2022-04-18,0.013094170516181978,0.9865202707383993,1.0,1.0,2.0
2022-04-19,-0.007104927746531349,0.9795111154943145,1.0,1.0,2.0
2022-04-20,-0.005464900517525307,0.9741581846923277,1.0,1.0,2.0
2022-04-21,-0.0008584603881751788,0.9733219084789527,1.0,1.0,2.0
2022-04-22,0.006219114088691388,0.9793751084728062,1.0,1.0,3.0
2022-04-25,0.005398328359458931,0.9846620968954232,1.0,1.0,3.0
2022-04-26,-0.0023977284456918446,0.9823011445763025,1.0,1.0,3.0
2022-04-27,0.004292932725576806,0.9865180973062255,1.0,1.0,2.0
2022-04-28,0.009653451744131146,0.9960414021532832,1.0,1.0,2.0
2022-04-29,0.00922980552943839,1.005234670594427,1.0,1.0,2.0
2022-05-02,-0.003746512037351957,1.0014685468006814,1.0,1.0,3.0
2022-05-03,-0.0075563031587836775,0.993901146857069,1.0,1.0,3.0
2022-05-04,0.0029851096666827504,0.996868050778279,1.0,1.0,3.0
2022-05-05,-0.014753856499065979,0.9821604026085926,1.0,1.0,3.0
2022-05-06,-0.013336586141656103,0.9690617357942795,1.0,1.0,2.0
2022-05-09,0.011675985016094181,0.9803764861010836,1.0,1.0,3.0
2022-05-10,-0.011181238138858159,0.9694146631442504,1.0,1.0,3.0
2022-05-11,0.008642104158405155,0.9777924456358281,1.0,1.0,3.0
2022-05-12,0.010740626166641062,0.9882945487629682,1.0,1.0,3.0
2022-05-13,-0.015877030930011627,0.9726033656442967,1.0,1.0,3.0
2022-05-16,-0.0026902222653739415,0.9699868464146628,1.0,1.0,3.0
2022-05-17,0.007691901874895709,0.977447890057224,1.0,1.0,3.0
2022-05-18,0.0103998553106357,0.9876132066875053,1.0,1.0,3.0
2022-05-19,-0.012759147650244626,0.9750121039620478,1.0,1.0,3.0
2022-05-20,-0.0067232479965015565,0.9684568557875202,1.0,1.0,3.0
2022-05-23,-0.042385146847079024,0.9274086697399057,1.0,1.0,2.0
2022-05-24,0.02363036409745843,0.9493236742729992,1.0,1.0,2.0
2022-05-25,0.030462121666378454,0.9782420875394768,1.0,1.0,2.0
2022-05-26,0.0006785178439859494,0.9789058422516104,1.0,1.0,2.0
2022-05-27,0.00701187534644516,0.9857698079933856,1.0,1.0,2.0
2022-05-31,-0.009023669183455336,0.9768745473550151,1.0,1.0,2.0
2022-06-01,0.013978211337309863,0.9905295062279825,1.0,1.0,2.0
2022-06-02,0.0015339199528188506,0.9920488992014413,1.0,1.0,2.0
2022-06-03,0.016318615153237723,1.0082377634007027,1.0,1.0,2.0
2022-06-06,-0.012494732103360703,0.9956401026505194,1.0,1.0,2.0
2022-06-07,0.00014048494413778983,0.9957799750947216,1.0,1.0,5.0
2022-06-08,-0.005325011274761363,0.9904774355001607,1.0,1.0,5.0
2022-06-09,-0.013820775574366756,0.9767882691526386,1.0,1.0,5.0
2022-06-10,-0.01499131717060828,0.9621449264012419,1.0,1.0,5.0
2022-06-13,0.0013023382785120395,0.9633979645683703,1.0,1.0,5.0
2022-06-14,0.004702282743420724,0.9679281341922068,1.0,1.0,3.0
2022-06-15,-0.015845776742047703,0.9525905610754504,1.0,1.0,3.0
2022-06-16,0.004892120908577949,0.9572507492766016,1.0,1.0,3.0
2022-06-17,-0.019981740817616587,0.9381232129070872,1.0,1.0,3.0
2022-06-21,-0.005545812579927152,0.9329205573914254,1.0,1.0,3.0
2022-06-22,-0.0013301711507562423,0.9316796133800359,1.0,1.0,3.0
2022-06-23,0.014387077705708231,0.9450837603745587,1.0,1.0,3.0
2022-06-24,0.00329223672593064,0.9481951998395445,1.0,1.0,3.0
2022-06-27,0.0022794629603678047,0.9503565756767772,1.0,1.0,3.0
2022-06-28,-0.01975976971332126,0.9315777485958635,1.0,1.0,3.0
2022-06-29,-0.00837008817354833,0.9237803606996005,1.0,1.0,3.0
2022-06-30,0.003964288647895801,0.927442492696671,1.0,1.0,3.0
2022-07-01,0.007015496390043862,0.9339489621561579,1.0,1.0,3.0
2022-07-05,-0.007117474912814783,0.927301603848162,1.0,1.0,4.0
2022-07-06,0.014080373794291168,0.9403583570503898,1.0,1.0,4.0
2022-07-07,-0.010571904687795652,0.930416978127281,1.0,1.0,4.0
2022-07-08,0.00029757696082985093,0.9306938487839365,1.0,1.0,4.0
2022-07-11,0.0025731456454322742,0.9330886596081654,1.0,1.0,4.0
2022-07-12,0.0025926191333623437,0.935507803120189,1.0,1.0,4.0
2022-07-13,-0.00790136994732818,0.9281160098791241,1.0,1.0,3.0
2022-07-14,0.013591190007525577,0.9407302109184178,1.0,1.0,3.0
2022-07-15,0.008751207067021233,0.9489627357883674,1.0,1.0,3.0
2022-07-18,0.01233392383091303,0.960667169889956,1.0,1.0,3.0
2022-07-19,0.008777439139127005,0.9690993675066226,1.0,1.0,3.0
2022-07-20,-0.012270855344752911,0.9572076893532573,1.0,1.0,4.0
2022-07-21,-0.003719599045110819,0.9536472605459663,1.0,1.0,5.0
2022-07-22,0.00840782724151051,0.9616653619619765,1.0,1.0,4.0
2022-07-25,0.0026055728577442077,0.9641710511273373,1.0,1.0,4.0
2022-07-26,0.0070419663295529615,0.9709607112053056,1.0,1.0,4.0
2022-07-27,-0.007058113513039137,0.9641075602889174,1.0,1.0,4.0
2022-07-28,-0.0021799351871257837,0.9620058682940696,1.0,1.0,3.0
2022-07-29,-0.0034612465625387633,0.9586761287892946,1.0,1.0,3.0
2022-08-01,0.011573776507902011,0.9697716320473626,1.0,1.0,3.0
2022-08-02,-0.0028265076216861607,0.9670305651380857,1.0,1.0,3.0
2022-08-03,-0.015232039987704032,0.9523007169005704,1.0,1.0,3.0
2022-08-04,-0.001067831923301683,0.9512838197944808,1.0,1.0,3.0
2022-08-05,-0.0052996405718347545,0.9462423574677681,1.0,1.0,3.0
2022-08-08,0.01292131182702295,0.9584690500325466,1.0,1.0,3.0
2022-08-09,-0.013139552800176237,0.9458751953423092,1.0,1.0,3.0
2022-08-10,0.0008298199420286963,0.9466601014420746,1.0,1.0,3.0
2022-08-11,-0.005093101164301134,0.9418386657772225,1.0,1.0,3.0
2022-08-12,0.007333160632917661,0.9487453200036597,1.0,1.0,3.0
2022-08-15,0.006601514131535647,0.9550084756408922,1.0,1.0,3.0
2022-08-16,0.0033474165265648358,0.958205286795262,1.0,1.0,3.0
2022-08-17,0.0034991839947366423,0.9615582233984881,1.0,1.0,3.0
2022-08-18,0.01223204954049438,0.9733200512231681,1.0,1.0,3.0
2022-08-19,-0.0026066245409642735,0.9707829712914372,1.0,1.0,3.0
2022-08-22,-0.004194734152830119,0.9667107948067751,1.0,1.0,3.0
2022-08-23,-0.010017688576839694,0.9570265871205317,1.0,1.0,3.0
2022-08-24,-0.012149383819322694,0.9453993037883078,1.0,1.0,3.0
2022-08-25,0.01556651416731911,0.9601158754445022,1.0,1.0,3.0
2022-08-26,0.005329021411768636,0.965232353502525,1.0,1.0,3.0
2022-08-29,-0.0007837936321143883,0.964475810530339,1.0,1.0,2.0
2022-08-30,0.0003220310998028686,0.9647864017363375,1.0,1.0,2.0
2022-08-31,0.012591074144991098,0.9769340988546789,1.0,1.0,2.0
2022-09-01,-0.004528414153848795,0.9725101366540478,1.0,1.0,2.0
2022-09-02,-0.004145825204125236,0.9684782796182403,1.0,1.0,5.0
2022-09-06,0.013534361120454802,0.9815860143919104,1.0,1.0,5.0
2022-09-07,-0.007165230003995022,0.9745527248300876,1.0,1.0,5.0
2022-09-08,0.004502086598933039,0.9789402455924989,1.0,1.0,5.0
2022-09-09,0.005116783697817447,0.983949271082284,1.0,1.0,5.0
2022-09-12,-0.01253659075781686,0.9716139017442732,1.0,1.0,5.0
2022-09-13,-0.00021305030521517293,0.9714068991059553,1.0,1.0,5.0
2022-09-14,0.0,0.9714068991059553,1.0,1.0,5.0
2022-09-15,0.0,0.9714068991059553,1.0,1.0,5.0
2022-09-16,-9.038945050240664e-05,0.9713190941701308,1.0,1.0,5.0
2022-09-19,-0.00432108686548216,0.9671219399901203,1.0,1.0,5.0
2022-09-20,-0.006274318381246149,0.9610539090251339,1.0,1.0,5.0
2022-09-21,0.004712419431854733,0.9655827981410837,1.0,1.0,5.0
2022-09-22,-0.004195133194546753,0.9615320496925187,1.0,1.0,5.0
2022-09-23,-0.016127144900616945,0.9460252830005402,1.0,1.0,5.0
2022-09-26,-0.01270851086341154,0.9340027104144659,1.0,1.0,5.0
2022-09-27,0.005604727747281802,0.9392375413215622,1.0,1.0,5.0
2022-09-28,-0.022924240441137386,0.917706234092964,1.0,1.0,5.0
2022-09-29,-0.010962491349138915,0.907645887440669,1.0,1.0,5.0
2022-09-30,0.009390743817420498,0.9161693574465597,1.0,1.0,5.0
2022-10-03,0.006457395865119418,0.9220854256670843,1.0,1.0,5.0
2022-10-04,-0.016476095846561623,0.9068930578150758,1.0,1.0,5.0
2022-10-05,-0.010308472486388569,0.8975443756804923,1.0,1.0,5.0
2022-10-06,-0.005521499193573171,0.8925885851339763,1.0,1.0,5.0
2022-10-07,-0.0004910539602904109,0.8921502759743363,1.0,1.0,5.0
2022-10-10,0.002761812214691468,0.8946142275038625,1.0,1.0,5.0
2022-10-11,-0.019211389805659194,0.8774274448535971,1.0,1.0,5.0
2022-10-12,0.008671755038311742,0.8850362807192593,1.0,1.0,5.0
2022-10-13,-0.0019582033059633765,0.8833031997484573,1.0,1.0,5.0
2022-10-14,0.007960753112717095,0.8903349584453277,1.0,1.0,5.0
2022-10-17,0.004976364736395193,0.8947655899361149,1.0,1.0,5.0
2022-10-18,-0.009614332855124613,0.8861630157271572,1.0,1.0,2.0
2022-10-19,-0.004824724910288813,0.8818875229506017,1.0,1.0,2.0
2022-10-20,-0.008053536538248356,0.8747852095618937,1.0,1.0,2.0
2022-10-21,0.0029938382885427994,0.877404175016531,1.0,1.0,2.0
2022-10-24,0.008869951764113993,0.8851867077265598,1.0,1.0,2.0
2022-10-25,0.005665747542205751,0.8902019521402548,1.0,1.0,2.0
2022-10-26,-0.00429145409095028,0.8863816913309706,1.0,1.0,3.0
2022-10-27,-0.0010201765893459395,0.8854774254802499,1.0,1.0,4.0
2022-10-28,-0.0033923766954544387,0.8824735524976997,1.0,1.0,4.0
2022-10-31,0.0004512046013347439,0.8828717286251428,1.0,1.0,4.0
2022-11-01,0.004555289300850985,0.8868934647645728,1.0,1.0,4.0
2022-11-02,0.0017274480736442503,0.888425527171808,1.0,1.0,4.0
2022-11-03,-0.004046455630189998,0.8848305526953791,1.0,1.0,4.0
2022-11-04,-0.007186646203902565,0.8784715885627539,1.0,1.0,4.0
2022-11-07,0.006851688976921209,0.8844906026626478,1.0,1.0,4.0
2022-11-08,0.010344016469752394,0.8936397880239314,1.0,1.0,4.0
2022-11-09,-0.016901411920803903,0.8785360138577191,1.0,1.0,4.0
2022-11-10,-0.01895366983288278,0.8618845323147629,1.0,1.0,4.0
2022-11-11,0.009611270447329226,0.87016833764921,1.0,1.0,4.0
2022-11-14,-0.016188688440403623,0.856081453540303,1.0,1.0,4.0
2022-11-15,0.011196923366575321,0.8656669319711402,1.0,1.0,4.0
2022-11-16,0.009491081487503265,0.8738830473635153,1.0,1.0,4.0
2022-11-17,1.716394077371495e-05,0.8738980466403835,1.0,1.0,4.0
2022-11-18,0.005056658324937991,0.8783170504730747,1.0,1.0,4.0
2022-11-21,-0.008252557069468138,0.8710686888889587,1.0,1.0,4.0
2022-11-22,-0.0021371657250914416,0.8692070707428649,1.0,1.0,4.0
2022-11-23,0.00210737492369373,0.8710388159272456,1.0,1.0,4.0
2022-11-25,0.0022298102229485624,0.8729810671835853,1.0,1.0,4.0
2022-11-28,-0.005319664860546824,0.8683371004765661,1.0,1.0,4.0
2022-11-29,-0.005195611990779292,0.8638255578252915,1.0,1.0,4.0
2022-11-30,-0.0059859308076098405,0.8586547578063044,1.0,1.0,4.0
2022-12-01,0.00609958892814993,0.8638921988601229,1.0,1.0,4.0
2022-12-02,0.010520324982179658,0.8729806255417012,1.0,1.0,4.0
2022-12-05,0.01104175093432561,0.8826198601794245,1.0,1.0,3.0
2022-12-06,0.008111559814151344,0.8897792839684278,1.0,1.0,3.0
2022-12-07,-0.010867559997392463,0.880109554215464,1.0,1.0,3.0
2022-12-08,-0.0023290596962735935,0.8780597265244354,1.0,1.0,3.0
2022-12-09,-0.008122342474191727,0.8709278247128088,1.0,1.0,3.0
2022-12-12,-0.01173193027404739,0.8607101601995504,1.0,1.0,3.0
2022-12-13,0.0045994140774517495,0.8646689226269779,1.0,1.0,4.0
2022-12-14,-0.0006049187017907857,0.8641458682248235,1.0,1.0,4.0
2022-12-15,0.005812135940298407,0.8691684014831935,1.0,1.0,4.0
2022-12-16,-0.00012214153648514156,0.869062239919172,1.0,1.0,4.0
2022-12-19,0.00434116923653393,0.8728349861797423,1.0,1.0,4.0
2022-12-20,0.004587472037522959,0.8768390922722136,1.0,1.0,4.0
2022-12-21,0.0012735347935997235,0.8779557773646106,1.0,1.0,4.0
2022-12-22,-0.0008546040241648639,0.8772054728242361,1.0,1.0,3.0
2022-12-23,-0.001573243410847042,0.8758254150941563,1.0,1.0,3.0
2022-12-27,0.0017125616604383698,0.8773253201212841,1.0,1.0,3.0
2022-12-28,-0.0027235463596813354,0.8749358839394115,1.0,1.0,3.0
2022-12-29,-0.000875209091482536,0.8741701320993234,1.0,1.0,2.0
2022-12-30,-0.007410335001465733,0.8676922385721919,1.0,1.0,2.0
2023-01-03,-0.012342390821124887,0.8569828418512772,1.0,1.0,2.0
2023-01-04,-0.008071236732116916,0.8500659304593331,1.0,1.0,2.0
2023-01-05,0.0007553111454734107,0.8507079947309963,1.0,1.0,2.0
2023-01-06,-0.00035503271266099784,0.8504059655639445,1.0,1.0,2.0
2023-01-09,-0.012105803665507675,0.840111117908851,1.0,1.0,2.0
2023-01-10,0.007049398260055982,0.8460333957616912,1.0,1.0,2.0
2023-01-11,-0.006816128487075034,0.8402667234318232,1.0,1.0,2.0
2023-01-12,0.00209682568502971,0.8420286162797909,1.0,1.0,2.0
2023-01-13,0.0063275233822014,0.8473565720377839,1.0,1.0,2.0
2023-01-17,-0.007538167630258035,0.8409690561551623,1.0,1.0,3.0
2023-01-18,-0.010407290678256522,0.8322168467363364,1.0,1.0,3.0
2023-01-19,0.01503137035602876,0.8447262063761567,1.0,1.0,3.0
2023-01-20,0.00814730996724098,0.8516084526169547,1.0,1.0,3.0
2023-01-23,-0.009523182190719803,0.8434984301675265,1.0,1.0,3.0
2023-01-24,0.012802588919236368,0.8542973938229826,1.0,1.0,3.0
2023-01-25,0.010434702188033952,0.863211732707539,1.0,1.0,3.0
2023-01-26,0.003602832497038511,0.8663217399899626,1.0,1.0,3.0
2023-01-27,0.00015171994681884663,0.8664531782782819,1.0,1.0,5.0
2023-01-30,-0.0028086592317926313,0.8640196065601946,1.0,1.0,5.0
2023-01-31,-0.0006185468640217564,0.8634851699421034,1.0,1.0,5.0
2023-02-01,-0.002952250235026502,0.8609359456461999,1.0,1.0,5.0
2023-02-02,0.01038206340209875,0.8698742372190447,1.0,1.0,2.0
2023-02-03,-0.003698862651494799,0.8666566918914976,1.0,1.0,2.0
2023-02-06,0.00029417298773521186,0.8669116388798921,1.0,1.0,2.0
2023-02-07,0.012761414034521778,0.8779746572349842,1.0,1.0,2.0
2023-02-08,-0.00024772321510741456,0.8777571625301112,1.0,1.0,2.0
2023-02-09,0.004630985137988382,0.881822042904551,1.0,1.0,2.0
2023-02-10,-0.004765238401711015,0.877619950642227,1.0,1.0,5.0
2023-02-13,-0.006393992533968686,0.8720084552301587,1.0,1.0,5.0
2023-02-14,-0.005468340702208558,0.8672400159017536,1.0,1.0,5.0
2023-02-15,0.009422523452310387,0.87541160529037,1.0,1.0,5.0
2023-02-16,0.003684836749847039,0.8786373541447865,1.0,1.0,5.0
2023-02-17,0.009446001149081699,0.8869369636016643,1.0,1.0,5.0
2023-02-21,0.0013472746133187104,0.8881319112563388,1.0,1.0,2.0
2023-02-22,0.005184649530229474,0.8927365639528158,1.0,1.0,3.0
2023-02-23,0.00022818165890105778,0.8929402700629402,1.0,1.0,3.0
2023-02-24,-0.037371788131790436,0.8595694954758043,1.0,1.0,3.0
2023-02-27,0.009418279734590158,0.8676651614355159,1.0,1.0,3.0
2023-02-28,-0.015622200692396915,0.8541103221497692,1.0,1.0,3.0
2023-03-01,-0.0009392470546926665,0.8533081015453075,1.0,1.0,3.0
2023-03-02,-0.002594950804054641,0.8510938090010962,1.0,1.0,3.0
2023-03-03,-0.0100255199496364,0.8425611510399437,1.0,1.0,3.0
2023-03-06,0.013468085148684373,0.8539088363651232,1.0,1.0,3.0
2023-03-07,0.0066711499669558924,0.8596053902706237,1.0,1.0,3.0
2023-03-08,-1.6800936634562988e-05,0.859590948094931,1.0,1.0,3.0
2023-03-09,0.0,0.859590948094931,1.0,0.9999999999999999,6.0
2023-03-10,0.0,0.859590948094931,1.0,0.9999999999999999,6.0
2023-03-13,0.0,0.859590948094931,1.0,0.9999999999999999,6.0
2023-03-14,0.0,0.859590948094931,1.0,0.9999999999999999,6.0
2023-03-15,0.0,0.859590948094931,1.0,0.9999999999999999,6.0
2023-03-16,0.0,0.859590948094931,1.0,0.9999999999999999,6.0
2023-03-17,0.0,0.859590948094931,1.0,0.9999999999999999,6.0
2023-03-20,0.0,0.859590948094931,1.0,0.9999999999999999,6.0
2023-03-21,0.0,0.859590948094931,1.0,0.9999999999999999,6.0
2023-03-22,0.0,0.859590948094931,1.0,0.9999999999999999,6.0
2023-03-23,0.0,0.859590948094931,1.0,0.9999999999999999,6.0
2023-03-24,0.0,0.859590948094931,1.0,0.9999999999999999,6.0
2023-03-27,0.0,0.859590948094931,1.0,0.9999999999999999,6.0
2023-03-28,0.0,0.859590948094931,1.0,0.9999999999999999,6.0
2023-03-29,0.0,0.859590948094931,1.0,0.9999999999999999,6.0
2023-03-30,0.0,0.859590948094931,1.0,0.9999999999999999,6.0
2023-03-31,0.0,0.859590948094931,1.0,0.9999999999999999,6.0
2023-04-03,0.0,0.859590948094931,1.0,0.9999999999999999,6.0
2023-04-04,0.0,0.859590948094931,1.0,0.9999999999999999,6.0
2023-04-05,0.0,0.859590948094931,1.0,0.9999999999999999,6.0
2023-04-06,0.0,0.859590948094931,1.0,0.9999999999999999,6.0
2023-04-10,0.0,0.859590948094931,1.0,0.9999999999999999,6.0
2023-04-11,0.0,0.859590948094931,1.0,0.9999999999999999,6.0
2023-04-12,0.0,0.859590948094931,1.0,0.9999999999999999,6.0
2023-04-13,0.0,0.859590948094931,1.0,0.9999999999999999,6.0
2023-04-14,0.0,0.859590948094931,1.0,0.9999999999999999,6.0
2023-04-17,0.0,0.859590948094931,1.0,0.9999999999999999,6.0
2023-04-18,0.0,0.859590948094931,1.0,0.9999999999999999,6.0
2023-04-19,0.0,0.859590948094931,1.0,0.9999999999999999,6.0
2023-04-20,0.0,0.859590948094931,1.0,0.9999999999999999,6.0
2023-04-21,0.0,0.859590948094931,1.0,0.9999999999999999,6.0
2023-04-24,0.0,0.859590948094931,1.0,0.9999999999999999,6.0
2023-04-25,0.0,0.859590948094931,1.0,0.9999999999999999,6.0
2023-04-26,0.0,0.859590948094931,1.0,0.9999999999999999,6.0
2023-04-27,0.0,0.859590948094931,1.0,0.9999999999999999,6.0
2023-04-28,0.0,0.859590948094931,1.0,0.9999999999999999,6.0
2023-05-01,0.0,0.859590948094931,1.0,0.9999999999999999,6.0
2023-05-02,0.0,0.859590948094931,1.0,0.9999999999999999,6.0
2023-05-03,0.0,0.859590948094931,1.0,0.9999999999999999,6.0
2023-05-04,0.0,0.859590948094931,1.0,0.9999999999999999,6.0
2023-05-05,0.0,0.859590948094931,1.0,0.9999999999999999,6.0
2023-05-08,0.0,0.859590948094931,1.0,0.9999999999999999,6.0
2023-05-09,0.0,0.859590948094931,1.0,0.9999999999999999,6.0
2023-05-10,0.0,0.859590948094931,1.0,0.9999999999999999,6.0
2023-05-11,0.0,0.859590948094931,1.0,0.9999999999999999,6.0
2023-05-12,0.0,0.859590948094931,1.0,0.9999999999999999,6.0
2023-05-15,0.0,0.859590948094931,1.0,0.9999999999999999,6.0
2023-05-16,0.0,0.859590948094931,1.0,0.9999999999999999,6.0
2023-05-17,0.0,0.859590948094931,1.0,0.9999999999999999,6.0
2023-05-18,0.0,0.859590948094931,1.0,0.9999999999999999,6.0
2023-05-19,0.0,0.859590948094931,1.0,0.9999999999999999,6.0
2023-05-22,0.0,0.859590948094931,1.0,0.9999999999999999,6.0
2023-05-23,0.0,0.859590948094931,1.0,0.9999999999999999,6.0
2023-05-24,0.0,0.859590948094931,1.0,0.9999999999999999,6.0
2023-05-25,0.0,0.859590948094931,1.0,0.9999999999999999,6.0
2023-05-26,0.0,0.859590948094931,1.0,0.9999999999999999,6.0
2023-05-30,0.0,0.859590948094931,1.0,0.9999999999999999,6.0
2023-05-31,0.0,0.859590948094931,1.0,0.9999999999999999,6.0
2023-06-01,0.0,0.859590948094931,1.0,0.9999999999999999,6.0
2023-06-02,0.0,0.859590948094931,1.0,0.9999999999999999,6.0
2023-06-05,0.0,0.859590948094931,1.0,0.9999999999999999,6.0
2023-06-06,0.0,0.859590948094931,1.0,0.9999999999999999,6.0
2023-06-07,-0.0005084837195494514,0.8591538600923526,1.0,1.0,6.0
2023-06-08,0.003803909656405041,0.8624220037570957,1.0,1.0,6.0
2023-06-09,-0.0031166756198862597,0.8597341141239324,1.0,1.0,6.0
2023-06-12,-8.925876015485144e-05,0.8596573753228429,1.0,0.9999999999999999,6.0
2023-06-13,0.0,0.8596573753228429,1.0,0.9999999999999999,6.0
2023-06-14,-0.002215273784823722,0.8577529988753599,1.0,0.9999999999999999,6.0
2023-06-15,0.0011639092866383867,0.858751345556393,1.0,0.9999999999999999,6.0
2023-06-16,0.0044843163712268595,0.8626022582740847,1.0,0.9999999999999999,6.0
2023-06-20,0.0006851682442548095,0.8631932859488766,1.0,0.9999999999999999,6.0
2023-06-21,0.004746698457886239,0.867290604188148,1.0,0.9999999999999999,6.0
2023-06-22,-0.002720971131678586,0.8649307314913759,1.0,0.9999999999999999,6.0
2023-06-23,-0.0022200551923127073,0.8630105375299376,1.0,0.9999999999999999,6.0
2023-06-26,-0.007779532127775427,0.8562967193266148,1.0,0.9999999999999999,6.0
2023-06-27,0.0008552714351346458,0.8570290854506544,1.0,0.9999999999999999,6.0
2023-06-28,0.0007300371685056211,0.8576547485375238,1.0,1.0,2.0
2023-06-29,-0.010821740566467501,0.8483734313532518,1.0,1.0,2.0
2023-06-30,-0.007981627791339667,0.8416020303961285,1.0,1.0,2.0
2023-07-03,0.011604678785765217,0.8513685516243235,1.0,1.0,3.0
2023-07-05,0.008285057844411607,0.8584221893214439,1.0,1.0,3.0
2023-07-06,-0.008243668765649925,0.8513456411315938,1.0,1.0,3.0
2023-07-07,-0.022805180184126757,0.8319305503866169,1.0,1.0,2.0
2023-07-10,-0.004782251606958171,0.8279520491751529,1.0,1.0,2.0
2023-07-11,0.002969554129058607,0.8304106976014435,1.0,1.0,2.0
2023-07-12,0.0016565283323219048,0.8317862964494835,1.0,1.0,2.0
2023-07-13,0.0006741821443068613,0.8323470719184288,1.0,1.0,3.0
2023-07-14,0.0005489481700997254,0.8328039873204464,1.0,1.0,3.0
2023-07-17,-0.008852789074999439,0.8254313492798799,1.0,1.0,3.0
2023-07-18,0.0010949240359984975,0.8263351339042732,1.0,1.0,3.0
2023-07-19,0.01174332154421954,0.8360390530849967,1.0,1.0,3.0
2023-07-20,-0.002220458348604762,0.8341826631898145,1.0,1.0,3.0
2023-07-21,0.001342047374869115,0.8353021758431097,1.0,1.0,3.0
2023-07-24,0.0010351274692948637,0.8361668200704866,1.0,1.0,3.0
2023-07-25,0.00244529644424442,0.8382114958224002,1.0,1.0,3.0
2023-07-26,-0.005638876917792166,0.8334849243663792,1.0,1.0,3.0
2023-07-27,-0.006293415177890133,0.8282394576928293,1.0,1.0,3.0
2023-07-28,-0.005303396471167185,0.8238469754756197,1.0,1.0,3.0
2023-07-31,-0.004435142349703535,0.8201930968650126,1.0,1.0,3.0
2023-08-01,0.009024396291350047,0.8275948444065522,1.0,1.0,3.0
2023-08-02,0.034538364489306445,0.8561786167921366,1.0,1.0,3.0
2023-08-03,-5.1474539455727405e-05,0.8561345453921454,1.0,1.0,3.0
2023-08-04,-0.012250355168033099,0.8456465931394691,1.0,1.0,2.0
2023-08-07,0.011720902764706689,0.8555583346309623,1.0,1.0,2.0
2023-08-08,0.004256223300565093,0.8591997819498114,1.0,1.0,2.0
2023-08-09,-0.000651144323450501,0.8586403188890849,1.0,1.0,3.0
2023-08-10,0.001078412726855221,0.8595662875367659,1.0,1.0,3.0
2023-08-11,-0.0016628662818851648,0.8581369437401758,1.0,1.0,2.0
2023-08-14,-0.003655457926101146,0.8550000602475006,1.0,1.0,2.0
2023-08-15,0.0006574925618844093,0.855562216427524,1.0,1.0,2.0
2023-08-16,-0.0005904021860779866,0.8550570906246194,1.0,1.0,2.0
2023-08-17,-0.003355609788653417,0.8521878526814619,1.0,1.0,2.0
2023-08-18,0.001826863031167092,0.8537446831651353,1.0,1.0,2.0
2023-08-21,-0.008133894309664698,0.8468004141448319,1.0,1.0,2.0
2023-08-22,0.00924939846260055,0.8546328085935526,1.0,1.0,6.0
2023-08-23,-0.005482106999149627,0.849947620091859,1.0,1.0,2.0
2023-08-24,0.009785221762732018,0.8582645460411642,1.0,1.0,2.0
2023-08-25,0.004950572363867256,0.8625134467836826,1.0,1.0,2.0
2023-08-28,0.006533454550514161,0.8681486391874511,1.0,1.0,3.0
2023-08-29,0.00640809169241559,0.8737118152700102,1.0,1.0,3.0
2023-08-30,-0.00461820032113288,0.8696768390841526,1.0,1.0,3.0
2023-08-31,-0.005805227835826225,0.8646281668897279,1.0,1.0,3.0
2023-09-01,-0.013140536926768049,0.8532664885347896,1.0,1.0,3.0
2023-09-05,0.006499022504033566,0.8588118866457148,1.0,1.0,3.0
2023-09-06,0.005395838076176518,0.8634458965239508,1.0,1.0,3.0
2023-09-07,-0.004265062490744107,0.8597632458178995,1.0,1.0,3.0
2023-09-08,0.0131069136582414,0.8710320884473641,1.0,1.0,3.0
2023-09-11,-0.010702743815665612,0.8617096551494878,1.0,0.9999999999999998,4.0
2023-09-12,0.003927539054533446,0.865094053473756,1.0,0.9999999999999998,4.0
2023-09-13,-0.0010410888070211117,0.8641934137376639,1.0,0.9999999999999998,4.0
2023-09-14,-0.012720005239283313,0.8532008689871667,1.0,1.0,3.0
2023-09-15,0.0032301860284104046,0.8559568665135966,1.0,1.0,3.0
2023-09-18,-0.004823802211320347,0.8518278998881135,1.0,1.0,3.0
2023-09-19,-0.004522482861590107,0.8479755228098452,1.0,1.0,3.0
2023-09-20,-0.013921611065466615,0.8361703373882509,1.0,1.0,3.0
2023-09-21,0.0016672588028756668,0.8375644497439649,1.0,1.0,4.0
2023-09-22,-0.00639980001873176,0.8322042047628044,1.0,1.0,4.0
2023-09-25,0.007134363200199386,0.8381414518163154,1.0,1.0,4.0
2023-09-26,-0.006320001285643421,0.8328443967632851,1.0,1.0,4.0
2023-09-27,0.007668599095898056,0.8392311465513278,1.0,1.0,4.0
2023-09-28,0.001264021504928841,0.8402919527681748,1.0,1.0,4.0
2023-09-29,0.009819997207916552,0.848543617398193,1.0,1.0,4.0
2023-10-02,-0.012600784983016977,0.8378513017266469,1.0,1.0,4.0
2023-10-03,0.002528006944191073,0.8399693956356115,1.0,1.0,3.0
2023-10-04,-0.040654987943846865,0.8058204499828453,1.0,1.0,3.0
2023-10-05,-0.0023914160330958142,0.8038933980389599,1.0,1.0,3.0
2023-10-06,0.003093819134587155,0.8063804988159811,1.0,1.0,3.0
2023-10-09,0.01270556763112599,0.8166260207801087,1.0,1.0,3.0
2023-10-10,-0.010723099572002098,0.8078692586461957,1.0,1.0,3.0
2023-10-11,-0.022583141369618396,0.78962503297002,1.0,1.0,3.0
2023-10-12,0.003298238419220605,0.79222940459054,1.0,1.0,3.0
2023-10-13,-0.004587665497916175,0.7885949210846653,1.0,1.0,3.0
2023-10-16,-0.007647796206028093,0.782563907839101,1.0,1.0,4.0
2023-10-17,0.00948511771852323,0.7899866186272225,1.0,1.0,3.0
2023-10-18,-0.00735531500287842,0.7841760181991605,1.0,1.0,3.0
2023-10-19,0.004460877972216401,0.7876741317250855,1.0,1.0,3.0
2023-10-20,0.010242716390615882,0.7957420544645701,1.0,1.0,3.0
2023-10-23,-0.0042464255538221295,0.7923629950702409,1.0,1.0,3.0
2023-10-24,-0.0030026978103621744,0.7899837684399315,1.0,1.0,4.0
2023-10-25,0.0007984362431203767,0.7906145201121307,1.0,1.0,4.0
2023-10-26,0.0021892593580167185,0.79234538034887,1.0,1.0,4.0
2023-10-27,0.010475187170273364,0.8006453465115259,1.0,1.0,3.0
2023-10-30,-0.003719711459786367,0.7976671768408823,1.0,1.0,3.0
2023-10-31,-0.005274932137487559,0.7934595366147453,1.0,1.0,3.0
2023-11-01,-0.007911548388363577,0.7871820430966092,1.0,1.0,3.0
2023-11-02,0.007046062175496467,0.7927285767157022,1.0,1.0,3.0
2023-11-03,0.003896294758225225,0.795817280913855,1.0,1.0,3.0
2023-11-06,0.008516559313845894,0.8025949059897414,1.0,1.0,3.0
2023-11-07,0.002230153453290985,0.8043848157909281,1.0,1.0,3.0
2023-11-08,-0.0019447599624749707,0.8028204804067551,1.0,1.0,3.0
2023-11-09,0.005109551395861521,0.8069225329130436,1.0,1.0,3.0
2023-11-10,0.011103457977002112,0.8158821633479397,1.0,1.0,3.0
2023-11-13,-0.014146666394487768,0.8043401505658434,1.0,1.0,3.0
2023-11-14,0.0031699012226377382,0.8068898293925387,1.0,1.0,2.0
2023-11-15,-0.011308607666673022,0.7977650288817097,1.0,1.0,3.0
2023-11-16,-0.0013000604022962352,0.7967278861573239,1.0,1.0,3.0
2023-11-17,3.5020354647281025e-05,0.7967557878504545,1.0,1.0,3.0
2023-11-20,0.007177978377677088,0.8024748836679342,1.0,1.0,2.0
2023-11-21,0.004003716996402057,0.8056877659988612,1.0,1.0,2.0
2023-11-22,0.0009421099147636184,0.8064468124314124,1.0,1.0,2.0
2023-11-24,-0.009551175529618226,0.7987442973705788,1.0,1.0,2.0
2023-11-27,0.0032513191455023375,0.8013412699969806,1.0,1.0,2.0
2023-11-28,-0.004049491993538649,0.7980962449400357,1.0,1.0,2.0
2023-11-29,-0.003390999962279128,0.795389900603549,1.0,1.0,2.0
2023-11-30,-0.01245133159828756,0.7854862372012051,1.0,1.0,2.0
2023-12-01,0.00468505445654039,0.7891662829973558,1.0,1.0,2.0
2023-12-04,-0.003936024313607563,0.7860601053199989,1.0,1.0,2.0
2023-12-05,-0.022387387914831025,0.7684622728178271,1.0,1.0,2.0
2023-12-06,-0.0013100128061248667,0.767455577399412,1.0,1.0,2.0
2023-12-07,-0.011822304831103018,0.7583824836190659,1.0,1.0,2.0
2023-12-08,0.00713201306641547,0.7637912774015777,1.0,1.0,2.0
2023-12-11,0.004538577496827967,0.7672578033054661,1.0,1.0,2.0
2023-12-12,-0.009990232133077908,0.759592719744529,1.0,1.0,3.0
2023-12-13,-0.026235597429792278,0.7396643509387105,1.0,1.0,3.0
2023-12-14,0.01841362651626336,0.7532842540442902,1.0,1.0,2.0
2023-12-15,0.008505881297744884,0.7596916004926514,1.0,1.0,2.0
2023-12-18,-0.00824240369776617,0.7534299156355888,1.0,1.0,3.0
2023-12-19,0.0037102933502752384,0.75622536164147,1.0,1.0,3.0
2023-12-20,-0.0037885240402483304,0.7533603836790458,1.0,1.0,3.0
2023-12-21,0.005209626001119568,0.7572851095220736,1.0,1.0,3.0
2023-12-22,-0.0005117452428650398,0.7568975724697832,1.0,1.0,2.0
2023-12-26,-0.002960952937694973,0.7546564343790446,1.0,1.0,2.0
2023-12-27,0.0022901588452550335,0.7563847174873665,1.0,1.0,2.0
2023-12-28,0.0038158824767734623,0.7592709926765259,1.0,1.0,2.0
2023-12-29,0.012093019061529535,0.7684528712638296,1.0,1.0,2.0
2024-01-02,0.0051054226718185635,0.772376147975004,1.0,1.0,6.0
2024-01-03,0.0014622280761981922,0.7735055380639588,1.0,1.0,6.0
2024-01-04,-0.002443999823728079,0.7716150906652778,1.0,1.0,6.0
2024-01-05,-0.009032188379970637,0.7646457178095608,1.0,1.0,6.0
2024-01-08,0.003823874467364113,0.7675696270464721,1.0,1.0,6.0
2024-01-09,-0.016084651243741165,0.7552235372901411,1.0,1.0,6.0
2024-01-10,-0.007822653127760166,0.7493156855240003,1.0,1.0,6.0
2024-01-11,0.010570106895838396,0.7572360324187174,1.0,1.0,6.0
2024-01-12,0.0013498294324196982,0.7582581719025648,1.0,1.0,6.0
2024-01-16,0.0022326442736335978,0.759951092667999,1.0,1.0,6.0
2024-01-17,-0.00046518035399075364,0.759597578349696,1.0,1.0,6.0
2024-01-18,-0.004579894347040722,0.7561187016945864,1.0,1.0,6.0
2024-01-19,-0.0097096785987122,0.7487770321186564,1.0,1.0,6.0
2024-01-22,0.02539729424415232,0.767793942726637,1.0,1.0,6.0
2024-01-23,0.0042488337724157655,0.7710561715607502,1.0,1.0,6.0
2024-01-24,-0.009500375538155291,0.7637308483699108,1.0,1.0,6.0
2024-01-25,0.001926570279758794,0.7652022295241153,1.0,1.0,6.0
2024-01-26,-0.005738893185012718,0.7608108156639428,1.0,1.0,6.0
2024-01-29,-0.02418142915028018,0.7424133228281983,1.0,1.0,6.0
2024-01-30,-0.0009280827248592101,0.7417243018485761,1.0,1.0,6.0
2024-01-31,-0.027436373290427193,0.7213740770244771,1.0,1.0,2.0
2024-02-01,0.004187667914947941,0.7243949521015077,1.0,1.0,2.0
2024-02-02,-0.0010684238425730434,0.723620991263243,1.0,0.9999999999999998,4.0
2024-02-05,0.006256869288026618,0.7281485932196494,1.0,0.9999999999999998,4.0
2024-02-06,-0.0027919307046223086,0.7261156528047119,1.0,0.9999999999999998,4.0
2024-02-07,-0.010281167197801852,0.7186503363732857,1.0,1.0,5.0
2024-02-08,0.015744980738970373,0.7299654720775377,1.0,1.0,5.0
2024-02-09,-0.014639497631867724,0.7192791442777134,1.0,1.0,5.0
2024-02-12,0.006073200771686303,0.7236474709317988,1.0,1.0,5.0
2024-02-13,-0.004600110245554411,0.7203186127865959,1.0,1.0,4.0
2024-02-14,-0.004215812353022688,0.717281884680698,1.0,1.0,5.0
2024-02-15,0.012116196252856997,0.7259726127641085,1.0,1.0,4.0
2024-02-16,-0.002842755994756279,0.7239088497671445,1.0,1.0,4.0
2024-02-20,-0.0016077295292237985,0.7227450001329074,1.0,1.0,4.0
2024-02-21,-0.00151095978028527,0.7216529615063043,1.0,1.0,4.0
2024-02-22,-0.0076006043385515015,0.7161679628761509,1.0,1.0,4.0
2024-02-23,0.0026251538541383485,0.7180480139641057,1.0,1.0,5.0
2024-02-26,-0.0005422423138543007,0.7176586579475553,1.0,1.0,5.0
2024-02-27,0.001171407553267028,0.7184993287201425,1.0,1.0,5.0
2024-02-28,-0.00807064948092834,0.7127005724857599,1.0,1.0,5.0
2024-02-29,-0.008736365586823109,0.7064741597305861,1.0,1.0,5.0
2024-03-01,0.0022847564756216135,0.7080882811418899,1.0,1.0,5.0
2024-03-04,0.007205432493084255,0.713190363450802,1.0,1.0,5.0
2024-03-05,-0.002439464333499457,0.7114505609961682,1.0,1.0,5.0
2024-03-06,0.0032417466798672764,0.7137569034901673,1.0,1.0,5.0
2024-03-07,-0.0011400424177933507,0.7129431903441957,1.0,1.0,5.0
2024-03-08,0.0032237839313379217,0.7152415651451841,1.0,1.0,5.0
2024-03-11,-0.0037103419013639087,0.7125877743964288,1.0,1.0,5.0
2024-03-12,-0.006007210155174868,0.7083071098816212,1.0,1.0,5.0
2024-03-13,0.023721336652713337,0.7251091012886335,1.0,1.0,5.0
2024-03-14,-0.013387423441231916,0.7154017587085915,1.0,1.0,5.0
2024-03-15,-0.03524346167271891,0.6901885242449496,1.0,1.0,4.0
2024-03-18,0.000276117682814366,0.6903790975009692,1.0,0.9999999999999998,5.0
2024-03-19,-0.008918503420722366,0.6842219491583116,1.0,0.9999999999999998,5.0
2024-03-20,-0.009957654025071984,0.6774087037122327,1.0,0.9999999999999998,5.0
2024-03-21,0.013355001912633164,0.686455498245944,1.0,1.0,4.0
2024-03-22,0.012842293948295587,0.6952711615368421,1.0,1.0,4.0
2024-03-25,-0.00278110290556823,0.6933375408893342,1.0,1.0,4.0
2024-03-26,-0.009438745755615817,0.686793304118056,1.0,1.0,4.0
2024-03-27,0.000996805027257826,0.6874779031362878,1.0,1.0,5.0
2024-03-28,0.008325668067203976,0.6932016159613379,1.0,1.0,5.0
2024-04-01,0.011681461445742924,0.701299223912317,1.0,1.0,5.0
2024-04-02,0.009281591380221558,0.7078083967439377,1.0,1.0,5.0
2024-04-03,-0.007169483519455338,0.7027337761085499,1.0,1.0,4.0
2024-04-04,-0.004548460295145807,0.6995374194298624,1.0,1.0,4.0
2024-04-05,-0.004065314171159666,0.6966935800453977,1.0,1.0,4.0
2024-04-08,-0.0102414920872971,0.6895583982580921,1.0,1.0,4.0
2024-04-09,0.008362419315913628,0.6953247747271359,1.0,1.0,4.0
2024-04-10,-0.007479312713454025,0.6901242232995397,1.0,1.0,4.0
2024-04-11,0.02599340263140836,0.7080629001014527,1.0,1.0,4.0
2024-04-12,0.002685443748543281,0.7099643631901056,1.0,1.0,4.0
2024-04-15,-0.004824783286730074,0.706538938996412,1.0,1.0,3.0
2024-04-16,0.00014174923163636638,0.706639090348136,1.0,1.0,3.0
2024-04-17,-0.0049696174628803234,0.7031273643847881,1.0,1.0,3.0
2024-04-18,0.0018957264617481089,0.7044603015354315,1.0,1.0,3.0
2024-04-19,-0.011940980743703422,0.6960483546400934,1.0,0.9999999999999999,4.0
2024-04-22,0.026597725746362332,0.7145616578830174,1.0,1.0,3.0
2024-04-23,-0.026272145789417403,0.695788589831587,1.0,1.0,3.0
2024-04-24,0.0001897437489062747,0.6959206113670678,1.0,1.0,3.0
2024-04-25,0.005647316141145688,0.6998506950685971,1.0,1.0,3.0
2024-04-26,0.0011044518567787463,0.7006236464682334,1.0,1.0,3.0
2024-04-29,-0.007701676969352714,0.6952276694660451,1.0,1.0,3.0
2024-04-30,0.009825999958906853,0.7020589765176493,1.0,1.0,3.0
2024-05-01,0.005210318028107924,0.7057169270597943,1.0,1.0,3.0
2024-05-02,0.004789789075380108,0.7090971622873361,1.0,1.0,3.0
2024-05-03,0.006513350733571172,0.7137157608094935,1.0,1.0,3.0
2024-05-06,-0.006561531226484042,0.7090326925581082,1.0,1.0,3.0
2024-05-07,-0.0009867658200628823,0.7083330433317847,1.0,1.0,3.0
2024-05-08,0.003724637698298935,0.710971327287929,1.0,1.0,3.0
2024-05-09,-1.470678201718605e-05,0.7109608711875981,1.0,1.0,3.0
2024-05-10,0.0,0.7109608711875981,0.8,1.0,4.0
2024-05-13,0.0,0.7109608711875981,0.8,1.0,4.0
2024-05-14,0.0,0.7109608711875981,0.8,1.0,4.0
2024-05-15,0.0,0.7109608711875981,0.8,1.0,4.0
2024-05-16,0.0,0.7109608711875981,0.8,1.0,4.0
2024-05-17,0.0,0.7109608711875981,0.8,1.0,4.0
2024-05-20,0.0,0.7109608711875981,0.8,1.0,4.0
2024-05-21,0.0,0.7109608711875981,0.8,1.0,4.0
2024-05-22,0.0,0.7109608711875981,0.8,1.0,4.0
2024-05-23,0.0,0.7109608711875981,0.8,1.0,4.0
2024-05-24,0.0,0.7109608711875981,0.8,1.0,4.0
2024-05-28,0.0,0.7109608711875981,0.8,1.0,4.0
2024-05-29,0.0,0.7109608711875981,0.8,1.0,4.0
2024-05-30,0.0,0.7109608711875981,0.8,1.0,4.0
2024-05-31,0.0,0.7109608711875981,0.8,1.0,4.0
2024-06-03,0.0,0.7109608711875981,0.8,1.0,4.0
2024-06-04,0.0,0.7109608711875981,0.8,1.0,4.0
2024-06-05,0.0,0.7109608711875981,0.8,1.0,4.0
2024-06-06,0.0,0.7109608711875981,0.8,1.0,4.0
2024-06-07,0.0,0.7109608711875981,0.8,1.0,4.0
2024-06-10,0.0,0.7109608711875981,0.8,1.0,4.0
2024-06-11,0.0,0.7109608711875981,0.8,1.0,4.0
2024-06-12,0.0,0.7109608711875981,0.8,1.0,4.0
2024-06-13,0.0,0.7109608711875981,0.8,1.0,4.0
2024-06-14,0.0,0.7109608711875981,0.8,1.0,4.0
2024-06-17,0.0,0.7109608711875981,0.8,1.0,4.0
2024-06-18,0.0,0.7109608711875981,0.8,1.0,4.0
2024-06-20,0.0,0.7109608711875981,0.8,1.0,4.0
2024-06-21,0.0,0.7109608711875981,0.8,1.0,4.0
2024-06-24,0.0,0.7109608711875981,0.8,1.0,4.0
2024-06-25,0.0,0.7109608711875981,0.8,1.0,4.0
2024-06-26,0.0,0.7109608711875981,0.8,1.0,4.0
2024-06-27,0.0,0.7109608711875981,0.8,1.0,4.0
2024-06-28,0.0,0.7109608711875981,0.8,1.0,4.0
2024-07-01,0.0,0.7109608711875981,0.8,1.0,4.0
2024-07-02,0.0,0.7109608711875981,0.8,1.0,4.0
2024-07-03,0.0,0.7109608711875981,0.8,1.0,4.0
2024-07-05,0.0,0.7109608711875981,0.8,1.0,4.0
2024-07-08,0.0,0.7109608711875981,0.8,1.0,4.0
2024-07-09,0.0,0.7109608711875981,0.8,1.0,4.0
2024-07-10,0.0,0.7109608711875981,0.8,1.0,4.0
2024-07-11,0.0,0.7109608711875981,0.8,1.0,4.0
2024-07-12,0.0,0.7109608711875981,0.8,1.0,4.0
2024-07-15,0.0,0.7109608711875981,0.8,1.0,4.0
2024-07-16,0.0,0.7109608711875981,0.8,1.0,4.0
2024-07-17,0.0,0.7109608711875981,0.8,1.0,4.0
2024-07-18,0.0,0.7109608711875981,0.8,1.0,4.0
2024-07-19,0.0,0.7109608711875981,0.8,1.0,4.0
2024-07-22,0.0,0.7109608711875981,0.8,1.0,4.0
2024-07-23,0.0,0.7109608711875981,0.8,1.0,4.0
2024-07-24,0.0,0.7109608711875981,0.8,1.0,4.0
2024-07-25,0.0,0.7109608711875981,0.8,1.0,4.0
2024-07-26,0.0,0.7109608711875981,0.8,1.0,4.0
2024-07-29,0.0,0.7109608711875981,0.8,1.0,4.0
2024-07-30,0.0,0.7109608711875981,0.8,1.0,4.0
2024-07-31,0.0,0.7109608711875981,0.8,1.0,4.0
2024-08-01,0.0,0.7109608711875981,0.8,1.0,4.0
2024-08-02,0.0,0.7109608711875981,0.8,1.0,4.0
2024-08-05,0.0,0.7109608711875981,0.8,1.0,4.0
2024-08-06,0.0,0.7109608711875981,0.8,1.0,4.0
2024-08-07,0.0,0.7109608711875981,0.8,1.0,4.0
2024-08-08,-0.0020725300349076115,0.7094873834284178,0.8,0.9999999999999999,4.0
2024-08-09,-0.005402634343857764,0.7056542825241736,0.8,0.9999999999999999,4.0
2024-08-12,-0.0012695382949472378,0.7047584273895157,0.8,0.9999999999999999,4.0
2024-08-13,0.0032270115488326535,0.7070326909738388,0.8,0.9999999999999999,4.0
2024-08-14,0.002368102149291672,0.7087070166089534,0.8,0.9999999999999999,4.0
2024-08-15,-0.0010173576265583005,0.707986008120611,0.8,0.9999999999999999,4.0
2024-08-16,-0.0009362231501400796,0.7073231752298332,0.8,0.9999999999999999,4.0
2024-08-19,0.0022626788811941573,0.708923620440605,0.8,0.9999999999999999,4.0
2024-08-20,-0.001551408885618514,0.7078237900366285,0.8,0.9999999999999999,4.0
2024-08-21,0.004513100785027533,0.7110182701391039,0.8,0.9999999999999999,4.0
2024-08-22,-0.0019790705043766735,0.7096111148525988,0.8,0.9999999999999999,4.0
2024-08-23,-0.0032249667248629133,0.7073226426196062,0.8,0.9999999999999999,4.0
2024-08-26,0.006534600600019132,0.7119447135844754,0.8,0.9999999999999999,4.0
2024-08-27,-0.0042495612524741915,0.708919260915723,0.8,0.9999999999999999,4.0
2024-08-28,-0.0030512178805390854,0.7067561937909584,0.8,0.9999999999999999,4.0
2024-08-29,-0.0032916024737573678,0.7044298333551328,0.8,0.9999999999999999,4.0
2024-08-30,-0.01301028647853904,0.695264999419153,0.8,0.9999999999999999,4.0
2024-09-03,-0.017043279144543476,0.6834154039546215,0.8,1.0,2.0
2024-09-04,0.012612784409243362,0.6920351751066571,0.8,1.0,2.0
2024-09-05,-0.000773959378478916,0.691499567992646,0.8,1.0,3.0
2024-09-06,-0.010733736705739353,0.6840771936976804,0.8,1.0,3.0
2024-09-09,0.0050536979450685575,0.6875343132057387,0.8,1.0,3.0
2024-09-10,0.007973946808141383,0.6930166752480132,0.8,1.0,3.0
2024-09-11,-8.222318805751355e-05,0.6929596932075973,0.8,1.0,3.0
2024-09-12,0.005162736983440512,0.6965372618437539,0.8,1.0,3.0
2024-09-13,-0.002942609176153238,0.6944876249055199,0.8,1.0,3.0
2024-09-16,0.004102784288182126,0.6973369578213192,0.8,1.0,2.0
2024-09-17,0.0003850886349287975,0.6976054943584921,0.8,1.0,2.0
2024-09-18,0.00830791148575965,0.7034011390576019,0.8,1.0,2.0
2024-09-19,-1.1102988379551627e-05,0.7033933292029287,0.8,1.0,2.0
2024-09-20,-0.003720565335766906,0.7007763083648866,0.8,1.0,2.0
2024-09-23,0.009621290627009668,0.7075186808921881,0.8,1.0,2.0
2024-09-24,-3.3140475779632215e-05,0.7074952333864803,0.8,1.0,2.0
2024-09-25,-0.0024081642181385345,0.7057914686809355,0.8,1.0,2.0
2024-09-26,-0.002302317401281297,0.7041665127009155,0.8,1.0,2.0
2024-09-27,0.006673682323596249,0.708865896309596,0.8,1.0,2.0
2024-09-30,0.0030648672018822754,0.7110384761457281,0.8,1.0,2.0
2024-10-01,0.004474522098766635,0.7142200335203155,0.8,1.0,2.0
2024-10-02,0.00787097269631626,0.719841639903316,0.8,0.9999999999999999,4.0
2024-10-03,0.00795927310956538,0.725571056110944,0.8,0.9999999999999999,4.0
2024-10-04,0.0187969474302244,0.7392095771095537,0.8,0.9999999999999999,4.0
2024-10-07,-0.0002843202107617262,0.7389994048867928,0.8,1.0,4.0
2024-10-08,0.0,0.7389994048867928,0.8,1.0,4.0
2024-10-09,0.0,0.7389994048867928,0.8,1.0,4.0
2024-10-10,0.0,0.7389994048867928,0.8,1.0,4.0
2024-10-11,0.0,0.7389994048867928,0.8,1.0,4.0
2024-10-14,0.0,0.7389994048867928,0.8,1.0,4.0
2024-10-15,0.0,0.7389994048867928,0.8,1.0,4.0
2024-10-16,0.0,0.7389994048867928,0.8,1.0,4.0
2024-10-17,0.0,0.7389994048867928,0.8,1.0,4.0
2024-10-18,0.0,0.7389994048867928,0.8,1.0,4.0
2024-10-21,0.0,0.7389994048867928,0.8,1.0,4.0
2024-10-22,0.0,0.7389994048867928,0.8,1.0,4.0
2024-10-23,0.0,0.7389994048867928,0.8,1.0,4.0
2024-10-24,0.0,0.7389994048867928,0.8,1.0,4.0
2024-10-25,-0.0023937041692409515,0.7372304589302487,0.8,0.9999999999999999,4.0
2024-10-28,0.0026376033221295597,0.7391749804378983,0.8,0.9999999999999999,4.0
2024-10-29,-0.0003082445264617916,0.7389471337960808,0.8,0.9999999999999999,4.0
2024-10-30,0.004879794053205347,0.742553043625212,0.8,0.9999999999999999,4.0
2024-10-31,-0.0006554332640953362,0.7420663496600648,0.8,0.9999999999999999,4.0
2024-11-01,-0.001674238710813997,0.7408239534514716,0.8,0.9999999999999999,4.0
2024-11-04,0.00021854409167067456,0.7409858561494664,0.8,0.9999999999999999,4.0
2024-11-05,-0.01780511713387437,0.727792516186181,0.8,0.9999999999999999,4.0
2024-11-06,-0.0013188540146596129,0.7268326641043696,0.8,0.9999999999999999,4.0
2024-11-07,-0.008448955241472909,0.7206916874573113,0.8,1.0,2.0
2024-11-08,-0.002920168148203834,0.7185871465469231,0.8,1.0,2.0
2024-11-11,-0.0052729030375026015,0.7147981061991855,0.8,1.0,2.0
2024-11-12,-0.013234748361223707,0.70533793313456,0.8,1.0,2.0
2024-11-13,0.01413048754009134,0.7153047020102716,0.8,1.0,2.0
2024-11-14,0.028090968852882366,0.7353983041147625,0.8,1.0,2.0
2024-11-15,-0.001382062703829839,0.7343819375461857,0.8,1.0,2.0
2024-11-18,-0.0042634225316878225,0.7312509570467868,0.8,1.0,2.0
2024-11-19,0.001407490339445239,0.7322801857045402,0.8,1.0,3.0
2024-11-20,0.003996710251388112,0.7352068974296339,0.8,1.0,3.0
2024-11-21,-0.009587996681076223,0.7281577361371742,0.8,1.0,3.0
2024-11-22,0.001078510986999478,0.7289430622558668,0.8,1.0,3.0
2024-11-25,-0.0035942324755525645,0.726323071428678,0.8,1.0,3.0
2024-11-26,0.0029793292426804206,0.728487026995019,0.8,1.0,3.0
2024-11-27,-0.00235895409805782,0.7267685595373071,0.8,1.0,3.0
2024-11-29,0.0031538642836362735,0.7290606889397016,0.8,1.0,3.0
2024-12-02,-0.007343870130081826,0.7237065619231804,0.8,1.0,3.0
2024-12-03,-0.010718217612467008,0.7159497175049174,0.8,1.0,3.0
2024-12-04,0.006766187359354511,0.7207939674334326,0.8,1.0,3.0
2024-12-05,-0.006052636646334156,0.7164312634516884,0.8,1.0,3.0
2024-12-06,0.00976628564040113,0.7234281358122711,0.8,1.0,3.0
2024-12-09,0.007167211885632551,0.7286130985456657,0.8,1.0,3.0
2024-12-10,0.01062090001612697,0.7363516254157597,0.8,1.0,2.0
2024-12-11,-0.006439464941550715,0.7316099149392411,0.8,1.0,2.0
2024-12-12,-0.005535361642071394,0.7275601894791274,0.8,1.0,3.0
2024-12-13,-0.008504439369660959,0.7213726979599231,0.8,1.0,3.0
2024-12-16,-0.0007027708755182743,0.7208657382374029,0.8,1.0,3.0
2024-12-17,-0.022069045715791942,0.7049569193052935,0.8,1.0,3.0
2024-12-18,-0.017241988474253754,0.6928020602277862,0.8,1.0,3.0
2024-12-19,0.0033921381917382497,0.6951521405555999,0.8,1.0,3.0
2024-12-20,0.0020185238181304227,0.6965553217085358,0.8,1.0,4.0
2024-12-23,0.002297048387771505,0.6981553429872601,0.8,1.0,4.0
2024-12-24,-0.001970714617765352,0.6967794780473642,0.8,1.0,4.0
2024-12-26,-0.0024456106199754295,0.6950754267560706,0.8,1.0,4.0
2024-12-27,-0.0030004148712910452,0.6929899121089628,0.8,1.0,4.0
2024-12-30,0.004098032152979745,0.6958298070504759,0.8,1.0,4.0
2024-12-31,-0.0023772491387314874,0.6941756462409615,0.8,1.0,4.0
2025-01-02,0.0026034616628650468,0.6959829059232444,0.8,1.0,4.0
2025-01-03,-0.006066257914044687,0.6917608941121477,0.8,1.0,4.0
2025-01-06,-0.0033025304132367223,0.6894763327206546,0.8,1.0,4.0
2025-01-07,-0.008584741756636817,0.6835573564569347,0.8,1.0,4.0
2025-01-08,-0.008913527100194852,0.6774644494356182,0.8,1.0,4.0
2025-01-10,0.0006333978310634788,0.6778935539485134,0.8,1.0,4.0
2025-01-13,0.009776374262979738,0.6845208950423755,0.8,1.0,4.0
2025-01-14,-0.0041964859604472,0.6816483127166973,0.8,1.0,4.0
2025-01-15,0.007106133907459215,0.6864921969046558,0.8,1.0,4.0
2025-01-16,-0.0005713079146163048,0.6860999984792417,0.8,1.0,4.0
2025-01-17,-0.010088351483607521,0.6791783805416806,0.8,1.0,4.0
2025-01-21,0.007404695255298539,0.6842074894735789,0.8,1.0,4.0
2025-01-22,-0.0015661558311448674,0.6831359139242269,0.8,1.0,4.0
2025-01-23,-0.007483902660931035,0.6780233912402318,0.8,1.0,4.0
2025-01-24,0.015472334763035939,0.6885139961266695,0.8,1.0,3.0
2025-01-27,-0.013688531282021873,0.6790892507525798,0.8,1.0,3.0
2025-01-28,0.001071023995421065,0.6798165716351683,0.8,1.0,3.0
2025-01-29,0.06056514958661803,0.7209897639877141,0.8,1.0,3.0
2025-01-30,-0.009456713763356134,0.7141715701633726,0.8,1.0,3.0
2025-01-31,-0.0021694555587344014,0.7126222066805916,0.8,1.0,3.0
2025-02-03,0.0035969650885118785,0.71518548387932,0.8,1.0,3.0
2025-02-04,-0.005241047452328252,0.7114371628210922,0.8,1.0,2.0
2025-02-05,-0.0014582696460303695,0.7103996956014922,0.8,0.9999999999999999,4.0
2025-02-06,-0.000809252072352118,0.7098248031756283,0.8,0.9999999999999999,4.0
2025-02-07,0.007369784885500281,0.7150560592814253,0.8,0.9999999999999999,4.0
2025-02-10,0.0031974343199873364,0.7173424040660867,0.8,0.9999999999999999,4.0
2025-02-11,-0.006547829253630945,0.7126453684878729,0.8,0.9999999999999999,4.0
2025-02-12,-0.0002510208751574636,0.712466479623798,0.8,1.0,4.0
2025-02-13,0.0,0.712466479623798,0.8,1.0,4.0
2025-02-14,0.0,0.712466479623798,0.8,1.0,4.0
2025-02-18,0.0,0.712466479623798,0.8,1.0,4.0
2025-02-19,0.0,0.712466479623798,0.8,1.0,4.0
2025-02-20,0.0,0.712466479623798,0.8,1.0,4.0
2025-02-21,0.0,0.712466479623798,0.8,1.0,4.0
2025-02-24,0.0,0.712466479623798,0.8,1.0,4.0
2025-02-25,-0.006846786244459518,0.7075883739314713,0.8,0.9999999999999999,4.0
2025-02-26,0.0007716573490444509,0.708134389700314,0.8,0.9999999999999999,4.0
2025-02-27,0.004360323964625382,0.7112220850498997,0.8,0.9999999999999999,4.0
2025-02-28,-0.0002962958080719743,0.7110113529274912,0.8,0.9999999999999999,4.0
2025-03-03,-0.009679164627863827,0.7041293569902258,0.8,0.9999999999999999,4.0
2025-03-04,-0.0022527564965698892,0.7025431250068406,0.8,0.9999999999999999,4.0
2025-03-05,-0.002994004368072537,0.7004397078218108,0.8,0.9999999999999999,4.0
2025-03-06,0.004249143091082086,0.7034159763670214,0.8,0.9999999999999999,4.0
2025-03-07,-0.005846352470624317,0.6993035586357114,0.8,0.9999999999999999,4.0
2025-03-10,-0.00213991339113119,0.6978071095861211,0.8,0.9999999999999999,4.0
2025-03-11,-0.0042320454232394845,0.6948539582016932,0.8,0.9999999999999999,4.0
2025-03-12,-0.003758924093713785,0.6922420549165964,0.8,0.9999999999999999,4.0
2025-03-13,0.006529050948082079,0.6967617385615519,0.8,0.9999999999999999,4.0
2025-03-14,0.004284061157404639,0.6997467084616892,0.8,0.9999999999999999,4.0
2025-03-17,0.0013199865035599856,0.7006703646727691,0.8,0.9999999999999999,4.0
2025-03-18,0.0011276011325527524,0.7014604413695202,0.8,0.9999999999999999,4.0
2025-03-19,-0.0004853358615217496,0.7011199974618847,0.8,0.9999999999999999,4.0
2025-03-20,-0.002840777160166296,0.6991282717865591,0.8,0.9999999999999999,4.0
2025-03-21,0.006768929941234569,0.7038606220782188,0.8,0.9999999999999999,4.0
2025-03-24,-0.004298457997530346,0.7008351067580999,0.8,0.9999999999999999,4.0
2025-03-25,0.0008389430632790631,0.7014230675094171,0.8,0.9999999999999999,4.0
2025-03-26,0.001673101022613306,0.7025966191609516,0.8,0.9999999999999999,4.0
2025-03-27,-0.005043601755230094,0.6990530016193327,0.8,0.9999999999999999,4.0
2025-03-28,0.008290106321951672,0.7048482253274364,0.8,0.9999999999999999,4.0
2025-03-31,-0.0019061431669393082,0.7035046836989992,0.8,0.9999999999999999,4.0
2025-04-01,0.0025144157208841496,0.7052735869354075,0.8,0.9999999999999999,4.0
2025-04-02,-0.01892179022907965,0.6919285480693051,0.8,0.9999999999999999,4.0
2025-04-03,-0.006521429086744992,0.6874161851099767,0.8,0.9999999999999999,4.0
2025-04-04,-0.0014317031137020101,0.6864320092173456,0.8,0.9999999999999999,4.0
2025-04-07,-0.00459129676998889,0.683280396150609,0.8,1.0,3.0
2025-04-08,0.019222422555355778,0.6964147006492069,0.8,1.0,3.0
2025-04-09,-0.0004984602894347861,0.6960675655759546,0.8,1.0,3.0
2025-04-10,0.005229383686218649,0.6997075699478835,0.8,1.0,3.0
2025-04-11,0.004161048787877936,0.7026190872836843,0.8,1.0,3.0
2025-04-14,-0.002056341083776442,0.7011742627882573,0.8,1.0,3.0
2025-04-15,-0.0038926411505264217,0.6984448429992377,0.8,1.0,3.0
2025-04-16,0.009732018416022906,0.7052421210738826,0.8,1.0,3.0
2025-04-17,-0.004543957615357055,0.7020375307671584,0.8,1.0,3.0
2025-04-21,-0.0008826308680190843,0.7014178907719953,0.8,1.0,3.0
2025-04-22,0.003146942570835186,0.7036252125924112,0.8,1.0,2.0
2025-04-23,0.018471256849479097,0.716622054619975,0.8,1.0,2.0
2025-04-24,-0.005510257297474971,0.7126732827139737,0.8,1.0,2.0
2025-04-25,0.0010050899104286637,0.7133895834398615,0.8,1.0,2.0
2025-04-28,0.0010448857391105865,0.7141349940420278,0.8,1.0,2.0
2025-04-29,-0.027856943873430573,0.6942413755949464,0.8,1.0,2.0
2025-04-30,-0.0031090765116398734,0.6920829260406756,0.8,1.0,2.0
2025-05-01,-0.0004932560329258631,0.6917415519621211,0.8,1.0,2.0
2025-05-02,-0.0009815951675255547,0.6910625417975383,0.8,1.0,2.0
2025-05-05,0.005907669767189367,0.6951451110829527,0.8,1.0,2.0
2025-05-06,0.00529152643760405,0.6988234898162194,0.8,1.0,2.0
2025-05-07,-0.007722678309786931,0.6934267008090461,0.8,1.0,2.0
2025-05-08,0.006156644362815678,0.6976958823976079,0.8,1.0,2.0
2025-05-09,-0.006805095074591748,0.6929479955847411,0.8,1.0,2.0
2025-05-12,-0.008479278286919963,0.6870722966918147,0.8,1.0,2.0
2025-05-13,0.012248918916492171,0.6954881895437608,0.8,1.0,2.0
2025-05-14,0.003331101096966226,0.6978049310148772,0.8,1.0,2.0
2025-05-15,0.006224562633674231,0.7021484615140661,0.8,1.0,3.0
2025-05-16,0.005587979334607161,0.7060720526068329,0.8,1.0,3.0
2025-05-19,0.00521818783454418,0.7097564692020575,0.8,1.0,3.0
2025-05-20,-0.002303609385275251,0.7081214675383438,0.8,1.0,3.0
2025-05-21,-0.004170611539478308,0.7051681679744761,0.8,1.0,3.0
2025-05-22,-0.0016673198148937757,0.70399242711518,0.8,1.0,3.0
2025-05-23,-0.006829242856441587,0.6991846918613146,0.8,1.0,3.0
2025-05-27,-0.009900583584017578,0.692262355378876,0.8,1.0,3.0
2025-05-28,-0.0020686304677475396,0.6908303203788646,0.8,1.0,4.0
2025-05-29,0.007852509538998912,0.6962550720594693,0.8,1.0,4.0
2025-05-30,-0.0016511409007437308,0.6951054568326417,0.8,1.0,4.0
2025-06-02,-0.0013344724554299411,0.6941778577468795,0.8,1.0,4.0
2025-06-03,-0.009205484137719473,0.6877876144886345,0.8,1.0,4.0
2025-06-04,-0.0004188144250760425,0.6874995591142979,0.8,1.0,4.0
2025-06-05,0.0018964947834249563,0.6888033984417652,0.8,1.0,4.0
2025-06-06,0.0016720881814912174,0.6899551384636706,0.8,1.0,4.0
2025-06-09,0.003620427825319413,0.6924530712451865,0.8,1.0,4.0
2025-06-10,0.004689050526503343,0.6957000186834876,0.8,1.0,4.0
2025-06-11,-0.003364521807345055,0.6933593207992567,0.8,1.0,4.0
2025-06-12,0.010154875759930411,0.7004002985589628,0.8,1.0,4.0
2025-06-13,-0.012429054708784984,0.6916949849301242,0.8,1.0,4.0
2025-06-16,0.0036651518475590934,0.694230152082088,0.8,1.0,4.0
2025-06-17,0.0005940833374307963,0.694642582647782,0.8,1.0,4.0
2025-06-18,-0.0035903974256870645,0.6921485397072707,0.8,1.0,3.0
2025-06-20,0.00954173618525244,0.6987528384741651,0.8,1.0,3.0
2025-06-23,0.0024890527679263053,0.7004920711608655,0.8,1.0,3.0
2025-06-24,0.008514744602248603,0.7064565822427005,0.8,1.0,3.0
2025-06-25,-0.00025694074520928294,0.706275064762001,0.8,1.0,3.0
2025-06-26,0.0074529488822804,0.7115388967165014,0.8,1.0,2.0
2025-06-27,0.005109570295092751,0.7151745547269671,0.8,1.0,2.0
2025-06-30,-0.014163265940264028,0.7050453473146592,0.8,1.0,2.0
2025-07-01,0.003147177573288376,0.7072642502198792,0.8,0.9999999999999999,4.0
2025-07-02,-0.0025770374810808227,0.705441603738034,0.8,0.9999999999999999,4.0
2025-07-03,0.004132798734442092,0.7083570519051854,0.8,0.9999999999999999,4.0
2025-07-07,-0.0007440260366955442,0.707830015815291,0.8,0.9999999999999999,4.0
2025-07-08,0.002538573436492222,0.7096268942909916,0.8,0.9999999999999999,4.0
2025-07-09,-0.006146895405872375,0.7052648919945909,0.8,0.9999999999999999,4.0
2025-07-10,-0.011028709901429215,0.6974867300971197,0.8,0.9999999999999999,4.0
2025-07-11,0.005213521855797425,0.7011230924086097,0.8,0.9999999999999999,4.0
2025-07-14,0.003885721881526322,0.7038474617504252,0.8,0.9999999999999999,4.0
2025-07-15,-1.259692909287355e-06,0.7038465751187685,0.8,0.9999999999999999,4.0
2025-07-16,0.0,0.7038465751187685,1.0,0.9999999999999999,6.0
2025-07-17,0.0,0.7038465751187685,1.0,0.9999999999999999,6.0
2025-07-18,0.0,0.7038465751187685,1.0,0.9999999999999999,6.0
2025-07-21,0.0,0.7038465751187685,1.0,0.9999999999999999,6.0
2025-07-22,0.0,0.7038465751187685,1.0,0.9999999999999999,6.0
2025-07-23,0.0,0.7038465751187685,1.0,0.9999999999999999,6.0
2025-07-24,0.0,0.7038465751187685,1.0,0.9999999999999999,6.0
2025-07-25,0.0,0.7038465751187685,1.0,0.9999999999999999,6.0
2025-07-28,0.0,0.7038465751187685,1.0,0.9999999999999999,6.0
2025-07-29,0.0,0.7038465751187685,1.0,0.9999999999999999,6.0
2025-07-30,0.0,0.7038465751187685,1.0,0.9999999999999999,6.0
2025-07-31,0.0,0.7038465751187685,1.0,0.9999999999999999,6.0
2025-08-01,0.0,0.7038465751187685,1.0,0.9999999999999999,6.0
2025-08-04,0.0,0.7038465751187685,1.0,0.9999999999999999,6.0
2025-08-05,0.0,0.7038465751187685,1.0,0.9999999999999999,6.0
2025-08-06,0.0,0.7038465751187685,1.0,0.9999999999999999,6.0
2025-08-07,0.0,0.7038465751187685,1.0,0.9999999999999999,6.0
2025-08-08,0.0,0.7038465751187685,1.0,0.9999999999999999,6.0
2025-08-11,0.0,0.7038465751187685,1.0,0.9999999999999999,6.0
2025-08-12,0.0,0.7038465751187685,1.0,0.9999999999999999,6.0
2025-08-13,0.0,0.7038465751187685,1.0,0.9999999999999999,6.0
2025-08-14,0.0,0.7038465751187685,1.0,0.9999999999999999,6.0
2025-08-15,0.0,0.7038465751187685,1.0,0.9999999999999999,6.0
2025-08-18,0.0,0.7038465751187685,1.0,0.9999999999999999,6.0
2025-08-19,0.0,0.7038465751187685,1.0,0.9999999999999999,6.0
2025-08-20,0.0,0.7038465751187685,1.0,0.9999999999999999,6.0
2025-08-21,0.0,0.7038465751187685,1.0,0.9999999999999999,6.0
2025-08-22,0.0,0.7038465751187685,1.0,0.9999999999999999,6.0
2025-08-25,0.0,0.7038465751187685,1.0,0.9999999999999999,6.0
2025-08-26,0.0,0.7038465751187685,1.0,0.9999999999999999,6.0
2025-08-27,0.0,0.7038465751187685,1.0,0.9999999999999999,6.0
2025-08-28,0.0,0.7038465751187685,1.0,0.9999999999999999,6.0
2025-08-29,0.0,0.7038465751187685,1.0,0.9999999999999999,6.0
2025-09-02,0.0,0.7038465751187685,1.0,0.9999999999999999,6.0
2025-09-03,0.0,0.7038465751187685,1.0,0.9999999999999999,6.0
2025-09-04,0.0,0.7038465751187685,1.0,0.9999999999999999,6.0
2025-09-05,0.0,0.7038465751187685,1.0,0.9999999999999999,6.0
2025-09-08,0.0,0.7038465751187685,1.0,0.9999999999999999,6.0
2025-09-09,0.0,0.7038465751187685,1.0,0.9999999999999999,6.0
2025-09-10,0.0,0.7038465751187685,1.0,0.9999999999999999,6.0
2025-09-11,0.0,0.7038465751187685,1.0,0.9999999999999999,6.0
2025-09-12,0.0,0.7038465751187685,1.0,0.9999999999999999,6.0
2025-09-15,0.0,0.7038465751187685,1.0,0.9999999999999999,6.0
2025-09-16,0.0,0.7038465751187685,1.0,0.9999999999999999,6.0
2025-09-17,0.0,0.7038465751187685,1.0,0.9999999999999999,6.0
2025-09-18,0.0,0.7038465751187685,1.0,0.9999999999999999,6.0
2025-09-19,0.0,0.7038465751187685,1.0,0.9999999999999999,6.0
2025-09-22,0.0,0.7038465751187685,1.0,0.9999999999999999,6.0
2025-09-23,0.0,0.7038465751187685,1.0,0.9999999999999999,6.0
2025-09-24,0.0,0.7038465751187685,1.0,0.9999999999999999,6.0
2025-09-25,0.0,0.7038465751187685,1.0,0.9999999999999999,6.0
2025-09-26,0.0,0.7038465751187685,1.0,0.9999999999999999,6.0
2025-09-29,0.0,0.7038465751187685,1.0,0.9999999999999999,6.0
2025-09-30,0.0,0.7038465751187685,1.0,0.9999999999999999,6.0
2025-10-01,0.0,0.7038465751187685,1.0,0.9999999999999999,6.0
2025-10-02,0.0,0.7038465751187685,1.0,0.9999999999999999,6.0
2025-10-03,0.0,0.7038465751187685,1.0,0.9999999999999999,6.0
2025-10-06,0.0,0.7038465751187685,1.0,0.9999999999999999,6.0
2025-10-07,0.0,0.7038465751187685,1.0,0.9999999999999999,6.0
2025-10-08,0.0,0.7038465751187685,1.0,0.9999999999999999,6.0
2025-10-09,0.0,0.7038465751187685,1.0,0.9999999999999999,6.0
2025-10-10,-0.002680917026199972,0.7019596208517,1.0,0.9999999999999999,6.0
2025-10-13,-0.012866933726631051,0.6929275529314302,1.0,1.0,2.0
2025-10-14,-0.015409921773190442,0.6822495935462686,1.0,1.0,2.0
2025-10-15,-0.0013108827242577954,0.6813552443404568,1.0,1.0,2.0
2025-10-16,0.01594004278591296,0.6922160760876498,1.0,1.0,3.0
2025-10-17,-0.0020688286936571634,0.6907839996072288,1.0,1.0,3.0
2025-10-20,-0.0002727415197044036,0.6905955941293884,1.0,1.0,3.0
2025-10-21,0.012529650559132379,0.699248515601506,1.0,1.0,3.0
2025-10-22,-0.014089608641670644,0.6893963776734117,1.0,1.0,3.0
2025-10-23,-0.00866580875687546,0.6834222005068111,1.0,1.0,3.0
2025-10-24,-0.0020212836068852426,0.6820408104163452,1.0,1.0,3.0
2025-10-27,0.009760700370207796,0.6886980064070729,1.0,1.0,3.0
2025-10-28,-0.05057920988618365,0.6538642053928133,1.0,1.0,3.0
2025-10-29,-0.012452891568316663,0.645721705342653,1.0,1.0,3.0
2025-10-30,-0.0017009385382044293,0.6446233724090806,1.0,1.0,2.0
2025-10-31,-0.02206749183452703,0.630398151402098,1.0,1.0,2.0
2025-11-03,0.028328678771811198,0.6482564981315115,1.0,1.0,2.0
2025-11-04,-0.023773764432334983,0.6328450008532025,1.0,1.0,2.0
2025-11-05,-0.05345960687444617,0.5990133558951317,1.0,1.0,2.0
2025-11-06,0.0035057195537136774,0.6011133287298289,1.0,1.0,2.0
2025-11-07,-0.02029630923437336,0.5889129467250248,1.0,1.0,2.0
2025-11-10,0.03195429805576407,0.6077312465535746,1.0,1.0,2.0
2025-11-11,-0.012264675923140782,0.6002776197662286,1.0,1.0,2.0
2025-11-12,0.027057856065790645,0.6165198452013786,1.0,1.0,2.0
2025-11-13,0.022677646536852898,0.6305010643338108,1.0,1.0,2.0
2025-11-14,-0.009157224768289342,0.6247274243710604,1.0,1.0,3.0
2025-11-17,0.003579151203755953,0.6269634182840175,1.0,1.0,4.0
2025-11-18,0.008198806299106916,0.6321037699071541,1.0,1.0,4.0
2025-11-19,0.001574471316922157,0.6330989991621913,1.0,1.0,3.0
2025-11-20,-0.014809784326051309,0.6237229395275603,1.0,1.0,3.0
2025-11-21,-0.011829532382930462,0.6163445888164424,1.0,1.0,3.0
2025-11-24,-0.00834116375074972,0.611203557674236,1.0,1.0,3.0
2025-11-25,-0.006423715768848307,0.6072773597428278,1.0,1.0,3.0
2025-11-26,0.007622932475691459,0.6119065940501637,1.0,1.0,3.0
2025-11-28,0.0013557664417106544,0.6127361964758384,1.0,1.0,3.0
2025-12-01,0.004067767740587434,0.615228665009353,1.0,1.0,3.0
2025-12-02,-0.003698718624479815,0.6129531072877691,1.0,1.0,3.0
2025-12-03,-0.005598419609712187,0.6095215385920952,1.0,0.9999999999999999,6.0
2025-12-04,0.0029353247965609127,0.6113106822783626,1.0,0.9999999999999999,6.0
2025-12-05,0.0023290645811332236,0.6127344643365255,1.0,1.0,2.0
2025-12-08,0.012692214622744766,0.6205114216646372,1.0,1.0,2.0
2025-12-09,-0.04914138086955502,0.5900186335587063,1.0,1.0,2.0
2025-12-10,-0.0057904372272198565,0.5866021676981946,1.0,1.0,2.0
2025-12-11,0.019083035494128108,0.5977963176853117,1.0,1.0,2.0
2025-12-12,-0.005768150199325508,0.5943481387362991,1.0,1.0,2.0
2025-12-15,0.002771242661790439,0.595995221654321,1.0,1.0,2.0
2025-12-16,0.03649462816958779,0.6177458456594463,1.0,1.0,2.0
2025-12-17,-0.0006015214041530659,0.6173742583109556,1.0,1.0,2.0
2025-12-18,-0.0225266297167144,0.6034668969973536,1.0,1.0,2.0
2025-12-19,-0.014990295191589866,0.5944207500730104,1.0,1.0,2.0
2025-12-22,0.006377793242199307,0.5982118427158492,1.0,1.0,2.0
2025-12-23,0.002953543227636653,0.5999786872525946,1.0,1.0,2.0
2025-12-24,-0.004916402458394566,0.5970289505596016,1.0,1.0,2.0
2025-12-26,0.005859545971225983,0.6005272691415584,1.0,1.0,2.0
2025-12-29,0.0016423745690449135,0.6015135598564144,1.0,1.0,2.0
2025-12-30,0.006121440409324965,0.6051956892684764,1.0,1.0,2.0
2025-12-31,-0.009597464705557186,0.5993873450007668,1.0,1.0,2.0
2026-01-02,-0.005506059683758539,0.5960870825055031,1.0,0.9999999999999999,6.0
2026-01-05,0.005985947351537174,0.5996552283983124,1.0,0.9999999999999999,6.0
2026-01-06,-0.00912603392040081,0.5941827544434037,1.0,0.9999999999999999,6.0
2026-01-07,0.0065006380615017555,0.5980453214724265,1.0,0.9999999999999999,6.0
2026-01-08,-0.0030668948638334506,0.5962111793476631,1.0,0.9999999999999999,6.0
2026-01-09,-0.00032273087207663977,0.5960187635938103,1.0,0.9999999999999999,6.0
2026-01-12,0.004187723378015621,0.5985147253038481,1.0,0.9999999999999999,6.0
2026-01-13,0.007162534457936259,0.6028016076474192,1.0,0.9999999999999999,6.0
2026-01-14,0.001330718338420237,0.6036037668011448,1.0,0.9999999999999999,6.0
2026-01-15,0.001788312303017756,0.6046831988434632,1.0,0.9999999999999999,6.0
2026-01-16,0.0020614871384977314,0.6059297454807446,1.0,0.9999999999999999,6.0
2026-01-20,-0.002760394149989275,0.6042571405560151,1.0,1.0,2.0
2026-01-21,-0.005945447289197304,0.6006645615777182,1.0,1.0,2.0
2026-01-22,-0.005555377340751381,0.597327643282937,1.0,1.0,2.0
2026-01-23,0.013209674820451147,0.605218147211971,1.0,1.0,2.0
2026-01-26,0.0062537620656659566,0.6090030375024579,1.0,1.0,2.0
2026-01-27,0.007691954192055491,0.6136874609697495,1.0,1.0,2.0
2026-01-28,0.006521772544205414,0.6176897910034251,1.0,1.0,2.0
2026-01-29,0.002345653398751372,0.6191386771610663,1.0,0.9999999999999999,6.0
2026-01-30,-0.011246764459394829,0.6121753702913345,1.0,0.9999999999999999,6.0
2026-02-02,-0.007937266155039166,0.6073163714437725,1.0,1.0,2.0
2026-02-03,-0.009209989611121832,0.6017229939721112,1.0,1.0,2.0
2026-02-04,0.0028881571145060497,0.6034608645181136,1.0,1.0,2.0
2026-02-05,-0.009866096325073041,0.597507061500366,1.0,0.9999999999999999,6.0
2026-02-06,0.02435395802078719,0.6120587233932698,1.0,1.0,6.0
2026-02-09,-0.00017483238374573705,0.6119517157076666,1.0,0.9999999999999999,6.0
2026-02-10,0.0,0.6119517157076666,1.0,0.9999999999999999,6.0
2026-02-11,0.0,0.6119517157076666,1.0,0.9999999999999999,6.0
2026-02-12,0.0,0.6119517157076666,1.0,0.9999999999999999,6.0
2026-02-13,0.004433560483817071,0.6146648406524321,1.0,1.0,2.0
2026-02-17,0.033700591964597064,0.6353794096422437,1.0,1.0,3.0
2026-02-18,-0.006028633352062921,0.6315489401420604,1.0,1.0,3.0
2026-02-19,0.003442104546169463,0.6337227976200519,1.0,1.0,3.0
2026-02-20,-0.011695140598468151,0.6263113204014309,1.0,1.0,3.0
2026-02-23,-0.032378634471957324,0.606032215092504,1.0,1.0,2.0
2026-02-24,0.03480472240895355,0.6271249981096819,1.0,1.0,2.0
2026-02-25,0.03303337274270514,0.6478410519285074,1.0,1.0,2.0
2026-02-26,-0.017244057376934865,0.6366696436579183,1.0,1.0,2.0
2026-02-27,0.02315132049278003,0.6514093866262669,1.0,1.0,2.0
2026-03-02,0.01732110145030031,0.6626925146976984,1.0,1.0,3.0
2026-03-03,-0.029555465977450467,0.6431063286260394,1.0,1.0,2.0
2026-03-04,0.02836575182560814,0.6613485231413238,1.0,1.0,2.0
2026-03-05,0.016343415820447082,0.6721572170572611,1.0,1.0,2.0
2026-03-06,0.0169258451578245,0.6835340460348864,1.0,1.0,2.0
2026-03-09,-0.00017334883001854492,0.6834155562077284,1.0,1.0,6.0
2026-03-10,0.005824699967503914,0.6873962467757633,1.0,1.0,6.0
2026-03-11,7.466407161812315e-05,0.6874475705783625,1.0,1.0,6.0
2026-03-12,-0.00015819819255385065,0.6873388176152215,1.0,0.9999999999999999,6.0
2026-03-13,0.007203217415051815,0.6922898685563086,1.0,0.9999999999999999,6.0
2026-03-16,0.0027865570335141366,0.6942189737587647,1.0,0.9999999999999999,6.0
2026-03-17,-0.008839539418862395,0.688082397774902,1.0,0.9999999999999999,6.0
2026-03-18,-0.003968861538654452,0.685351494010948,1.0,0.9999999999999999,6.0
2026-03-19,-0.011487159647841461,0.6774787519843576,1.0,1.0,2.0
2026-03-20,0.034519526473021,0.7008649976983908,1.0,1.0,2.0
2026-03-23,0.01812687008041416,0.7135694864555794,1.0,1.0,2.0
2026-03-24,-0.005592887860417799,0.7095785723372174,1.0,1.0,2.0
2026-03-25,-0.03609495831437776,0.6839663633479298,1.0,1.0,2.0
2026-03-26,-0.019345474544653275,0.6707347094763834,1.0,1.0,2.0
2026-03-27,-0.009707849912938321,0.6642233175853883,1.0,1.0,2.0
2026-03-30,0.033875771202827656,0.6867243947194941,1.0,1.0,2.0
2026-03-31,-0.0009097175012171637,0.6860996695191051,1.0,1.0,3.0
2026-04-01,-0.011930578620111395,0.6779141034706749,1.0,1.0,3.0
2026-04-02,-0.0006943175078821135,0.6774434158397951,1.0,1.0,3.0
2026-04-06,-0.002560866757824515,0.6757085735158639,1.0,1.0,3.0
2026-04-07,0.05052227530111824,0.7098469080903583,1.0,1.0,3.0
2026-04-08,0.014404334892417962,0.7200717806768392,1.0,1.0,3.0
2026-04-09,-0.001101616335013457,0.7192785378408634,1.0,1.0,3.0
2026-04-10,0.015413965435021864,0.7303654723612955,1.0,1.0,2.0
2026-04-13,-0.0004995017635122879,0.7300006535198424,1.0,1.0,2.0
2026-04-14,0.004687574360678163,0.7334225858665604,1.0,1.0,2.0
2026-04-15,-0.0025196308279177345,0.7315746317093199,1.0,1.0,2.0
2026-04-16,0.0032539316884882524,0.733955125585933,1.0,1.0,2.0
2026-04-17,0.007585957428039581,0.7395228779227194,1.0,1.0,2.0
2026-04-20,-0.0021414731911533966,0.7379392095054033,1.0,1.0,2.0
2026-04-21,0.0046632351271802645,0.7413803935488925,1.0,1.0,2.0
2026-04-22,-0.008062612596555186,0.7354029306490262,1.0,1.0,6.0
2026-04-23,0.01202904604285272,0.7442491263618521,1.0,1.0,2.0
2026-04-24,-0.0029610731616343854,0.7420453502482122,1.0,1.0,2.0
2026-04-27,-0.0031784785820324524,0.7396867749955515,1.0,1.0,6.0
2026-04-28,0.0015300677759589344,0.7408185458942751,1.0,1.0,6.0
2026-04-29,-0.01094328984303863,0.7327115538254556,1.0,1.0,6.0
2026-04-30,0.00042907691318219655,0.733025943437224,1.0,1.0,6.0
2026-05-01,0.004153740227457581,0.7360707427862493,1.0,1.0,6.0
2026-05-04,-0.0009166124906829278,0.7353960511493851,1.0,1.0,6.0
2026-05-05,0.01272040859400224,0.7447505893984211,1.0,1.0,6.0
2026-05-06,-0.0003288754673274515,0.7445056592002903,1.0,1.0,6.0
2026-05-07,0.005072193447172553,0.7482819359262689,1.0,1.0,2.0
2026-05-08,-0.027945592270501352,0.727370754041492,1.0,1.0,2.0
2026-05-11,-0.009562965181012345,0.7204149328469065,1.0,1.0,2.0
2026-05-12,-0.0025316346382464206,0.7185911054490013,1.0,1.0,2.0
2026-05-13,-0.011223623612211922,0.7105259093503584,1.0,1.0,2.0
2026-05-14,0.045874837217004506,0.7431211697802703,1.0,1.0,2.0
2026-05-15,0.0096237103742974,0.7502727526912447,1.0,1.0,2.0
2026-05-18,0.013147521292308725,0.7601369796822919,1.0,1.0,2.0
2026-05-19,0.008410839418890644,0.7665303697547602,1.0,1.0,6.0
2026-05-20,0.01855996388962247,0.7807571457377076,1.0,1.0,2.0
2026-05-21,-0.011713641560095092,0.7716116363870531,1.0,1.0,2.0
2026-05-22,0.004865931024532948,0.7753662453874395,1.0,1.0,6.0
2026-05-26,-0.003365807108292374,0.7727565121671844,1.0,1.0,6.0
2026-05-27,0.011677645712616203,0.7817804889383898,1.0,1.0,6.0
2026-05-28,0.004905137893402626,0.7856152300390044,1.0,1.0,6.0
2026-05-29,-0.00014740901460819073,0.7854994232720831,1.0,0.9999999999999999,6.0
2026-06-01,0.0,0.7854994232720831,1.0,0.9999999999999999,6.0
2026-06-02,0.0,0.7854994232720831,1.0,0.9999999999999999,6.0
2026-06-03,0.0,0.7854994232720831,1.0,0.9999999999999999,6.0
2026-06-04,0.0,0.7854994232720831,1.0,0.9999999999999999,6.0
2026-06-05,0.0,0.7854994232720831,1.0,0.9999999999999999,6.0
2026-06-08,-0.0025868141333259542,0.7834674822622435,1.0,0.9999999999999999,6.0
2026-06-09,-0.03683393195216315,0.7546092943338635,1.0,0.9999999999999999,6.0
2026-06-10,0.03990143080706468,0.7847192848780941,1.0,0.9999999999999999,6.0
2026-06-11,0.012856442280254959,0.7948079830703323,1.0,1.0,2.0
2026-06-12,0.029234395040120115,0.8180437136284515,1.0,1.0,2.0
2026-06-15,0.012325258007829902,0.8281263134606055,1.0,1.0,2.0
2026-06-16,0.005298297554919704,0.8325139730823784,1.0,1.0,6.0
2026-06-17,-0.0016367116495144146,0.8311513877642509,1.0,1.0,6.0
2026-06-18,-0.001772883743544694,0.829677852980459,1.0,1.0,6.0
2026-06-22,-0.02870204239481584,0.8058644040701741,1.0,1.0,6.0
2026-06-23,-0.00018956164604627261,0.8057116430872485,1.0,0.9999999999999999,6.0
2026-06-24,0.007050126202422129,0.8113920118537745,1.0,1.0,6.0
2026-06-25,-0.03972561544963555,0.7791589648119653,1.0,1.0,2.0
2026-06-26,-0.010210439247563697,0.7712034095375582,1.0,1.0,3.0
2026-06-29,0.004018166081767904,0.7743022329199059,1.0,1.0,3.0
2026-06-30,-0.004325860661975227,0.770952709350038,1.0,0.9999999999999999,4.0
2026-07-01,-0.014372908883258458,0.7598718763052487,1.0,0.9999999999999999,4.0
2026-07-02,0.03887577343819113,0.7894124832105447,1.0,0.9999999999999999,4.0
2026-07-06,-0.008121871845282553,0.7830009761888423,1.0,0.9999999999999999,4.0
2026-07-07,-0.006403185909784765,0.7779872753707623,1.0,0.9999999999999999,4.0
2026-07-08,0.008865630973377534,0.7848846234561828,1.0,0.9999999999999999,4.0
2026-07-09,0.019322497738563482,0.8000505548179482,1.0,0.9999999999999999,4.0
2026-07-10,-0.007971182894368812,0.793673205520753,1.0,1.0,5.0
2026-07-13,0.01359828631545902,0.8044658010103325,1.0,1.0,5.0
2026-07-14,0.0020051621736981657,0.8060788854045521,1.0,1.0,5.0
2026-07-15,-0.0004967356910316697,0.8056784772523846,1.0,1.0,4.0
2026-07-16,-0.0005460639754321559,0.8052385252601761,1.0,1.0,4.0
2026-07-17,0.008125616306135515,0.8117815845513588,1.0,1.0,4.0
2026-07-20,0.00594410813456977,0.8166069020715845,1.0,1.0,4.0
2026-07-21,0.004351862148168779,0.8201606627386432,1.0,1.0,4.0
2026-07-22,-0.049942939891528704,0.7791994280580907,1.0,1.0,4.0
2026-07-23,0.035578652285769605,0.80692229357024,1.0,1.0,4.0
2026-07-24,-0.01768820674911219,0.7926492852111018,1.0,1.0,4.0
2026-07-27,0.0017675955807804986,0.7940503685847498,1.0,0.9999999999999999,3.0
2026-07-28,-0.05801669104957182,0.7479821936727696,1.0,1.0,2.0
2026-07-29,0.0013998046798248572,0.7490292226478985,1.0,1.0,2.0
2026-07-30,0.00838783041557866,0.7553119527437818,1.0,1.0,3.0
2026-07-31,0.03924100200704909,0.7849511505973487,1.0,1.0,2.0
2026-08-03,-0.01769534201599025,0.7710611715216835,1.0,1.0,3.0
2026-08-04,-0.005782979643239675,0.7666021404630811,1.0,1.0,3.0
2026-08-05,0.022386639390335798,0.7837637861374877,1.0,1.0,3.0
2026-08-06,-0.015559403563513083,0.7715688890905076,1.0,1.0,3.0
2026-08-07,-0.012457289564852404,0.7619572320198756,1.0,1.0,3.0
2026-08-10,0.0021254286989458642,0.76357671778818,1.0,1.0,3.0
2026-08-11,0.008096486545743162,0.7697590064103947,1.0,1.0,4.0
2026-08-12,0.017196874409004786,0.7829964553688346,1.0,1.0,5.0
2026-08-13,0.0026454291836816623,0.7850678170425867,1.0,1.0,5.0
2026-08-14,-0.00012935829174247804,0.784966262010872,1.0,1.0,5.0
2026-08-17,-0.003376086980937723,0.7823161476332218,1.0,1.0,5.0
2026-08-18,-0.016725931364917283,0.769231181442242,1.0,1.0,5.0
2026-08-19,-0.009907739051771053,0.7616098396260268,1.0,1.0,5.0
2026-08-20,-0.01344039160209544,0.7513735051334439,1.0,1.0,5.0
2026-08-21,-0.003444426526883712,0.7487854543007647,1.0,1.0,5.0
2026-08-24,-0.008664111729572774,0.742297893463224,1.0,1.0,5.0
2026-08-25,0.007785273212020227,0.7480768853685422,1.0,1.0,5.0
2026-08-26,-0.010186332921882528,0.7404567251630133,1.0,1.0,5.0
2026-08-27,0.0026896780908958863,0.7424483153939407,1.0,1.0,5.0
2026-08-28,-0.0003514481076997167,0.7421873833384307,1.0,1.0,5.0
2026-08-31,-0.0002924980655940509,0.7419702949644958,1.0,1.0,5.0
2026-09-01,0.013041987448600557,0.7516470622386572,1.0,1.0,5.0
2026-09-02,-9.105355493794478e-05,0.7515786221015817,1.0,1.0,4.0
2026-09-03,-0.011231644921813175,0.743137157887311,1.0,1.0,4.0
2026-09-04,0.005468970519511946,0.7472013530957506,1.0,1.0,4.0
2026-09-08,-0.023677335425500472,0.7295096160281148,1.0,1.0,4.0
2026-09-09,-0.01096380636977551,0.7215114138530933,1.0,1.0,4.0
2026-09-10,0.016841196121970936,0.7336625290780338,1.0,1.0,4.0
2026-09-11,-0.004568578576004864,0.7303107341656703,1.0,1.0,4.0
2026-09-14,-0.017170505485230685,0.7177709296987558,1.0,1.0,4.0
2026-09-15,-2.321293841297979e-05,0.71775426812637,1.0,1.0,3.0
