Ticker A,Ticker B,available_folds,valid_test_folds,positive_folds,positive_fold_fraction,sufficient_trade_folds,positive_sufficient_folds,positive_sufficient_fold_fraction,mean_test_sharpe,median_test_sharpe,worst_test_sharpe,mean_test_return,worst_test_drawdown,mean_cost_pct,median_cost_pct,mean_completed_trades,median_completed_trades,total_completed_trades,continuous_oos,oos_start,oos_end,walk_forward_sharpe,walk_forward_sortino,walk_forward_return,walk_forward_cagr,walk_forward_max_drawdown,walk_forward_vol,walk_forward_max_drawdown_days,evidence_class,robust_candidate,hedge_mode,zscore_mode
MDLZ,SO,5,5,4,0.8,5,4,0.8,0.49060875971483087,0.31839340011699,-0.029726600022195515,0.0590112840688782,-0.12371277910998257,0.5954286915646405,0.16255993578171665,3.4,3.0,17,True,2020-11-04,2026-09-15,0.4804738952147324,0.28174318659544834,0.3006165799004279,0.04586016775773949,-0.13975848987430872,0.10520179267469634,446,watchlist,False,rolling,rolling
KBH,LMT,5,5,5,1.0,5,5,1.0,0.44125214718121963,0.22724470139896955,0.03549732502393968,0.07037522781404423,-0.22122223696831755,0.25652256406397056,0.13025039351381917,4.8,5.0,24,True,2020-11-04,2026-09-15,0.38293394264196273,0.2528334100287935,0.32270577803616285,0.04886928946138824,-0.23141177312010486,0.1574177943133691,1325,watchlist,False,rolling,rolling
ED,NOC,5,5,3,0.6,5,3,0.6,0.21796198941750133,0.5774283180695722,-0.6628084395625828,0.030446104629014824,-0.19513905377050822,0.1319993498125808,0.11743081809486798,4.4,4.0,22,True,2020-11-04,2026-09-15,0.21586963602430626,0.1318666316743678,0.11581635742058105,0.01887103580860061,-0.2876043818228293,0.12080865483789455,1287,watchlist,False,rolling,rolling
CZR,UNH,5,5,3,0.6,3,1,0.3333333333333333,0.16410384440904133,0.3049817107663256,-0.9450141129203661,0.040677038295177104,-0.2523610325598128,0.0412561920098099,0.0423194399940396,2.4,2.0,12,True,2020-11-04,2026-09-15,0.20019253087237354,0.10576112024734509,0.12201123277960124,0.01983383328523236,-0.3738648664672455,0.17404410847357699,1244,insufficient_evidence,False,rolling,rolling
HLT,RSG,5,5,3,0.6,4,3,0.75,-0.08110048377708559,0.38340470063487764,-1.4255480981164554,0.02044856531739871,-0.3219381091030541,0.11328183850774667,0.10128786656285259,6.6,8.0,33,True,2020-11-04,2026-09-15,0.0935182980613598,0.05777132020024817,0.00044817584874756733,7.644363038261659e-05,-0.5111031837177908,0.18729411043227526,1073,insufficient_evidence,False,rolling,rolling
NSC,UNP,5,5,2,0.4,5,2,0.4,0.0018871892445402327,-0.09547100149950889,-1.0821369640065024,0.008914924457183665,-0.14045681630617368,1.0649808587030942,0.19488967085894204,3.6,4.0,18,True,2020-11-04,2026-09-15,0.07150635673625298,0.04366828639582024,0.011067193413478948,0.0018794321421526927,-0.21585579508386887,0.10679007428275525,1012,insufficient_evidence,False,rolling,rolling
DHI,SCCO,5,4,3,0.75,4,3,0.75,0.144419535089153,0.33114542928967655,-0.5256870644311904,0.015351310366884582,-0.31869953474911417,0.08122979435463959,0.07442240500560572,3.0,3.0,12,True,2020-11-04,2026-09-15,0.05260385283019176,0.028790123483736822,-0.05314335838265838,-0.009272676736382657,-0.4054817962750312,0.19997502395785316,1253,insufficient_evidence,False,rolling,rolling
ALL,JPM,5,5,3,0.6,4,2,0.5,0.2322879847065563,0.29636723758290795,-1.0104631674482774,0.011421068018420822,-0.3950838464218165,0.09470896486489952,0.1184723953153721,4.4,3.0,22,True,2020-11-04,2026-09-15,0.04717237399578894,0.028024902853029707,-0.06637149607405513,-0.011647725734556968,-0.35930189549944225,0.20738476902028213,1392,insufficient_evidence,False,rolling,rolling
DUK,RSG,5,5,4,0.8,5,4,0.8,0.2182330222762717,0.2252749276090552,-0.9132581414180339,0.006024329956070998,-0.31721223308128854,0.2030496578527758,0.23387936636282988,4.0,4.0,20,True,2020-11-04,2026-09-15,0.04073106617065377,0.026199558964650448,-0.01655023907129738,-0.0028430114898713166,-0.29903131884360357,0.1266895648753105,1252,insufficient_evidence,False,rolling,rolling
LEN,UPS,5,5,3,0.6,5,3,0.6,0.04940578335572069,0.04661245889304192,-0.10778737669193236,0.004876707163367482,-0.26047471979420866,0.43122396141647085,0.40269285540310257,4.0,4.0,20,True,2020-11-04,2026-09-15,0.024522872626258685,0.01757179139500603,-0.05724184265706633,-0.010005581726534762,-0.3265406064400388,0.17033865270078433,956,insufficient_evidence,False,rolling,rolling
PEP,XEL,5,5,1,0.2,4,1,0.25,-0.31956527869361107,-0.4355329285721736,-0.9481979346266508,-0.04430378643479312,-0.20068797761634627,0.5482878167311898,0.07939974988416285,2.8,3.0,14,True,2020-11-04,2026-09-15,-0.278342116081856,-0.16208185168047767,-0.24130014624046936,-0.04601795751283366,-0.33515733770828826,0.13633890217957623,982,insufficient_evidence,False,rolling,rolling
CMI,TMUS,5,5,1,0.2,5,1,0.2,-0.39389747091815125,-0.6466003669512294,-0.9311907592928501,-0.138476186976142,-0.49075830369316464,0.0743777305941978,0.06800604352026737,4.0,5.0,20,True,2020-11-04,2026-09-15,-0.4399445874093155,-0.2845981417349143,-0.5968843670538616,-0.14357932244351423,-0.6030605291129567,0.269609375143685,1404,insufficient_evidence,False,rolling,rolling
PEP,SO,5,5,1,0.2,4,1,0.25,-0.4283713716141369,-0.43310911250077566,-1.0222785572641115,-0.055516275236862436,-0.17906091823782466,0.10707483083583766,0.07361380776418967,2.4,3.0,12,True,2020-11-04,2026-09-15,-0.4590583250300849,-0.24137010714933127,-0.26584196763170864,-0.051354422547025935,-0.3401680901939391,0.1035882091267823,982,insufficient_evidence,False,rolling,rolling
