fold,Ticker A,Ticker B,validation_sharpe,chosen_entry_z,chosen_exit_z,validation_completed_trades,validation_cost_pct,hedge_mode,zscore_mode
0,ALL,JPM,1.6425680013834312,2.25,0.5,3,0.025143124317524825,rolling,rolling
1,ALL,JPM,-0.8300820047320511,2.25,0.25,3,0.05190544793641572,rolling,rolling
2,ALL,JPM,1.2902620096643682,1.75,0.25,4,0.025390845912423347,rolling,rolling
3,ALL,JPM,1.010245242467424,1.25,0.25,2,0.02737937105627856,rolling,rolling
4,ALL,JPM,0.6865572050780684,1.75,0.75,5,0.0649827939191016,rolling,rolling
0,LEN,UPS,1.8226849551252897,2.25,0.25,2,0.024637738319488282,rolling,rolling
1,LEN,UPS,0.17880840254868735,1.75,0.5,5,0.20634360459891113,rolling,rolling
2,LEN,UPS,1.0441419559909577,1.5,0.5,7,0.06506170203822981,rolling,rolling
3,LEN,UPS,0.6984676261101715,1.75,0.25,3,0.050832162091709404,rolling,rolling
4,LEN,UPS,0.5096223371062727,1.25,0.5,7,0.09893478730839778,rolling,rolling
0,HLT,RSG,0.00756867705432547,1.25,0.75,8,0.9080977456074312,rolling,rolling
1,HLT,RSG,0.904658852085246,1.5,0.5,6,0.06637887209877659,rolling,rolling
2,HLT,RSG,0.7252167244892216,1.5,0.75,5,0.05084765205755377,rolling,rolling
3,HLT,RSG,-0.29737904606952825,2.25,0.25,3,2.7670777815180996,rolling,rolling
4,HLT,RSG,-0.7802991028385577,1.5,0.5,5,0.09189868318480642,rolling,rolling
0,KBH,LMT,-0.7394460895586037,1.25,0.75,7,0.10043313680996216,rolling,rolling
1,KBH,LMT,0.21583765899875,1.5,0.5,5,0.15241942582280163,rolling,rolling
2,KBH,LMT,0.07075234991591287,1.25,0.25,6,0.41332184740508016,rolling,rolling
3,KBH,LMT,0.02711389672971773,1.25,0.75,8,0.7337222302984322,rolling,rolling
4,KBH,LMT,1.2813850910783282,2.25,0.25,3,0.03608960217685218,rolling,rolling
0,MDLZ,SO,0.42278871007055774,2.0,0.25,5,0.12928717555589572,rolling,rolling
1,MDLZ,SO,0.37432425840976635,2.0,0.5,3,0.1348494223244592,rolling,rolling
2,MDLZ,SO,0.6310613287190078,1.75,0.25,3,0.06561556463962077,rolling,rolling
3,MDLZ,SO,1.8282455103824045,2.25,0.5,4,0.055927393762795714,rolling,rolling
4,MDLZ,SO,-0.023188608037795305,2.25,0.25,3,1.8986706324859934,rolling,rolling
0,DUK,RSG,0.16821174312646633,1.5,0.25,5,0.26268637299784897,rolling,rolling
1,DUK,RSG,1.0278092202481353,1.25,0.5,7,0.11668037702592088,rolling,rolling
2,DUK,RSG,-0.48611990862931864,2.0,0.75,5,0.1909892906739084,rolling,rolling
3,DUK,RSG,1.3784176297373572,1.5,0.25,6,0.06451570931439456,rolling,rolling
4,DUK,RSG,1.4976068537042861,1.5,0.5,6,0.09848743720217713,rolling,rolling
0,CMI,TMUS,0.32462860679220423,1.5,0.25,3,0.08720999127599158,rolling,rolling
1,CMI,TMUS,-0.06207424048334699,1.25,0.25,6,4.811337793164536,rolling,rolling
2,CMI,TMUS,1.7470698717112814,1.5,0.75,7,0.062109798745658064,rolling,rolling
3,CMI,TMUS,-0.31431362479951724,1.25,0.25,4,0.16199915264472103,rolling,rolling
4,CMI,TMUS,1.3643386819756573,1.25,0.25,5,0.027630430168976497,rolling,rolling
0,CZR,UNH,0.34305902503639757,2.0,0.5,3,0.08429399129513608,rolling,rolling
1,CZR,UNH,0.6578652210899553,1.75,0.25,6,0.060682845634872334,rolling,rolling
2,CZR,UNH,0.08207925547268874,2.0,0.5,2,0.17601331169170945,rolling,rolling
3,CZR,UNH,0.39101866089240533,2.25,0.75,3,0.08727270320210172,rolling,rolling
4,CZR,UNH,0.43233307372229374,2.0,0.25,2,0.025325398518544904,rolling,rolling
0,PEP,XEL,0.546435473637309,1.25,0.5,7,0.20847475393828732,rolling,rolling
1,PEP,XEL,0.3252954104568037,1.75,0.25,3,0.16499041489753583,rolling,rolling
2,PEP,XEL,0.9384580129845699,1.25,0.75,6,0.09393329247414033,rolling,rolling
3,PEP,XEL,-0.580365782572754,2.0,0.75,2,0.06544189197801417,rolling,rolling
4,PEP,XEL,0.36587765502196,1.25,0.5,7,0.1671857679373444,rolling,rolling
0,ED,NOC,1.6149103188067409,1.25,0.25,7,0.03313836959970154,rolling,rolling
1,ED,NOC,-0.5868698497680103,1.25,0.5,4,0.13329901429650237,rolling,rolling
2,ED,NOC,0.4262929044119888,1.75,0.25,4,0.11836442137846943,rolling,rolling
3,ED,NOC,0.29140896358614704,1.5,0.5,6,0.19352629349111095,rolling,rolling
4,ED,NOC,0.9319722355611594,2.25,0.75,5,0.0802483727082433,rolling,rolling
0,PEP,SO,1.03129562399074,1.75,0.25,6,0.06102725000171508,rolling,rolling
1,PEP,SO,0.7716228650665449,2.25,0.25,2,0.07147912652153764,rolling,rolling
2,PEP,SO,1.3430659253144221,1.5,0.25,6,0.0661748974169277,rolling,rolling
3,PEP,SO,0.25719182442781696,1.5,0.5,8,0.34312951070888104,rolling,rolling
4,PEP,SO,0.5935290654516342,1.75,0.75,7,0.18268743606609658,rolling,rolling
0,DHI,SCCO,0.05337709420248453,1.25,0.5,8,0.5752911049709816,rolling,rolling
1,DHI,SCCO,0.5869907733669861,2.0,0.75,3,0.043921594139934364,rolling,rolling
2,DHI,SCCO,0.162968243074883,1.75,0.25,4,0.15097491958311612,rolling,rolling
3,DHI,SCCO,0.28897602372678377,2.0,0.5,5,0.1353991584851108,rolling,rolling
4,DHI,SCCO,1.1487995425084572,2.25,0.75,2,0.028396783208751355,rolling,rolling
0,NSC,UNP,0.6906068044725342,1.75,0.75,7,0.16790430508122714,rolling,rolling
1,NSC,UNP,1.2492493032052454,1.25,0.25,6,0.12017959604741138,rolling,rolling
2,NSC,UNP,0.8719760800806806,2.25,0.75,2,0.07596857793201163,rolling,rolling
3,NSC,UNP,1.1067665940372795,1.5,0.75,10,0.14822432666220198,rolling,rolling
4,NSC,UNP,0.0019643214744262155,1.25,0.5,6,0.9830985087869221,rolling,rolling
