fold,Ticker A,Ticker B,train_end,train_coint_pvalue,train_beta,train_half_life_days,train_coint_stability,train_spread_std,train_spread_adf_pvalue,train_obs
0,ALL,JPM,2019-09-05,0.1599473961589557,0.6821570444797899,49.87958347184046,0.0,3.926020784335158,0.055892258916061296,1177
1,ALL,JPM,2020-11-03,0.010381094888584158,0.70424540334308,36.18832323089278,0.0,4.315447364094338,0.0021363408871755154,1471
2,ALL,JPM,2022-01-04,0.022481586292583594,0.6349197763054897,47.72832693686176,0.0,5.197772530620215,0.0053029959934846405,1765
3,ALL,JPM,2023-03-08,0.11870039721271097,0.7078656854620332,78.21997129742613,0.25,8.518341765431835,0.03831480729762198,2059
4,ALL,JPM,2024-05-09,0.03726748770422513,0.7132129324670734,71.85862284210867,0.0,8.859936848223212,0.009450076906872263,2354
0,LEN,UPS,2019-09-05,0.18781720439253796,0.3102553645662917,55.95495651703735,0.0,4.44846812700632,0.06862723231787501,1177
1,LEN,UPS,2020-11-03,0.0006873091241682013,0.4673991415147108,37.217884933567106,0.25,5.202507202967367,0.00010530198049087001,1471
2,LEN,UPS,2022-01-04,8.465210016741337e-05,0.555434400955746,28.11072083062816,0.0,5.732017747945058,1.0936693526496033e-05,1765
3,LEN,UPS,2023-03-08,0.0009714457218128369,0.4947881077959791,35.12350375180602,0.0,6.6562548283462695,0.00015380544361507528,2059
4,LEN,UPS,2024-05-09,0.9906257415432155,0.6302002840432476,1469.6321404581438,0.25,17.35600597821226,0.9784498062506685,2354
0,HLT,RSG,2019-09-05,0.47496585104024797,1.0031386717375357,96.78119727188395,0.0,7.618241990907215,0.24377647240385764,1177
1,HLT,RSG,2020-11-03,0.3244794296050918,0.9752927004855989,64.51302205561461,0.0,8.290934943616898,0.14176264100711022,1471
2,HLT,RSG,2022-01-04,0.10197975876919396,1.0740498927481121,46.3049806713611,0.0,8.65260885375867,0.031780395075275934,1765
3,HLT,RSG,2023-03-08,0.029113125519581933,1.015479951840395,43.572751123965126,0.0,9.804195426705126,0.007070227759879284,2059
4,HLT,RSG,2024-05-09,0.04735269158992405,1.0196946105208724,38.98690889867433,0.0,9.611219791017888,0.012532926920241636,2354
0,KBH,LMT,2019-09-05,0.0877794971664908,0.09832897664494779,43.934344964483614,0.25,2.4655475535073066,0.02646765854515835,1177
1,KBH,LMT,2020-11-03,0.011542508106486918,0.10511851750835173,34.126626703440856,0.0,2.9382597530347425,0.0024440712683528785,1471
2,KBH,LMT,2022-01-04,0.21653816001019316,0.1313698486388716,61.18865068336973,0.0,4.550445779970624,0.08319169783587349,1765
3,KBH,LMT,2023-03-08,0.2260659088898504,0.09596170287174847,81.52269765724655,0.0,5.548396298372195,0.08744927618652099,2059
4,KBH,LMT,2024-05-09,0.7322698438600697,0.12098529922782396,136.9795101174296,0.0,7.056096776523783,0.5013876935368092,2354
0,MDLZ,SO,2019-09-05,0.04519923490963806,0.8340079191575701,33.582823298272615,0.0,2.1961997297376143,0.011855999156652645,1177
1,MDLZ,SO,2020-11-03,0.015194157489687544,0.8127333216760212,31.90879863458898,0.0,2.42515709504317,0.0033091728968895,1471
2,MDLZ,SO,2022-01-04,0.002419393829288533,0.8899584876977836,29.73177330869711,0.0,2.3929424478328425,0.00041710950868947816,1765
3,MDLZ,SO,2023-03-08,0.005034392031895169,0.819031807864482,40.3279323302641,0.0,2.828150486804334,0.0009491886858064611,2059
4,MDLZ,SO,2024-05-09,0.0024142123249920196,0.9045414907352827,43.78118242234164,0.0,3.23736099712001,0.0004176903928372617,2354
0,DUK,RSG,2019-09-05,0.025300108245815335,0.4330712236131428,40.462537598187886,0.0,2.793323717638601,0.0059932377702038245,1177
1,DUK,RSG,2020-11-03,0.0003139406893188846,0.4496355588150597,28.158825360969665,0.0,2.983424395043165,4.4668533562143354e-05,1471
2,DUK,RSG,2022-01-04,0.0002017882858881653,0.45190397010066313,28.895564307643703,0.0,3.1248988268163833,2.776702032356173e-05,1765
3,DUK,RSG,2023-03-08,9.380748558471484e-05,0.4456173257340385,31.40647270416106,0.25,3.4624629295357874,1.2201929819587218e-05,2059
4,DUK,RSG,2024-05-09,0.054107765003496205,0.3422734754872109,76.38197903225529,0.0,5.568899407663712,0.014756009883957004,2354
0,CMI,TMUS,2019-09-05,0.12726462326290044,1.2608998176811161,59.641706826483116,0.25,12.042243850362132,0.041867222232318306,1177
1,CMI,TMUS,2020-11-03,0.1234474721650779,1.1596463214682442,57.67345561929467,0.0,12.853955858575773,0.0403001318188228,1471
2,CMI,TMUS,2022-01-04,0.0317218549454544,1.3256676968029222,44.90996006701832,0.0,14.001240329249802,0.007809606978706461,1765
3,CMI,TMUS,2023-03-08,0.018000722857990932,1.2598365053765697,45.2274585782445,0.0,14.64101333440643,0.004039526031010221,2059
4,CMI,TMUS,2024-05-09,0.010433600332561063,1.2853057503150764,42.94869586234217,0.0,15.133319745400312,0.002163268762724699,2354
0,CZR,UNH,2019-09-05,0.09003023572585944,0.2837979329857101,27.78171688085493,0.0,3.8113353321518106,0.027296749858238347,1177
1,CZR,UNH,2020-11-03,0.007617451262409916,0.24324105607205523,62.93729436068348,0.0,7.539522035729272,0.0015161866052590043,1471
2,CZR,UNH,2022-01-04,0.005667423118209544,0.3022349301774053,55.175741278791634,0.25,9.775320009211509,0.00109961425814684,1765
3,CZR,UNH,2023-03-08,0.45852100434287457,0.16824993262925625,190.74281763755303,0.25,18.58944534510424,0.23142212585178457,2059
4,CZR,UNH,2024-05-09,0.5652390442424189,0.12421684965926415,248.2338620848879,0.0,19.83061136492618,0.31924528067040703,2354
0,PEP,XEL,2019-09-05,0.003532865606880358,1.4423107076992547,23.801473683060358,0.25,2.7725836866809517,0.0006401644856727093,1177
1,PEP,XEL,2020-11-03,0.001026147376174148,1.426048056559318,18.72310641876175,0.25,2.9591018154980424,0.0001639980134359539,1471
2,PEP,XEL,2022-01-04,0.7495043127526413,1.6546816744500827,115.55822430980056,0.25,5.936344768150503,0.5202612857773286,1765
3,PEP,XEL,2023-03-08,0.5492200173283165,1.9689791429716283,150.5894749785573,0.25,9.1552984565315,0.3049945725422184,2059
4,PEP,XEL,2024-05-09,0.9056603773858587,2.2082045095465612,352.62601376405166,0.25,13.992172323658828,0.7619472551897525,2354
0,ED,NOC,2019-09-05,0.21305277044152154,0.12468378480384369,58.70689948396755,0.0,4.027774570964644,0.08083266406238815,1177
1,ED,NOC,2020-11-03,0.037151213497909175,0.12588706095288535,39.478979378001775,0.0,4.097678358263975,0.009437617723902907,1471
2,ED,NOC,2022-01-04,0.02423317765271151,0.11251458738255603,42.329267470483586,0.0,4.173316902931228,0.005707596462311507,1765
3,ED,NOC,2023-03-08,0.0013807004403571046,0.1147709166050598,36.55978940971446,0.0,4.2597377653800566,0.0002253488364049695,2059
4,ED,NOC,2024-05-09,0.0003629540624776908,0.12074406176512803,35.03361913216045,0.25,4.249027773984907,5.248864480819265e-05,2354
0,PEP,SO,2019-09-05,0.07971953037003798,2.4150082309987253,45.0446660051302,0.25,4.799729944054739,0.02351261203041801,1177
1,PEP,SO,2020-11-03,0.06197186224961124,2.183652461836926,37.18835009774066,0.25,5.337156650516725,0.017090692333933045,1471
2,PEP,SO,2022-01-04,0.028473210478224723,2.325397007835229,38.55251931862071,0.5,5.587350578411411,0.006925604825145041,1765
3,PEP,SO,2023-03-08,0.0035249354093510894,2.3772795018142476,43.499186017032464,0.25,6.653768890646044,0.0006405345302725471,2059
4,PEP,SO,2024-05-09,0.0006957744533721944,2.4410140682942214,39.107253320140764,0.0,6.87039395045596,0.00010651859754537429,2354
0,DHI,SCCO,2019-09-05,0.7033080673008507,1.000669188693992,97.27472971424065,0.0,4.221680369350655,0.463158077564021,1177
1,DHI,SCCO,2020-11-03,0.30958880346829226,1.519580233140792,91.9888458037991,0.0,7.351323457506477,0.13299482717680172,1471
2,DHI,SCCO,2022-01-04,0.1824505954985412,1.7370926372846085,69.8223575537483,0.0,8.535617025659139,0.06613407416585239,1765
3,DHI,SCCO,2023-03-08,0.020702365688513778,1.6167929299831518,52.83768156535835,0.0,8.887054227843663,0.004751375179913917,2059
4,DHI,SCCO,2024-05-09,0.0012144578994331982,1.7228805057748522,50.45017666334979,0.0,10.152197641812254,0.00019869285912562642,2354
0,NSC,UNP,2019-09-05,0.061358788538996095,1.2637637692252865,35.217164012270636,0.0,6.590381039957221,0.017129075939391267,1177
1,NSC,UNP,2020-11-03,0.019305569366028796,1.2120777969341505,29.3415929924223,0.25,6.620829003308007,0.0043949517224410855,1471
2,NSC,UNP,2022-01-04,0.004122754542620296,1.2940916572261607,30.635879406871396,0.25,7.522146560345064,0.0007583450736449313,1765
3,NSC,UNP,2023-03-08,0.016353509867738824,1.231604503082282,39.09494314702425,0.25,9.142640341572127,0.0036187573998765154,2059
4,NSC,UNP,2024-05-09,0.38370563646615063,1.1404814597208681,91.32978503648434,0.0,13.012560488462864,0.17911356803405337,2354
