Ticker A,Ticker B,commission_bps,walk_forward_sharpe,walk_forward_return,walk_forward_cagr,walk_forward_max_drawdown,mean_fold_sharpe,total_completed_trades
ALL,JPM,2.0,0.07219161342679979,-0.03769339573423092,-0.006533303127576828,-0.34988347145828,0.2574271559038892,22
ALL,JPM,5.0,0.04717237399578894,-0.06637149607405513,-0.011647725734556968,-0.35930189549944225,0.2322879847065563,22
ALL,JPM,10.0,0.005444659275897165,-0.11232027063788563,-0.02012058011866913,-0.3747092817058104,0.1902476166978884,22
ALL,JPM,20.0,-0.07802462319120668,-0.19767605277051148,-0.03687584796076104,-0.4044653135846942,0.10577250242748622,22
LEN,UPS,2.0,0.0443305993899982,-0.03845000402968313,-0.006666601900670255,-0.32147741576780264,0.07005764097254212,20
LEN,UPS,5.0,0.024522872626258685,-0.05724184265706633,-0.010005581726534762,-0.3265406064400388,0.04940578335572069,20
LEN,UPS,10.0,-0.00846164329035082,-0.08776476841694747,-0.015548527713442284,-0.3348997459442168,0.015001476395041902,20
LEN,UPS,20.0,-0.07428141213554763,-0.14593343174929396,-0.026552273891428446,-0.35287966634041323,-0.05370045806423818,20
HLT,RSG,2.0,0.13410637195648417,0.045834459392761095,0.00767465887016705,-0.5010502056430026,-0.03503326788924962,33
HLT,RSG,5.0,0.0935182980613598,0.00044817584874756733,7.644363038261659e-05,-0.5111031837177908,-0.08110048377708559,33
HLT,RSG,10.0,0.02582897742710198,-0.07091800104772739,-0.012470475301805894,-0.5274232850769197,-0.15753895558229694,33
HLT,RSG,20.0,-0.1094487136737482,-0.19892571841757967,-0.03713193087488342,-0.5584937947896764,-0.30845179058918876,33
KBH,LMT,2.0,0.4088704208166665,0.3545426879016478,0.05313379824496667,-0.22908102405606967,0.4659206668615254,24
KBH,LMT,5.0,0.38293394264196273,0.32270577803616285,0.04886928946138824,-0.23141177312010486,0.44125214718121963,24
KBH,LMT,10.0,0.3396781845289063,0.27126942893277417,0.04179606130723523,-0.24157055608924694,0.40013532927423545,24
KBH,LMT,20.0,0.2531492927476883,0.17421891598678219,0.02777734844388635,-0.2683908028486932,0.3179890129271516,24
MDLZ,SO,2.0,0.5163101280359875,0.32949540678295564,0.04978583725906871,-0.13576225618746196,0.5268529012248924,17
MDLZ,SO,5.0,0.4804738952147324,0.3006165799004279,0.04586016775773949,-0.13975848987430872,0.49060875971483087,17
MDLZ,SO,10.0,0.4205894711234095,0.2538360211032251,0.0393448287857916,-0.14638306771540932,0.4299525461578593,17
MDLZ,SO,20.0,0.3005868165040598,0.16513489100232848,0.026416532096596557,-0.15949886702646388,0.3082099840416452,17
DUK,RSG,2.0,0.07943790829994375,0.012018380473528323,0.0020401653310813117,-0.2957365372942081,0.2590729689829006,20
DUK,RSG,5.0,0.04073106617065377,-0.01655023907129738,-0.0028430114898713166,-0.29903131884360357,0.2182330222762717,20
DUK,RSG,10.0,-0.023720956548071506,-0.062417709956022915,-0.010934933464351038,-0.3109968128654378,0.15004719526834842,20
DUK,RSG,20.0,-0.1520814521588601,-0.14795091403116722,-0.02694494599022712,-0.33435187584640824,0.01365109587722017,20
CMI,TMUS,2.0,-0.42105304582970254,-0.5846743152267178,-0.13920854440556196,-0.5948694405439546,-0.3689095485330561,20
CMI,TMUS,5.0,-0.4399445874093155,-0.5968843670538616,-0.14357932244351423,-0.6030605291129567,-0.39389747091815125,20
CMI,TMUS,10.0,-0.4713777826326391,-0.6164584842277854,-0.15082092053685137,-0.6186078695384297,-0.43554536708279035,20
CMI,TMUS,20.0,-0.5340055771923743,-0.6528576602760392,-0.1651439832401288,-0.6541664366646192,-0.5186907192571855,20
CZR,UNH,2.0,0.2125768481606146,0.13623755768888945,0.022028287300734695,-0.3722433356677547,0.17689307133396645,12
CZR,UNH,5.0,0.20019253087237354,0.12201123277960124,0.01983383328523236,-0.3738648664672455,0.16410384440904133,12
CZR,UNH,10.0,0.1795194220552155,0.09868142799992285,0.01618466881076186,-0.37655863214496876,0.1427135566729096,12
CZR,UNH,20.0,0.1380707539606311,0.053416591792814216,0.008917227516516135,-0.38191336929249475,0.09967813208766799,12
PEP,XEL,2.0,-0.2548663260985595,-0.22688237630212982,-0.04294932273305707,-0.3297636290354443,-0.296105459544935,14
PEP,XEL,5.0,-0.278342116081856,-0.24130014624046936,-0.04601795751283366,-0.33515733770828826,-0.31956527869361107,14
PEP,XEL,10.0,-0.31736518434977634,-0.2647498477232204,-0.05111382535399123,-0.3443892219240684,-0.3585687339209395,14
PEP,XEL,20.0,-0.3949306594717966,-0.3095506450570792,-0.06123641344690156,-0.37335978705445816,-0.4360921556964093,14
ED,NOC,2.0,0.2522456223687234,0.14477923523830483,0.02333494148136972,-0.27777644841334304,0.25461786105861905,22
ED,NOC,5.0,0.21586963602430626,0.11581635742058105,0.01887103580860061,-0.2876043818228293,0.21796198941750133,22
ED,NOC,10.0,0.15523892843270656,0.06913471847499997,0.011469684306124162,-0.3036977064767862,0.15683109610504403,22
ED,NOC,20.0,0.03421511119282863,-0.01855257880550998,-0.0031896602705877575,-0.33483683217334614,0.03470735310177966,22
PEP,SO,2.0,-0.43458293563872985,-0.25467929306919057,-0.04890910956636285,-0.33333583286221335,-0.40275832237944514,12
PEP,SO,5.0,-0.4590583250300849,-0.26584196763170864,-0.051354422547025935,-0.3401680901939391,-0.4283713716141369,12
PEP,SO,10.0,-0.4996329604996685,-0.2840875740782922,-0.055418553602174625,-0.35140646017627764,-0.47080771388664144,12
PEP,SO,20.0,-0.5798415184016037,-0.3192705639159791,-0.06350424352227435,-0.37412367518095435,-0.5545638692630068,12
DHI,SCCO,2.0,0.0666477818971187,-0.03741186810244923,-0.006483725955849007,-0.3993100348383498,0.16066271637133833,12
DHI,SCCO,5.0,0.05260385283019176,-0.05314335838265838,-0.009272676736382657,-0.4054817962750312,0.144419535089153,12
DHI,SCCO,10.0,0.029220146614760977,-0.0788104887326474,-0.01390668788548699,-0.415634005787448,0.11733461618762081,12
DHI,SCCO,20.0,-0.01743823816300747,-0.12813760321340772,-0.023121508227247456,-0.4364955183630359,0.06314596199533004,12
NSC,UNP,2.0,0.11911911619313208,0.04152364140812925,0.006964861754416463,-0.20702963852053147,0.05544450263109639,18
NSC,UNP,5.0,0.07150635673625298,0.011067193413478948,0.0018794321421526927,-0.21585579508386887,0.0018871892445402327,18
NSC,UNP,10.0,-0.007768408448077264,-0.03777183274588436,-0.0065471180714223864,-0.23035829741711322,-0.08713299410938662,18
NSC,UNP,20.0,-0.16530634671476122,-0.12863812026545052,-0.023217203052272706,-0.26313104896152684,-0.26304345883455565,18
