fold,Ticker A,Ticker B,train_end,val_start,val_end,test_start,test_end,train_coint_pvalue,train_beta,train_half_life_days,train_coint_stability,train_spread_std,train_spread_adf_pvalue,train_obs,validation_sharpe,chosen_entry_z,chosen_exit_z,test_sharpe,test_sortino,test_return,test_max_drawdown,test_completed_trades,test_cost_pct,test_trade_sufficient,capital_exhausted,continuous_oos,hedge_mode,zscore_mode
0,ALL,JPM,2019-09-05,2019-09-06,2020-11-03,2020-11-04,2022-01-04,0.1599473961589557,0.6821570444797899,49.87958347184046,0.0,3.926020784335158,0.055892258916061296,1177,1.6425680013834312,2.25,0.5,-1.0104631674482774,-0.5571937949379017,-0.24095147203892017,-0.3950838464218165,3,0.042420414802220884,True,False,True,rolling,rolling
1,ALL,JPM,2020-11-03,2020-11-04,2022-01-04,2022-01-05,2023-03-08,0.010381094888584158,0.70424540334308,36.18832323089278,0.0,4.315447364094338,0.0021363408871755154,1471,-0.8300820047320511,2.25,0.25,1.2876073027179626,0.6102743603510417,0.13613629634821728,-0.061811949293007706,1,0.018066878828612465,False,False,True,rolling,rolling
2,ALL,JPM,2022-01-04,2022-01-05,2023-03-08,2023-03-09,2024-05-09,0.022481586292583594,0.6349197763054897,47.72832693686176,0.0,5.197772530620215,0.0053029959934846405,1765,1.2902620096643682,1.75,0.25,0.29636723758290795,0.1577115554030451,0.05160318408004121,-0.12108995704296055,3,0.12214357542737259,True,False,True,rolling,rolling
3,ALL,JPM,2023-03-08,2023-03-09,2024-05-09,2024-05-10,2025-07-15,0.11870039721271097,0.7078656854620332,78.21997129742613,0.25,8.518341765431835,0.03831480729762198,2059,1.010245242467424,1.25,0.25,-0.25317296508530174,-0.19762915758689328,-0.09344718282111511,-0.2713350977482457,5,0.17244155995091956,True,False,True,rolling,rolling
4,ALL,JPM,2024-05-09,2024-05-10,2025-07-15,2025-07-16,2026-09-15,0.03726748770422513,0.7132129324670734,71.85862284210867,0.0,8.859936848223212,0.009450076906872263,2354,0.6865572050780684,1.75,0.75,0.8411015157654899,0.6016381179936601,0.2037645145238809,-0.19670489046740414,10,0.1184723953153721,True,False,True,rolling,rolling
0,LEN,UPS,2019-09-05,2019-09-06,2020-11-03,2020-11-04,2022-01-04,0.18781720439253796,0.3102553645662917,55.95495651703735,0.0,4.44846812700632,0.06862723231787501,1177,1.8226849551252897,2.25,0.25,0.05786215098701561,0.03369791892736135,0.011793478596953991,-0.16099393696091302,3,0.40269285540310257,True,False,True,rolling,rolling
1,LEN,UPS,2020-11-03,2020-11-04,2022-01-04,2022-01-05,2023-03-08,0.0006873091241682013,0.4673991415147108,37.217884933567106,0.25,5.202507202967367,0.00010530198049087001,1471,0.17880840254868735,1.75,0.5,0.04661245889304192,0.029595153996601023,0.006142307271892273,-0.163709135870864,4,0.47216496305408956,True,False,True,rolling,rolling
2,LEN,UPS,2022-01-04,2022-01-05,2023-03-08,2023-03-09,2024-05-09,8.465210016741337e-05,0.555434400955746,28.11072083062816,0.0,5.732017747945058,1.0936693526496033e-05,1765,1.0441419559909577,1.5,0.5,-0.10778737669193236,-0.08667246135383384,-0.0259003286943497,-0.26047471979420866,5,0.8316587770001195,True,False,True,rolling,rolling
3,LEN,UPS,2023-03-08,2023-03-09,2024-05-09,2024-05-10,2025-07-15,0.0009714457218128369,0.4947881077959791,35.12350375180602,0.0,6.6562548283462695,0.00015380544361507528,2059,0.6984676261101715,1.75,0.25,-0.10173907399762896,-0.07987204501815857,-0.02407342839338871,-0.21997637330518793,2,0.32131818415273017,True,False,True,rolling,rolling
4,LEN,UPS,2024-05-09,2024-05-10,2025-07-15,2025-07-16,2026-09-15,0.9906257415432155,0.6302002840432476,1469.6321404581438,0.25,17.35600597821226,0.9784498062506685,2354,0.5096223371062727,1.25,0.5,0.35208075758810725,0.2534449513538446,0.056421507035729554,-0.10703331624759616,6,0.1282850274723126,True,False,True,rolling,rolling
0,HLT,RSG,2019-09-05,2019-09-06,2020-11-03,2020-11-04,2022-01-04,0.47496585104024797,1.0031386717375357,96.78119727188395,0.0,7.618241990907215,0.24377647240385764,1177,0.00756867705432547,1.25,0.75,1.035491925415611,0.6876186193928441,0.22624867974033147,-0.16316391154782317,11,0.10128786656285259,True,False,True,rolling,rolling
1,HLT,RSG,2020-11-03,2020-11-04,2022-01-04,2022-01-05,2023-03-08,0.3244794296050918,0.9752927004855989,64.51302205561461,0.0,8.290934943616898,0.14176264100711022,1471,0.904658852085246,1.5,0.5,0.4384341323914384,0.3026640582517227,0.091467088103358,-0.120580391028698,4,0.09900961178029008,True,False,True,rolling,rolling
2,HLT,RSG,2022-01-04,2022-01-05,2023-03-08,2023-03-09,2024-05-09,0.10197975876919396,1.0740498927481121,46.3049806713611,0.0,8.65260885375867,0.031780395075275934,1765,0.7252167244892216,1.5,0.75,-1.4255480981164554,-0.6644459097020223,-0.16618636606403503,-0.17164592507087784,9,0.1559204209498704,True,False,True,rolling,rolling
3,HLT,RSG,2023-03-08,2023-03-09,2024-05-09,2024-05-10,2025-07-15,0.029113125519581933,1.015479951840395,43.572751123965126,0.0,9.804195426705126,0.007070227759879284,2059,-0.29737904606952825,2.25,0.25,-0.8372850792108996,-0.31984968840750455,-0.16709207418281813,-0.3219381091030541,1,0.025599254786253148,False,False,True,rolling,rolling
4,HLT,RSG,2024-05-09,2024-05-10,2025-07-15,2025-07-16,2026-09-15,0.04735269158992405,1.0196946105208724,38.98690889867433,0.0,9.611219791017888,0.012532926920241636,2354,-0.7802991028385577,1.5,0.5,0.38340470063487764,0.2958886821027918,0.11780549899015721,-0.29567640190350275,8,0.18459203845946714,True,False,True,rolling,rolling
0,KBH,LMT,2019-09-05,2019-09-06,2020-11-03,2020-11-04,2022-01-04,0.0877794971664908,0.09832897664494779,43.934344964483614,0.25,2.4655475535073066,0.02646765854515835,1177,-0.7394460895586037,1.25,0.75,0.5082068397542892,0.34835744438787464,0.10894929327726531,-0.21482146469654928,7,0.13025039351381917,True,False,True,rolling,rolling
1,KBH,LMT,2020-11-03,2020-11-04,2022-01-04,2022-01-05,2023-03-08,0.011542508106486918,0.10511851750835173,34.126626703440856,0.0,2.9382597530347425,0.0024440712683528785,1471,0.21583765899875,1.5,0.5,0.22724470139896955,0.13963031282759292,0.025198001829094627,-0.13763074768547,3,0.10668678732780354,True,False,True,rolling,rolling
2,KBH,LMT,2022-01-04,2022-01-05,2023-03-08,2023-03-09,2024-05-09,0.21653816001019316,0.1313698486388716,61.18865068336973,0.0,4.550445779970624,0.08319169783587349,1765,0.07075234991591287,1.25,0.25,0.08538502325224634,0.06908446481359673,0.019940256819442656,-0.22122223696831755,5,0.34459878495298224,True,False,True,rolling,rolling
3,KBH,LMT,2023-03-08,2023-03-09,2024-05-09,2024-05-10,2025-07-15,0.2260659088898504,0.09596170287174847,81.52269765724655,0.0,5.548396298372195,0.08744927618652099,2059,0.02711389672971773,1.25,0.75,0.03549732502393968,0.01904818968217458,0.006781093654226351,-0.15702741669340614,6,0.6862569123632697,True,False,True,rolling,rolling
4,KBH,LMT,2024-05-09,2024-05-10,2025-07-15,2025-07-16,2026-09-15,0.7322698438600697,0.12098529922782396,136.9795101174296,0.0,7.056096776523783,0.5013876935368092,2354,1.2813850910783282,2.25,0.25,1.3499268464766532,0.8917950217406442,0.19100749349019228,-0.06555282562464948,3,0.014819942161978064,True,False,True,rolling,rolling
0,MDLZ,SO,2019-09-05,2019-09-06,2020-11-03,2020-11-04,2022-01-04,0.04519923490963806,0.8340079191575701,33.582823298272615,0.0,2.1961997297376143,0.011855999156652645,1177,0.42278871007055774,2.0,0.25,0.4417723156403142,0.3080097622925141,0.0468274604861296,-0.06461450871382479,4,0.16255993578171665,True,False,True,rolling,rolling
1,MDLZ,SO,2020-11-03,2020-11-04,2022-01-04,2022-01-05,2023-03-08,0.015194157489687544,0.8127333216760212,31.90879863458898,0.0,2.42515709504317,0.0033091728968895,1471,0.37432425840976635,2.0,0.5,0.024148270391345004,0.011185823369661058,0.0024301922415987313,-0.10948972737615059,2,0.5843371624122774,True,False,True,rolling,rolling
2,MDLZ,SO,2022-01-04,2022-01-05,2023-03-08,2023-03-09,2024-05-09,0.002419393829288533,0.8899584876977836,29.73177330869711,0.0,2.3929424478328425,0.00041710950868947816,1765,0.6310613287190078,1.75,0.25,1.6984564124477006,1.007452039640078,0.21519701595874666,-0.07050325187349193,6,0.0761966822399613,True,False,True,rolling,rolling
3,MDLZ,SO,2023-03-08,2023-03-09,2024-05-09,2024-05-10,2025-07-15,0.005034392031895169,0.819031807864482,40.3279323302641,0.0,2.828150486804334,0.0009491886858064611,2059,1.8282455103824045,2.25,0.5,-0.029726600022195515,-0.018370267297273098,-0.004769652880204894,-0.12371277910998257,3,2.0452377572587475,True,False,True,rolling,rolling
4,MDLZ,SO,2024-05-09,2024-05-10,2025-07-15,2025-07-16,2026-09-15,0.0024142123249920196,0.9045414907352827,43.78118242234164,0.0,3.23736099712001,0.0004176903928372617,2354,-0.023188608037795305,2.25,0.25,0.31839340011699,0.19050255103482033,0.03537140453812089,-0.07681172954830973,2,0.10881192013050002,True,False,True,rolling,rolling
0,DUK,RSG,2019-09-05,2019-09-06,2020-11-03,2020-11-04,2022-01-04,0.025300108245815335,0.4330712236131428,40.462537598187886,0.0,2.793323717638601,0.0059932377702038245,1177,0.16821174312646633,1.5,0.25,0.2298466845628329,0.1471284683329895,0.028282755526921183,-0.1035879515406245,4,0.29311865251302893,True,False,True,rolling,rolling
1,DUK,RSG,2020-11-03,2020-11-04,2022-01-04,2022-01-05,2023-03-08,0.0003139406893188846,0.4496355588150597,28.158825360969665,0.0,2.983424395043165,4.4668533562143354e-05,1471,1.0278092202481353,1.25,0.5,-0.9132581414180339,-0.682325854931181,-0.17466568223150544,-0.31721223308128854,6,0.10637631813132703,True,False,True,rolling,rolling
2,DUK,RSG,2022-01-04,2022-01-05,2023-03-08,2023-03-09,2024-05-09,0.0002017882858881653,0.45190397010066313,28.895564307643703,0.0,3.1248988268163833,2.776702032356173e-05,1765,-0.48611990862931864,2.0,0.75,1.4246797193426675,0.7148630223384366,0.1202904678245184,-0.04967858194666397,4,0.06652065309953345,True,False,True,rolling,rolling
3,DUK,RSG,2023-03-08,2023-03-09,2024-05-09,2024-05-10,2025-07-15,9.380748558471484e-05,0.4456173257340385,31.40647270416106,0.25,3.4624629295357874,1.2201929819587218e-05,2059,1.3784176297373572,1.5,0.25,0.12462192128483687,0.09603776726643144,0.019057662137611786,-0.07887322600491364,3,0.31535329915715987,True,False,True,rolling,rolling
4,DUK,RSG,2024-05-09,2024-05-10,2025-07-15,2025-07-16,2026-09-15,0.054107765003496205,0.3422734754872109,76.38197903225529,0.0,5.568899407663712,0.014756009883957004,2354,1.4976068537042861,1.5,0.5,0.2252749276090552,0.13718672550622055,0.037156446522809056,-0.10945968835019004,3,0.23387936636282988,True,False,True,rolling,rolling
0,CMI,TMUS,2019-09-05,2019-09-06,2020-11-03,2020-11-04,2022-01-04,0.12726462326290044,1.2608998176811161,59.641706826483116,0.25,12.042243850362132,0.041867222232318306,1177,0.32462860679220423,1.5,0.25,-0.7769888940427067,-0.48579880871777786,-0.15237362629857992,-0.230884313853986,2,0.03247265791651096,True,False,True,rolling,rolling
1,CMI,TMUS,2020-11-03,2020-11-04,2022-01-04,2022-01-05,2023-03-08,0.1234474721650779,1.1596463214682442,57.67345561929467,0.0,12.853955858575773,0.0403001318188228,1471,-0.06207424048334699,1.25,0.25,0.8121518748292235,0.4828495057930165,0.09553316753753925,-0.0564876559718166,5,0.11199994963504287,True,False,True,rolling,rolling
2,CMI,TMUS,2022-01-04,2022-01-05,2023-03-08,2023-03-09,2024-05-09,0.0317218549454544,1.3256676968029222,44.90996006701832,0.0,14.001240329249802,0.007809606978706461,1765,1.7470698717112814,1.5,0.75,-0.9311907592928501,-0.5936431272025631,-0.13369236169858414,-0.20223602618083636,3,0.03971957464045633,True,False,True,rolling,rolling
3,CMI,TMUS,2023-03-08,2023-03-09,2024-05-09,2024-05-10,2025-07-15,0.018000722857990932,1.2598365053765697,45.2274585782445,0.0,14.64101333440643,0.004039526031010221,2059,-0.31431362479951724,1.25,0.25,-0.4268592091331935,-0.3122509616371791,-0.13105719685660253,-0.3774514761069996,5,0.11969042725871153,True,False,True,rolling,rolling
4,CMI,TMUS,2024-05-09,2024-05-10,2025-07-15,2025-07-16,2026-09-15,0.010433600332561063,1.2853057503150764,42.94869586234217,0.0,15.133319745400312,0.002163268762724699,2354,1.3643386819756573,1.25,0.25,-0.6466003669512294,-0.4812572925113045,-0.3707909175644825,-0.49075830369316464,5,0.06800604352026737,True,False,True,rolling,rolling
0,CZR,UNH,2019-09-05,2019-09-06,2020-11-03,2020-11-04,2022-01-04,0.09003023572585944,0.2837979329857101,27.78171688085493,0.0,3.8113353321518106,0.027296749858238347,1177,0.34305902503639757,2.0,0.5,0.7267623778759751,0.4816220365596192,0.30127026433646587,-0.2042951170242624,6,0.059872592468985845,True,False,True,rolling,rolling
1,CZR,UNH,2020-11-03,2020-11-04,2022-01-04,2022-01-05,2023-03-08,0.007617451262409916,0.24324105607205523,62.93729436068348,0.0,7.539522035729272,0.0015161866052590043,1471,0.6578652210899553,1.75,0.25,-0.9450141129203661,-0.557051655382859,-0.15748742053613266,-0.2523610325598128,2,0.01785864016592652,True,False,True,rolling,rolling
2,CZR,UNH,2022-01-04,2022-01-05,2023-03-08,2023-03-09,2024-05-09,0.005667423118209544,0.3022349301774053,55.175741278791634,0.25,9.775320009211509,0.00109961425814684,1765,0.08207925547268874,2.0,0.5,1.0153878510927596,0.46918644946828125,0.05400852123137246,-0.03680079260797964,1,0.0423194399940396,False,False,True,rolling,rolling
3,CZR,UNH,2023-03-08,2023-03-09,2024-05-09,2024-05-10,2025-07-15,0.45852100434287457,0.16824993262925625,190.74281763755303,0.25,18.58944534510424,0.23142212585178457,2059,0.39101866089240533,2.25,0.75,0.3049817107663256,0.07564798697452768,0.015769576471445272,-0.033137405463740666,1,0.023746394139135926,False,False,True,rolling,rolling
4,CZR,UNH,2024-05-09,2024-05-10,2025-07-15,2025-07-16,2026-09-15,0.5652390442424189,0.12421684965926415,248.2338620848879,0.0,19.83061136492618,0.31924528067040703,2354,0.43233307372229374,2.0,0.25,-0.28159860476948756,-0.14349904295983149,-0.010175750027265429,-0.02850626266795908,2,0.062483893280961614,True,False,True,rolling,rolling
0,PEP,XEL,2019-09-05,2019-09-06,2020-11-03,2020-11-04,2022-01-04,0.003532865606880358,1.4423107076992547,23.801473683060358,0.25,2.7725836866809517,0.0006401644856727093,1177,0.546435473637309,1.25,0.5,-0.12083883642800679,-0.08485553048283377,-0.016504637091987497,-0.08895502383163956,4,2.493979621590381,True,False,True,rolling,rolling
1,PEP,XEL,2020-11-03,2020-11-04,2022-01-04,2022-01-05,2023-03-08,0.001026147376174148,1.426048056559318,18.72310641876175,0.25,2.9591018154980424,0.0001639980134359539,1471,0.3252954104568037,1.75,0.25,0.5525540699528739,0.3817621980414946,0.11049167334178236,-0.15387783717313386,3,0.08794199786769265,True,False,True,rolling,rolling
2,PEP,XEL,2022-01-04,2022-01-05,2023-03-08,2023-03-09,2024-05-09,0.7495043127526413,1.6546816744500827,115.55822430980056,0.25,5.936344768150503,0.5202612857773286,1765,0.9384580129845699,1.25,0.75,-0.9481979346266508,-0.5801595150758632,-0.1628830671431193,-0.19123363716498365,2,0.035214837067569144,True,False,True,rolling,rolling
3,PEP,XEL,2023-03-08,2023-03-09,2024-05-09,2024-05-10,2025-07-15,0.5492200173283165,1.9689791429716283,150.5894749785573,0.25,9.1552984565315,0.3049945725422184,2059,-0.580365782572754,2.0,0.75,-0.4355329285721736,-0.15791261073989324,-0.05425684439793611,-0.15672327817286635,1,0.04490287724614307,False,False,True,rolling,rolling
4,PEP,XEL,2024-05-09,2024-05-10,2025-07-15,2025-07-16,2026-09-15,0.9056603773858587,2.2082045095465612,352.62601376405166,0.25,13.992172323658828,0.7619472551897525,2354,0.36587765502196,1.25,0.5,-0.645810763794098,-0.33653836762472017,-0.09836605688270511,-0.20068797761634627,4,0.07939974988416285,True,False,True,rolling,rolling
0,ED,NOC,2019-09-05,2019-09-06,2020-11-03,2020-11-04,2022-01-04,0.21305277044152154,0.12468378480384369,58.70689948396755,0.0,4.027774570964644,0.08083266406238815,1177,1.6149103188067409,1.25,0.25,0.6130513424798343,0.4821847464035042,0.08475838287095828,-0.1219343234224124,5,0.11743081809486798,True,False,True,rolling,rolling
1,ED,NOC,2020-11-03,2020-11-04,2022-01-04,2022-01-05,2023-03-08,0.037151213497909175,0.12588706095288535,39.478979378001775,0.0,4.097678358263975,0.009437617723902907,1471,-0.5868698497680103,1.25,0.5,-0.6628084395625828,-0.32148533036817983,-0.08751938435749465,-0.19513905377050822,4,0.09412125211435506,True,False,True,rolling,rolling
2,ED,NOC,2022-01-04,2022-01-05,2023-03-08,2023-03-09,2024-05-09,0.02423317765271151,0.11251458738255603,42.329267470483586,0.0,4.173316902931228,0.005707596462311507,1765,0.4262929044119888,1.75,0.25,-0.28084315842684476,-0.14883499768823064,-0.038955392242731354,-0.11034230067397688,3,0.22134473877075758,True,False,True,rolling,rolling
3,ED,NOC,2023-03-08,2023-03-09,2024-05-09,2024-05-10,2025-07-15,0.0013807004403571046,0.1147709166050598,36.55978940971446,0.0,4.2597377653800566,0.0002253488364049695,2059,0.29140896358614704,1.5,0.5,0.5774283180695722,0.3947269362494769,0.10397993524124588,-0.1499548804691455,6,0.13455202072437913,True,False,True,rolling,rolling
4,ED,NOC,2024-05-09,2024-05-10,2025-07-15,2025-07-16,2026-09-15,0.0003629540624776908,0.12074406176512803,35.03361913216045,0.25,4.249027773984907,5.248864480819265e-05,2354,0.9319722355611594,2.25,0.75,0.8429818845275278,0.49623187602557356,0.08996698163309597,-0.034218024992659246,4,0.09254791935854421,True,False,True,rolling,rolling
0,PEP,SO,2019-09-05,2019-09-06,2020-11-03,2020-11-04,2022-01-04,0.07971953037003798,2.4150082309987253,45.0446660051302,0.25,4.799729944054739,0.02351261203041801,1177,1.03129562399074,1.75,0.25,0.3270074213382365,0.17056717794320306,0.03232155501399109,-0.07140882746600008,3,0.1904874603402442,True,False,True,rolling,rolling
1,PEP,SO,2020-11-03,2020-11-04,2022-01-04,2022-01-05,2023-03-08,0.06197186224961124,2.183652461836926,37.18835009774066,0.25,5.337156650516725,0.017090692333933045,1471,0.7716228650665449,2.25,0.25,-0.43310911250077566,-0.18719492310066502,-0.04733907732283737,-0.12045104520625582,1,0.054176471950230606,False,False,True,rolling,rolling
2,PEP,SO,2022-01-04,2022-01-05,2023-03-08,2023-03-09,2024-05-09,0.028473210478224723,2.325397007835229,38.55251931862071,0.5,5.587350578411411,0.006925604825145041,1765,1.3430659253144221,1.5,0.25,-0.640676147888158,-0.4440550459889316,-0.10803763773223751,-0.17906091823782466,2,0.07361380776418967,True,False,True,rolling,rolling
3,PEP,SO,2023-03-08,2023-03-09,2024-05-09,2024-05-10,2025-07-15,0.0035249354093510894,2.3772795018142476,43.499186017032464,0.25,6.653768890646044,0.0006405345302725471,2059,0.25719182442781696,1.5,0.5,-1.0222785572641115,-0.5769748051452972,-0.11722143938048947,-0.16175403253774268,3,0.072198278087189,True,False,True,rolling,rolling
4,PEP,SO,2024-05-09,2024-05-10,2025-07-15,2025-07-16,2026-09-15,0.0006957744533721944,2.4410140682942214,39.107253320140764,0.0,6.87039395045596,0.00010651859754537429,2354,0.5935290654516342,1.75,0.75,-0.37280046175587594,-0.13808588062387647,-0.037304776762738905,-0.11358351151311874,3,0.14489813603733484,True,False,True,rolling,rolling
0,DHI,SCCO,2019-09-05,2019-09-06,2020-11-03,2020-11-04,2022-01-04,0.7033080673008507,1.000669188693992,97.27472971424065,0.0,4.221680369350655,0.463158077564021,1177,0.05337709420248453,1.25,0.5,0.3936548702083851,0.27131106854895887,0.10667284848291482,-0.17073434967597645,4,0.08861746467255961,True,False,True,rolling,rolling
1,DHI,SCCO,2020-11-03,2020-11-04,2022-01-04,2022-01-05,2023-03-08,0.30958880346829226,1.519580233140792,91.9888458037991,0.0,7.351323457506477,0.13299482717680172,1471,0.5869907733669861,2.0,0.75,0.268635988370968,0.14448868404517123,0.043869129452372015,-0.08662571313986667,3,0.11881023163473735,True,False,True,rolling,rolling
2,DHI,SCCO,2022-01-04,2022-01-05,2023-03-08,2023-03-09,2024-05-09,0.1824505954985412,1.7370926372846085,69.8223575537483,0.0,8.535617025659139,0.06613407416585239,1765,0.162968243074883,1.75,0.25,-0.5256870644311904,-0.37301244423044394,-0.18589951063149499,-0.31869953474911417,3,0.06022734533865184,True,False,True,rolling,rolling
3,DHI,SCCO,2023-03-08,2023-03-09,2024-05-09,2024-05-10,2025-07-15,0.020702365688513778,1.6167929299831518,52.83768156535835,0.0,8.887054227843663,0.004751375179913917,2059,0.28897602372678377,2.0,0.5,0.44107434620844926,0.2187775089408568,0.09676277416374647,-0.18913674788544466,2,0.05726413577260957,True,False,True,rolling,rolling
4,DHI,SCCO,2024-05-09,2024-05-10,2025-07-15,2025-07-16,2026-09-15,0.0012144578994331982,1.7228805057748522,50.45017666334979,0.0,10.152197641812254,0.00019869285912562642,2354,1.1487995425084572,2.25,0.75,,,0.0,0.0,0,,False,False,True,rolling,rolling
0,NSC,UNP,2019-09-05,2019-09-06,2020-11-03,2020-11-04,2022-01-04,0.061358788538996095,1.2637637692252865,35.217164012270636,0.0,6.590381039957221,0.017129075939391267,1177,0.6906068044725342,1.75,0.75,0.703019583180257,0.4504473511473681,0.08374251369347392,-0.07625730226986216,5,0.19488967085894204,True,False,True,rolling,rolling
1,NSC,UNP,2020-11-03,2020-11-04,2022-01-04,2022-01-05,2023-03-08,0.019305569366028796,1.2120777969341505,29.3415929924223,0.25,6.620829003308007,0.0043949517224410855,1471,1.2492493032052454,1.25,0.25,-0.21517141422877106,-0.1367558335205324,-0.03816878835505963,-0.14045681630617368,3,0.31203741627486037,True,False,True,rolling,rolling
2,NSC,UNP,2022-01-04,2022-01-05,2023-03-08,2023-03-09,2024-05-09,0.004122754542620296,1.2940916572261607,30.635879406871396,0.25,7.522146560345064,0.0007583450736449313,1765,0.8719760800806806,2.25,0.75,-1.0821369640065024,-0.4000946535831237,-0.05385986882561076,-0.06263556896759359,2,0.1213056687727012,True,False,True,rolling,rolling
3,NSC,UNP,2023-03-08,2023-03-09,2024-05-09,2024-05-10,2025-07-15,0.016353509867738824,1.231604503082282,39.09494314702425,0.25,9.142640341572127,0.0036187573998765154,2059,1.1067665940372795,1.5,0.75,-0.09547100149950889,-0.06981892252106345,-0.013710805136236005,-0.1106506623903486,4,4.53435887668527,True,False,True,rolling,rolling
4,NSC,UNP,2024-05-09,2024-05-10,2025-07-15,2025-07-16,2026-09-15,0.38370563646615063,1.1404814597208681,91.32978503648434,0.0,13.012560488462864,0.17911356803405337,2354,0.0019643214744262155,1.25,0.5,0.6991957427772265,0.500683694229464,0.0665715709093508,-0.08157350925304319,4,0.16231266092369814,True,False,True,rolling,rolling
