metric,outcome,n_traded_pairperiods,n_periods,ic,ic_t,Q1,Q2,Q3,Q4,Q5,Q5_minus_Q1,t,p
coint_strength,net,78580,19,0.0019005298442946062,0.06923021760747822,-0.41471016461317317,-0.2065528732315755,-0.3097647109678679,-0.11774527717156479,-0.39474327667696313,0.019966887936210043,0.019023456836121628,0.985031679507191
coint_strength,gross,78580,19,0.0017128132456434547,0.06277517302792951,-0.054151796701273104,0.10853109926714559,0.006967542392360561,0.22694699574825683,-0.06259960472679042,-0.008447808025517409,-0.008067451100967134,0.9936519161556587
neglog10_p,net,78580,19,0.0019003586251945233,0.06922327728696967,-0.41471016461317317,-0.2065528732315755,-0.3097647109678679,-0.11774527717156479,-0.39474327667696313,0.019966887936210043,0.019023456836121628,0.985031679507191
neglog10_p,gross,78580,19,0.0017126504371265997,0.06276856580811423,-0.054151796701273104,0.10853109926714559,0.006967542392360561,0.22694699574825683,-0.06259960472679042,-0.008447808025517409,-0.008067451100967134,0.9936519161556587
fast_reversion,net,78580,19,-0.01284822604298602,-0.507719701092653,-0.35930913521608904,0.051510519677471785,-0.2648812132209184,-0.3665385958163855,-0.5188370787519601,-0.1595279435358709,-0.17179577719934952,0.8655147704441876
fast_reversion,gross,78580,19,-0.01159260627359303,-0.4645168896376917,-0.03315222772130554,0.3709182448472276,0.04921472996636567,-0.019118837487773918,-0.1592572079162411,-0.12610498019493555,-0.1379572412455017,0.8918057795756388
crossings_per_year,net,78580,19,-0.019251824354326805,-1.2518053605125736,-0.025373550570379905,-0.17567317233744617,-0.23911986580542646,-0.43269459380378505,-0.5835184816093948,-0.5581449310390149,-1.124026451603561,0.27576918673387274
crossings_per_year,gross,78580,19,-0.01689810820276947,-1.1182200994543299,0.2546328371774891,0.13224245184514047,0.10422004790562746,-0.07068376742775229,-0.20688829649810392,-0.46152113367559305,-0.9711790087572241,0.34432969969548827
entries_per_year,net,78580,19,-0.012980732067132862,-0.8302705321117569,0.09733138846090816,-0.20917618256752463,-0.49226508581437034,-0.36873638892258276,-0.5165079025744517,-0.6138392910353598,-1.089666605264339,0.2902337285963792
entries_per_year,gross,78580,19,-0.01106996211090239,-0.7062276502646858,0.407085698144863,0.10344713117010629,-0.15659941061176877,-0.01595236774401198,-0.1505440177018201,-0.5576297158466829,-0.9783904356974233,0.3408488191651125
gross_bps_per_trade,net,78580,19,0.02140542806395465,0.7044074211740976,-0.20867222972401,-0.49725687739886415,-0.6714540130856713,-0.20516431082740139,0.13982215482148921,0.34849438454549925,0.3081349069053242,0.761517000096126
gross_bps_per_trade,gross,78580,19,0.024731821438859224,0.8115603562143969,0.08000490994175813,-0.20151839448316927,-0.35734693646708504,0.1411759821695946,0.5642464338319368,0.48424152389017855,0.42879684686312214,0.67315887661199
cost_bps_per_trade,net,78580,19,0.013254127829895563,0.55127194930996,-0.5477978335656295,-0.26933093687306014,-0.2185574578094806,0.08565411042502184,-0.507904047186378,0.039893786379251464,0.050380473995509656,0.9603740534008813
cost_bps_per_trade,gross,78580,19,0.01650718351057141,0.6825550046029021,-0.24030858576884925,0.02650722188034607,0.07324773680662865,0.41166996368163344,-0.06229861399548951,0.17800997177335967,0.22188011863764312,0.8269050795032907
net_bps_per_trade,net,78580,19,0.022231983996920623,0.744135428255856,-0.21893479656978676,-0.48671336427005557,-0.6500010870191533,-0.2916155316229623,0.18906742106715657,0.40800221763694333,0.36585192913613623,0.7187398522440986
net_bps_per_trade,gross,78580,19,0.025555506808180792,0.8530157346407075,0.06982411719103766,-0.19035081378210075,-0.33518212423190363,0.05276933167089872,0.6114994394601618,0.5416753222691241,0.4868473690893049,0.6322418687526834
edge_ratio,net,78580,19,0.018427049659559252,0.8557805917106124,-0.36152227221654254,-0.2213480307907817,-0.6248779026663943,-0.39506867739608487,0.14502429756865579,0.5065465697851984,0.6264281058184996,0.5388981100387347
edge_ratio,gross,78580,19,0.01891658909537799,0.8765588786762325,-0.010346323014820658,0.09297252299750089,-0.30168388725730527,-0.06465043515416367,0.49259914775416425,0.5029454707689849,0.6250339474370372,0.5397923218833376
net_edge_bps_per_year,net,78580,19,-0.009087134567763144,-0.41985605564299916,0.18654782486924026,-0.04137610920718681,-0.5474936702375626,-0.6768857964743449,-0.37912313263016345,-0.5656709574994038,-0.8294218297840222,0.41772999884435913
net_edge_bps_per_year,gross,78580,19,-0.005175239039521436,-0.23680761514681734,0.47114161820140277,0.25732700828652383,-0.23693412099194183,-0.3376244449512993,0.054523513928039544,-0.41661810427336327,-0.6121372175525073,0.5481023258775598
stability,net,78580,19,-0.0022361762045755846,-0.09815718399106826,-0.3445378248239998,0.41972240310301956,-0.8533811447611658,-0.24014317648354316,,,,
stability,gross,78580,19,-0.0032421809380258335,-0.14235497986508308,0.033220248589418765,0.7792982101664438,-0.5600731087698905,0.08199156438938075,,,,
neg_beta_cv,net,78580,19,0.014436599685637685,0.5258376649977591,-0.6600336707459884,-0.2844392309360564,-0.13229817126989393,-0.27469533897148635,-0.09164131655720736,0.568392354188781,0.5955550415562008,0.558887019998306
neg_beta_cv,gross,78580,19,0.011891882240729644,0.4287224824772958,-0.2596506961896294,0.07379158856011177,0.17883553908469355,0.027023755350310014,0.20604992969307093,0.46570062588270045,0.4836024395173199,0.6344987054957136
ret_corr,net,78580,19,0.008447406945844761,0.4268547773238728,-0.7378181858926075,-0.18597926583777566,-0.23044387728575,-0.07915669028646782,-0.20960375138653556,0.5282144345060719,1.0580473943575102,0.3040270799433453
ret_corr,gross,78580,19,0.004299099031873258,0.21600892838176242,-0.2545381385281162,0.12271715182522441,0.06285857717543028,0.2119033175306855,0.08316937002898583,0.33770750855710213,0.6945872362498992,0.4961825223698781
