metric,quintile,n_pair_periods,traded_share,trades_per_pair,win_rate,avg_days_held,avg_net_per_trade_usd,target_share,stop_share,time_share,end_of_window_share,ret_target_pct,ret_stop_pct,ret_time_pct,ret_end_of_window_pct,net_ret_pct
coint_strength,1,21565,0.7323440760491537,1.4198006028286576,0.46733947351231303,40.02750016330263,-98.93172494934961,0.14664576392971454,0.18531582729113594,0.44526095760663664,0.2227774511725129,2.4468415291072865,-1.9711012654628486,-0.6819545613945285,0.06575097502812503,-0.14046332272196557
coint_strength,2,21546,0.651489835700362,1.2280237631114823,0.45107524849767566,34.26372878793605,-62.45293059422711,0.17275785177066405,0.2553384481650856,0.29797044483918517,0.2739332552250652,2.321359212239417,-2.042339495720681,-0.5028958005300065,0.14718240116560743,-0.07669368284566291
coint_strength,3,21546,0.686809616634178,1.2792629722454283,0.44871748358306424,32.624351485687335,-153.346362178615,0.1877879766353445,0.277074338787505,0.25243986503646193,0.2826978195406886,2.493850520488237,-2.2577742809539303,-0.46818445637009376,0.03593789377214798,-0.19617032306363905
coint_strength,4,21546,0.7495126705653021,1.4391998514805533,0.43906607759037697,29.823986584539973,-48.01615663931563,0.2090360862975265,0.3212615692218388,0.19691057434938244,0.2727917701312522,2.947475047577122,-2.6718792399663163,-0.38646415632854353,0.04176350321376799,-0.06910484550397003
coint_strength,5,21546,0.826278659611993,1.7871530678548222,0.425050641458474,26.15628733184439,-156.99169185827697,0.22567911494312576,0.39721082428712406,0.14802887861631953,0.22908118215343062,3.2969882216798965,-3.3780847651671024,-0.4303626219759052,0.2308909817308724,-0.2805681837322387
neglog10_p,1,21565,0.7323440760491537,1.4198006028286576,0.46733947351231303,40.02750016330263,-98.93172494934961,0.14664576392971454,0.18531582729113594,0.44526095760663664,0.2227774511725129,2.4468415291072865,-1.9711012654628486,-0.6819545613945285,0.06575097502812503,-0.14046332272196557
neglog10_p,2,21546,0.651489835700362,1.2280237631114823,0.45107524849767566,34.26372878793605,-62.45293059422711,0.17275785177066405,0.2553384481650856,0.29797044483918517,0.2739332552250652,2.321359212239417,-2.042339495720681,-0.5028958005300065,0.14718240116560743,-0.07669368284566291
neglog10_p,3,21546,0.686809616634178,1.2792629722454283,0.44871748358306424,32.624351485687335,-153.346362178615,0.1877879766353445,0.277074338787505,0.25243986503646193,0.2826978195406886,2.493850520488237,-2.2577742809539303,-0.46818445637009376,0.03593789377214798,-0.19617032306363905
neglog10_p,4,21546,0.7495126705653021,1.4391998514805533,0.43906607759037697,29.823986584539973,-48.01615663931563,0.2090360862975265,0.3212615692218388,0.19691057434938244,0.2727917701312522,2.947475047577122,-2.6718792399663163,-0.38646415632854353,0.04176350321376799,-0.06910484550397003
neglog10_p,5,21546,0.826278659611993,1.7871530678548222,0.425050641458474,26.15628733184439,-156.99169185827697,0.22567911494312576,0.39721082428712406,0.14802887861631953,0.22908118215343062,3.2969882216798965,-3.3780847651671024,-0.4303626219759052,0.2308909817308724,-0.2805681837322387
fast_reversion,1,21388,0.6448008228913409,1.167944641855246,0.48058446757405926,40.94051240992794,-156.43734869681055,0.14807846277021616,0.14967974379503604,0.455404323458767,0.24683746997598077,2.074584070763219,-1.5210915778472869,-0.7918465197171309,0.055643863604718194,-0.18271016319648078
fast_reversion,2,21381,0.6491277302277724,1.1667835929095927,0.4663085741772558,35.10438128833126,202.86543637511622,0.1754519581512807,0.22583877820980477,0.3069306930693069,0.29177857056960754,2.431233027830931,-1.8378796343850679,-0.4976835717802749,0.1410302410653423,0.2367000627309305
fast_reversion,3,21380,0.7029934518241348,1.3075304022450889,0.44972276873546774,32.936147379717404,-148.53727677221605,0.1799320336254695,0.2747272402074763,0.2571632981577535,0.2881774280093007,2.5579340005769966,-2.3250416129458453,-0.4891539208177007,0.062044527940184196,-0.19421700524636581
fast_reversion,4,21381,0.7733501707123147,1.5102193536317292,0.4353979560235367,30.30049550944565,-89.1749389014434,0.20737070300402602,0.31917002167853825,0.21015794363580056,0.26330133168163516,3.062024406123507,-2.7787165137531793,-0.4102043195506698,-0.007777291407544719,-0.1346737185878868
fast_reversion,5,21375,0.8669941520467837,1.9741286549707602,0.4163803113965448,25.95973647415693,-256.4507134828153,0.22482640946038818,0.4144844420219447,0.15095859895253216,0.20973054956513495,3.4528357801665095,-3.7892538311478488,-0.4200858110440843,0.250237159951301,-0.5062667020741219
crossings_per_year,1,21729,0.5820792489300014,0.9562336048598647,0.4890749831552604,38.85195880257965,199.5719111253922,0.17114255462508424,0.14885937048801617,0.38742901145442293,0.2925690634324767,1.9292554156762078,-1.2071274566646515,-0.5914026653183155,0.06011207431096548,0.19083736800420628
crossings_per_year,2,21323,0.6992918444871735,1.2614547671528396,0.458881701241728,35.21432820284036,-8.722267670182251,0.18068257863038145,0.2252955610082534,0.3102089374674697,0.2838129228938955,2.620097466015311,-2.1160226775565265,-0.5243661473443005,0.009288612752581502,-0.011002746132934603
crossings_per_year,3,21582,0.737698081734779,1.4099249374478733,0.4522330671398994,33.188767294357355,-105.25457354466252,0.18222748036412634,0.27302901837063326,0.2751322751322751,0.2696112261329653,2.663026126935071,-2.4648181660283335,-0.4341189228711068,0.08750991394330875,-0.14840104802106086
crossings_per_year,4,21376,0.7810160928143712,1.5989895209580838,0.4329139847864248,30.616354593329433,-223.31343596672775,0.1957577530719719,0.32349327091866587,0.2304564072557051,0.25029256875365713,2.9128689069364397,-2.8724932409974357,-0.5190233805263151,0.12157187058737019,-0.35707584399994186
crossings_per_year,5,21739,0.8466350798104788,1.926031556189337,0.41870074038691185,27.526343443993312,-227.33994429381207,0.20914736087891092,0.40138524002866016,0.18242178170527823,0.20704561738715072,3.38239142806484,-3.6598661133609376,-0.4017272573223827,0.24133803592627254,-0.43786390669220815
entries_per_year,1,19989,0.6144879683826104,1.034669067987393,0.47219804661057924,36.62933952228991,128.9213057645735,0.17126003287883185,0.1927763272410792,0.3329948747703317,0.3029687651097573,1.9187384285780262,-1.3613448910613895,-0.406167745238688,-0.01783490499880021,0.13339088727914897
entries_per_year,2,22726,0.6947989087388894,1.287512100677638,0.44993164730006835,34.0258031442242,-132.145799066873,0.1731032125768968,0.25516062884483937,0.28820915926179086,0.283526999316473,2.3117964995013907,-1.994205641885098,-0.5456749119408411,0.05794473897223361,-0.17013931535231464
entries_per_year,3,22523,0.7599786884518048,1.5308351462948986,0.4444444444444444,31.75672148264161,-8.859544203532673,0.19623538965747267,0.3054322921198411,0.252472519504626,0.24585979871806027,3.221986790016656,-2.865105633919747,-0.5321605933049666,0.1617169355611367,-0.013562501646921151
entries_per_year,4,20501,0.7590361445783133,1.499292717428418,0.44347203695871423,32.347951979698735,-208.66011591787796,0.1912678530760972,0.2936526010996519,0.26551062237693984,0.24956892344731105,2.633878082394829,-2.514081744235874,-0.5653184818018071,0.1326795514294079,-0.3128425922134439
entries_per_year,5,22010,0.8100408905043163,1.7717855520218082,0.42844321358053183,28.74515988409365,-218.5548804089841,0.20916993614893453,0.3670538759391748,0.20758007026181502,0.21619611765007565,3.3439509014413495,-3.494110413461209,-0.4149592344488834,0.17788636703625083,-0.3872323794324921
gross_bps_per_trade,1,21565,0.8494783213540459,1.9152330164618594,0.4265410875986635,26.574403176601617,-105.50492050504386,0.2275434603651155,0.4068083870030507,0.16403563992058495,0.20161251271124886,2.6959331767499073,-2.8759472346289328,-0.25853882527360755,0.2364863760021892,-0.20206650715044386
gross_bps_per_trade,2,21546,0.7834864940128098,1.5737027754571615,0.43530834340991537,31.40156899755213,-276.58401755123066,0.19240864718199782,0.32193942253811897,0.23882974017164596,0.24682219010823725,2.6019057493481816,-2.7611889863536736,-0.42489852716091503,0.14892072809894374,-0.43526103606746397
gross_bps_per_trade,3,21546,0.7300194931773879,1.4041585445094218,0.43971045151054405,33.0457460170556,-309.90674108076894,0.17273748925761884,0.2795663383354267,0.2760957228796192,0.27160044952733525,2.5932116932595237,-2.5353093925746673,-0.5912296430098716,0.09816914383538465,-0.4351581984896307
gross_bps_per_trade,4,21546,0.6852315975122992,1.2509050403787245,0.46122736717126744,35.622625408132976,31.039063228597566,0.17405016325319086,0.2202062926684476,0.31697091124962895,0.28877263282873256,2.926388431261601,-2.3155844479918737,-0.5624533513083548,-0.009523711320085847,0.03882692064128651
gross_bps_per_trade,5,21546,0.5981156595191683,1.0090039914601319,0.48219871205151793,38.692778288868446,268.29704271319963,0.16421343146274148,0.14779208831646734,0.39153633854645814,0.29645814167433304,2.688855822935142,-1.8323510615866643,-0.6331146323296802,0.04732265797576986,0.27071278699456786
cost_bps_per_trade,1,21388,0.8603422479895269,1.9488965775201048,0.42038720821437997,26.01408247966797,-225.2571696043343,0.22599141136674425,0.40963942134683207,0.15214835784372527,0.21222080944269847,3.2954314487373693,-3.5430971182499973,-0.3983936158865045,0.20705635849537896,-0.43900292690375287
cost_bps_per_trade,2,21381,0.7783546139095459,1.5248117487488893,0.4319980369302497,30.648058401325073,-46.879591592661264,0.2020428194589289,0.3220047849825164,0.21409729464450034,0.26185510091405434,3.0703750010564415,-2.8435428707927497,-0.33672556368102097,0.03841088138028942,-0.0714825520370395
cost_bps_per_trade,3,21380,0.7014499532273153,1.2957436856875584,0.4539580550842869,32.969281305273796,-78.74785460967412,0.18680287333501785,0.26859906869292133,0.25538750315850267,0.2892105548135581,2.6481330255952065,-2.215998170686764,-0.5786433671282707,0.044471476847901495,-0.10203703537192724
cost_bps_per_trade,4,21381,0.6502034516626912,1.1806276600720265,0.46389097967753434,34.68597234876996,90.5922535312362,0.17383036881511707,0.23063819672780572,0.3064611971635701,0.2890702372935071,2.4156960667979046,-1.9432204865157798,-0.507135314374712,0.1416154543998226,0.10695572030723517
cost_bps_per_trade,5,21375,0.6467836257309941,1.176046783625731,0.4752168032460816,40.59750179011854,-234.2149506421097,0.1479433526931339,0.15963879385790436,0.44733073434640785,0.2450871191025539,2.148214157644199,-1.704872507082173,-0.788312614124634,0.06952322418289629,-0.27544773937971245
net_bps_per_trade,1,21388,0.8500093510379653,1.917991397045072,0.4267222465993857,26.651260299351566,-103.86117713936115,0.22682950611866803,0.40544098288723124,0.166130369070255,0.20159914192384573,2.685271309898674,-2.8624018222600474,-0.25849254694282364,0.23641821506392804,-0.199204844240269
net_bps_per_trade,2,21381,0.7850427950049109,1.579720312426921,0.435279488394126,31.324253908100427,-272.8167273552925,0.19315490288962578,0.3237801989578399,0.23830530554239696,0.24475959261013738,2.608729738614886,-2.7681905807275307,-0.43116342153437104,0.15965013787402318,-0.4309741257729929
net_bps_per_trade,3,21380,0.731244153414406,1.406314312441534,0.43988425848937374,33.15625103934546,-328.07341181607757,0.17294708484384874,0.27864436092726247,0.2775135530648219,0.2708950011640669,2.5837567789313387,-2.5428105022087353,-0.5922663930592054,0.08994578176812733,-0.4613743345684753
net_bps_per_trade,4,21381,0.6847200785744353,1.2479771759973808,0.4598058689052955,35.42630139039838,-2.06852113451021,0.17471798523404414,0.22216392459618484,0.31214631038488927,0.29097177978488176,2.9222088526103263,-2.329853431262028,-0.575775544211062,-0.01916134430117324,-0.0025814671639370515
net_bps_per_trade,5,21375,0.5861052631578947,0.9740818713450292,0.4868642236203833,38.39940444743288,321.52339363833664,0.1728063013303876,0.14288458767590415,0.37659094183756786,0.3077181691561404,2.7782565757009485,-1.7477249826357732,-0.7515486924998661,0.034207208391126065,0.31319010895643545
edge_ratio,1,21388,0.7929680194501589,1.630213203665607,0.4569076777468667,34.32979608225543,-112.4113711087788,0.18412825881205724,0.2740700375713425,0.32400263859810136,0.21779906501849886,2.2022698594050194,-1.9148254894416157,-0.6173877910305476,0.14668891964345843,-0.1832545014236857
edge_ratio,2,21381,0.7518357420139377,1.5182638791450354,0.44445813566631753,31.060532314706425,-116.23942335541571,0.20719610621649928,0.3205594233257347,0.23991128088226235,0.23233318957550367,2.48561188275719,-2.367779792484577,-0.4536578036663698,0.15934359558058153,-0.17648211781317544
edge_ratio,3,21380,0.7234798877455566,1.4345650140318054,0.4291350135306968,31.19145120798148,-364.749589445901,0.19073391803332138,0.3225848521404584,0.23618401747579146,0.25049721235042877,2.4826189446863127,-2.585267825664099,-0.5446248784852232,0.12401675956145466,-0.5232569999015543
edge_ratio,4,21381,0.7121275899162808,1.3631261400308685,0.4392520157831532,31.67260250471779,-207.32308548987643,0.18675587579344657,0.2982672842683136,0.23928632698576086,0.275690512952479,2.8571728193566632,-2.7134216305896084,-0.5021299096806664,0.07577120365050662,-0.2826075172631049
edge_ratio,5,21375,0.6567485380116959,1.1800701754385965,0.45654931810973676,32.03155724706629,325.97079712121007,0.19227719632096416,0.24976213130352046,0.24084205518553758,0.3171186171899778,3.5509199779188148,-2.6702576808554013,-0.4912534423746556,-0.004740438942072785,0.3846684157466855
net_edge_bps_per_year,1,21388,0.6707499532448101,1.2213858238264448,0.4643800482333576,32.9751942732458,159.57258478677628,0.1978716073957815,0.2573976955173602,0.2630632010106037,0.28166749607625463,2.0622055041180105,-1.5188583458542948,-0.38090820030245426,0.03246073496865077,0.1948996929299119
net_edge_bps_per_year,2,21381,0.7562321687479537,1.5241101912913335,0.444226225181821,30.675299966244207,12.060360988638509,0.20526590358118268,0.32491484334243714,0.22821984226838923,0.2415994108079909,2.6240192147950956,-2.3485157090308704,-0.3892149645279777,0.13209277785718918,0.018381319093436453
net_edge_bps_per_year,3,21380,0.7649204864359215,1.5426099158091675,0.4356750856553773,31.179770170704344,-241.06675235220874,0.19502137594372518,0.3210636427033747,0.24132076043782785,0.24259422091507232,2.718890127019248,-2.6456879806024887,-0.5617798941664414,0.11670578519925207,-0.3718719625504301
net_edge_bps_per_year,4,21381,0.7424816425798606,1.4906225153173378,0.4347839728907157,32.068055599134006,-317.48841797379316,0.18606256471400331,0.30250070597094536,0.26026795519437734,0.25116877412067395,2.8867995747668527,-2.795707600778576,-0.6307373547517608,0.06638999657926632,-0.4732553841842177
net_edge_bps_per_year,5,21375,0.7028304093567251,1.3476959064327485,0.45148748568056374,34.074738778769046,-110.82097138460549,0.17596417537404102,0.2536536258548269,0.30600201339952093,0.26438018537161107,3.2866618131877123,-2.942991781167739,-0.6465352113468618,0.153512209844955,-0.1493529694819335
stability,1,25166,0.6766669315743463,1.3159818803147103,0.45428467902651126,35.237695513014074,-73.22922498292841,0.16731082794854762,0.25037743825110215,0.3264387946132013,0.255872939187149,2.558642191458549,-2.2435840664116466,-0.47688870234823927,0.06546224411431376,-0.09636833318702284
stability,2,7621,0.8072431439443642,1.6719590604907493,0.43368388008161984,34.57447810390833,87.69682330332921,0.1699890127138597,0.2857479202636949,0.32789201067336365,0.21637105634908177,3.3015781345286643,-2.9575287320939685,-0.3450184822054898,0.147594578069051,0.14662549829825725
stability,3,4741,0.7456232862265345,1.4125711875131828,0.4330297147976706,35.79647603404509,-657.913656819396,0.17858742720621174,0.24981334926086307,0.3174555771240854,0.2541436464088398,2.440395205993004,-2.0295285324294254,-1.147609651444798,-0.19260689761329558,-0.9293498754945149
stability,4,70221,0.7385824753278933,1.4468321442303584,0.44413275851886846,30.670662808322998,-105.59710037177176,0.20183468178507452,0.3121911848658438,0.2280162995334554,0.2579578338156263,2.704829353766804,-2.5189931334172204,-0.47218084053640086,0.13356334103141784,-0.1527812791553989
neg_beta_cv,1,21565,0.6977973568281939,1.3469974495710642,0.43854998622968877,33.48516248967227,-236.0234454353447,0.16885844120077115,0.27964059487744425,0.28015698154778296,0.27134398237400165,3.068840971060419,-2.9441841405103473,-0.5210495144684913,0.07846970487803466,-0.3179229790403848
neg_beta_cv,2,21546,0.7081592871066555,1.3498097094588322,0.44483031324141253,33.77007186328783,-63.74896996216887,0.1781796926039267,0.2651377093147199,0.2917168105078568,0.26496578757349654,2.791044732959969,-2.3832132966795103,-0.574938215490613,0.08105780058721927,-0.08604897862293492
neg_beta_cv,3,21546,0.7202264921563167,1.3807203193168105,0.4508050690779522,32.99573094893946,-72.1412205694765,0.18840969444351072,0.2759756630474974,0.27553867356885947,0.26007596894013246,2.545445991550589,-2.241246705058007,-0.4983533552899429,0.09454721969676842,-0.09960684910059212
neg_beta_cv,4,21546,0.7516012252854358,1.4868188990996007,0.44535664117371626,31.647604182924926,-146.4726009794396,0.1988450132667395,0.30332448884033086,0.25191197128141096,0.24591852661151864,2.5022201259167844,-2.3404563236554474,-0.4945330140993972,0.11499098050155429,-0.21777823133650545
neg_beta_cv,5,21546,0.7686809616634178,1.5891580803861505,0.44509345794392524,29.588901869158878,-26.106169224036453,0.21457359813084112,0.33770443925233645,0.21588785046728973,0.2318341121495327,2.5984142092144684,-2.4112204835941573,-0.38112938882640574,0.1524488334357891,-0.041486829770305766
ret_corr,1,21565,0.716114073730582,1.4111755158822166,0.43266955835962145,32.39934936908517,-359.19719835546124,0.1823080967402734,0.2956756046267087,0.2740536277602524,0.24796267087276552,2.8203353389727113,-2.796800139915537,-0.6347356320166613,0.1043101412667721,-0.5068902916927148
ret_corr,2,21546,0.7239394783254433,1.4017451034994894,0.4450698629229852,32.621713793788494,0.9449102720365904,0.19108006092311766,0.28203430236408183,0.2665386398251771,0.26034699688762336,2.9355603972936875,-2.399964875033974,-0.5984401309546185,0.0641691320419791,0.0013245233470737712
ret_corr,3,21546,0.7204585537918872,1.4003063213589528,0.4463226276888403,32.41785157933115,-78.69967330342855,0.19180670179974146,0.2892844121838852,0.26028305326306717,0.25862583275330614,2.673650635835176,-2.421159708944265,-0.4445009876698433,0.0818064107632572,-0.11020365001567552
ret_corr,4,21546,0.7370741668987283,1.4439803211733035,0.45680123425045,31.90196708665467,5.847993700148475,0.19645152995628695,0.29355232707636925,0.2539856004114168,0.256010542555927,2.647865252949243,-2.4146487272958694,-0.3751367520697819,0.15036461423776845,0.008444387821359855
ret_corr,5,21546,0.748862897985705,1.4962406015037595,0.4437930392704262,31.687015323531238,-103.82835443229399,0.19204044915937712,0.30854891742663937,0.25237297599106645,0.24703765742291706,2.4287735464204494,-2.2878774665623154,-0.4170897331557013,0.12084145380864643,-0.1553521994889211
