metric,ic_net,t_net,p_net,n_periods,pct_periods_pos,ic_gross,t_gross,p_gross,p_net_holm
coint_strength,0.0017665247932790653,0.07416188380729723,0.9416995348048247,19,0.47368421052631576,0.003771457466484297,0.15901931599003827,0.8754242872700233,1.0
neglog10_p,0.0017662531671312652,0.07414986404325705,0.9417089655707815,19,0.47368421052631576,0.0037712001076557053,0.15900719010887238,0.87543370254506,1.0
fast_reversion,-0.0033106804960768067,-0.15747783932246773,0.876621336865344,19,0.42105263157894735,0.0014583576831091532,0.07010922632073677,0.9448797633998361,1.0
crossings_per_year,-0.009046480003758947,-0.7396126362139164,0.46907200921584524,19,0.47368421052631576,-0.0035537731712700594,-0.294202591672048,0.7719688568076125,1.0
entries_per_year,-0.005304208496571439,-0.37724780962798216,0.7104004406452059,19,0.5789473684210527,-0.0011368642374160354,-0.08008966176697688,0.9370496805925098,1.0
gross_bps_per_trade,0.005258289757914526,0.22538802262069413,0.8242165716278457,19,0.5263157894736842,0.002971048432081362,0.12571701011040368,0.9013494647112519,1.0
cost_bps_per_trade,0.0031216973276960713,0.15930118110939095,0.8752054353646144,19,0.631578947368421,0.0021139593050024373,0.10675903471055248,0.9161610218171792,1.0
net_bps_per_trade,0.004763782856963836,0.20930581087366276,0.8365600833728765,19,0.5263157894736842,0.0023260599878644496,0.10084840958403857,0.9207856304353237,1.0
edge_ratio,0.0019400699101070902,0.11030669000188524,0.9133867220692709,19,0.47368421052631576,-0.000714743571440106,-0.04011885449066423,0.9684400102791142,1.0
net_edge_bps_per_year,-0.00955657381612719,-0.6057641855238922,0.5522339840519226,19,0.47368421052631576,-0.007103441646313168,-0.44183904118557965,0.6638681299290434,1.0
stability,0.002840893983637949,0.142361502539962,0.8883758619796605,19,0.42105263157894735,0.0034172633794265933,0.17269552200651805,0.8648177655032329,1.0
neg_beta_cv,0.01856992113155047,0.8308195776077901,0.41696026757165267,19,0.47368421052631576,0.018790410642968845,0.829731596537309,0.41755933385499155,1.0
ret_corr,0.010859162284935156,0.6689553493654895,0.5120131603131085,19,0.47368421052631576,0.008693464937987777,0.5328963393911357,0.6006233436777845,1.0
