metric,outcome,Q1,Q2,Q3,Q4,Q5,Q5_minus_Q1,t,p
coint_strength,net,-0.14046332272196563,-0.07669368284566298,-0.196170323063639,-0.06910484550397007,-0.28056818373223874,-0.140104861010273,-0.15683416762567298,0.8771212775904839
coint_strength,gross,0.13231822185618722,0.14348338027602542,0.03258017386821338,0.20224884491592318,0.0009185035496559702,-0.13139971830653122,-0.14731123024216464,0.8845238587138052
neglog10_p,net,-0.14046332272196563,-0.07669368284566298,-0.196170323063639,-0.06910484550397007,-0.28056818373223874,-0.140104861010273,-0.15683416762567298,0.8771212775904839
neglog10_p,gross,0.13231822185618722,0.14348338027602542,0.03258017386821338,0.20224884491592318,0.0009185035496559702,-0.13139971830653122,-0.14731123024216464,0.8845238587138052
fast_reversion,net,-0.18201212169967915,0.23528705954609797,-0.19334390731521434,-0.13538295798027863,-0.5057868026007629,-0.3237746809010838,-0.4317147893040816,0.6710754748096002
fast_reversion,gross,0.04087542971982152,0.4556391901334417,0.041939578570922675,0.13483976282124416,-0.18458549592111853,-0.22546092564093997,-0.3054421528845059,0.7635334660636973
crossings_per_year,net,0.1944466018332095,-0.06830196070900166,-0.11457458299325993,-0.3435273001673767,-0.4425073880742139,-0.6369539899074235,-1.7768065413114138,0.09250362142631464
crossings_per_year,gross,0.36430251590241125,0.15340065699680983,0.14733152340741906,-0.04934312402874134,-0.11483437778492431,-0.4791368936873356,-1.416302228321126,0.1737602698732614
entries_per_year,net,0.17735281905796949,-0.06522292120640244,-0.2119320418195639,-0.28275186054052764,-0.3509723688344152,-0.5283251878923847,-1.2216835413377107,0.23758661281648288
entries_per_year,gross,0.3835832495752582,0.16287871207390997,0.042955755095758136,-0.0019776972338891746,-0.044060902910405354,-0.42764415248566356,-0.970522274662706,0.3446479173239571
gross_bps_per_trade,net,-0.20206650715044389,-0.43526103606746397,-0.43515819848963067,0.038826920641286566,0.27071278699456797,0.4727792941450119,0.5479386852095958,0.5904650685371715
gross_bps_per_trade,gross,0.04864230781115435,-0.1933547711160327,-0.19305189304108422,0.3020434708406626,0.5473437982552953,0.498701490444141,0.5750921696445846,0.5723481821299568
cost_bps_per_trade,net,-0.4392257914733899,-0.07191683709991627,-0.10317648472526568,0.10634054912822871,-0.2730081437357635,0.16621764773762648,0.2769709200627539,0.7849580270438351
cost_bps_per_trade,gross,-0.1695193972494683,0.16595086803422224,0.11331915744713249,0.33961291156326356,0.039579894472076896,0.20909929172154512,0.34131887432113783,0.7368155741942994
net_bps_per_trade,net,-0.19917031151699308,-0.43095928840411335,-0.4610604105332264,-0.003754660386124159,0.3140886791310668,0.5132589906480601,0.6081718792747409,0.5506711194359535
net_bps_per_trade,gross,0.052070284318322176,-0.189110568300183,-0.21828810942159657,0.26022091617055976,0.5841667871842231,0.5320965028659009,0.6279459016384589,0.5379255141180961
edge_ratio,net,-0.18100138528687346,-0.17616990879176586,-0.5236625525798168,-0.2829502317955527,0.3830926391667737,0.5640940244536471,0.9351899493518181,0.3620681354036876
edge_ratio,gross,0.10842223474086303,0.06867529080332278,-0.2748660742882566,-0.028027683246668336,0.6150002372965357,0.5065780025556725,0.8438676428993537,0.4098186299095005
net_edge_bps_per_year,net,0.19373877154066924,0.01835831572649145,-0.37254575213501834,-0.4734098085265515,-0.1473264850219337,-0.34106525656260295,-0.6831551643064605,0.5032079635833439
net_edge_bps_per_year,gross,0.3964050964270081,0.25216933461600477,-0.12580907797873037,-0.21167860955635448,0.1776850553284449,-0.21872004109856316,-0.43848945890841445,0.6662489725284975
stability,net,-0.20453754272818592,0.2284680050286637,-0.9293498754945151,-0.1415537767268036,,,,
stability,gross,0.07425369556953673,0.5195780642017235,-0.6817405834151915,0.10517751059727037,,,,
neg_beta_cv,net,-0.3179229790403847,-0.08604897862293485,-0.0996068491005921,-0.21777823133650548,-0.04148682977030574,0.2764361492700789,0.34548784072834016,0.7337324029226294
neg_beta_cv,gross,-0.019424795634915906,0.1828146521856001,0.1370146173549251,0.015881394678694087,0.19539706806643825,0.21482186370135412,0.2645107799527559,0.7943913417257642
ret_corr,net,-0.5068902916927148,0.0013245233470736285,-0.11020365001567543,0.008444387821359782,-0.15535219948892104,0.35153809220379373,0.9074831220851544,0.37614083950968447
ret_corr,gross,-0.13903272544646622,0.2370718155235955,0.11017962084217042,0.23059654915582506,0.07297315094052999,0.21200587638699625,0.5573474785836109,0.5841551017531873
