outcome,metric,spec,coef_pct_per_1sd,t,p,n
net,coint_strength,univariate,-0.018540519309371353,-0.06125328181291489,0.9511574966077387,107749
net,neglog10_p,univariate,-0.10039446997627736,-0.38439800791263434,0.7006834767803506,107749
net,fast_reversion,univariate,-0.004381576224134298,-0.0168985622949165,0.9865175397265634,106905
net,crossings_per_year,univariate,-0.20347040330045604,-1.4693782220360974,0.14173023088908318,107749
net,entries_per_year,univariate,-0.19534148843831217,-1.17062743733078,0.24174856373909925,107749
net,gross_bps_per_trade,univariate,0.11032414905950075,0.40126162588822123,0.6882275131708173,107749
net,cost_bps_per_trade,univariate,-0.13431149917534896,-1.3338644639134472,0.1822482796027376,106905
net,net_bps_per_trade,univariate,0.10206663149602374,0.39331907820945766,0.6940838290244358,106905
net,edge_ratio,univariate,0.2673839536540491,1.0738435709333396,0.282892797991673,106905
net,net_edge_bps_per_year,univariate,-0.07930331032562468,-0.39292586412859276,0.6943742380034141,106905
net,stability,univariate,-0.033406144303008575,-0.14535664803609794,0.8844292909250155,107749
net,neg_beta_cv,univariate,-0.11002531257104242,-1.694562922636792,0.09015836570209068,107749
net,ret_corr,univariate,0.1188003805715563,0.8177125504442114,0.41352134235489124,107749
net,coint_strength,joint,-0.06357762365962935,-0.1281568368732732,0.8980248575086749,106905
net,fast_reversion,joint,0.1633342234714176,0.5326790461412916,0.5942557734541978,106905
net,crossings_per_year,joint,-0.2793971917939621,-1.2260822523863453,0.22016772380461347,106905
net,edge_ratio,joint,0.24787017542929768,0.7112805425864046,0.47691040647712346,106905
net,stability,joint,-0.018113986927678547,-0.09145733951066395,0.9271292022593707,106905
gross,coint_strength,univariate,-0.015823620789803733,-0.052410328352164116,0.9582017445941289,107749
gross,neglog10_p,univariate,-0.08630577718686387,-0.32928517025617005,0.7419401521055714,107749
gross,fast_reversion,univariate,0.017178491389655208,0.06776819198317037,0.9459701646519547,106905
gross,crossings_per_year,univariate,-0.147099328080837,-1.1243587652499032,0.2608608576244158,107749
gross,entries_per_year,univariate,-0.15819536276478546,-0.9439277670542003,0.3452065615419867,107749
gross,gross_bps_per_trade,univariate,0.11312300423777777,0.4102989472032939,0.68158666428237,107749
gross,cost_bps_per_trade,univariate,-0.12457597638294121,-1.2673225070118788,0.20503999596975508,106905
gross,net_bps_per_trade,univariate,0.1022828575845053,0.39300139026469305,0.6943184545545044,106905
gross,edge_ratio,univariate,0.24979380901969347,1.002398570226463,0.31615113240180914,106905
gross,net_edge_bps_per_year,univariate,-0.038536280838615385,-0.19068174165335802,0.8487749442681753,106905
gross,stability,univariate,-0.044166936549540396,-0.1913408142463969,0.8482585866104213,107749
gross,neg_beta_cv,univariate,-0.11095347237972907,-1.6834278070570623,0.09229230397758807,107749
gross,ret_corr,univariate,0.0763982411453381,0.5342439217796465,0.5931727849497174,107749
gross,coint_strength,joint,-0.12832750680166635,-0.25229633590146117,0.8008120200801071,106905
gross,fast_reversion,joint,0.20545602074131214,0.6977886381212351,0.485309385632244,106905
gross,crossings_per_year,joint,-0.20580469504049523,-0.91686814033306,0.3592117406818136,106905
gross,edge_ratio,joint,0.23848550263249704,0.6886055961525311,0.4910714984688286,106905
gross,stability,joint,-0.0402910078735669,-0.2033788770822498,0.8388389084447718,106905
